time_s,command_linear_mps,command_angular_radps,command_age_s,actual_linear_mps,actual_angular_radps,left_wheel_mps,right_wheel_mps,left_tick,right_tick,x_m,y_m
0.0,0.0,0.0,,0.0,0.0,0.0,0.0,,,0.0,-0.8
0.008875847,0.0,0.0,,0.0,0.0,0.0,0.0,,,0.0,-0.8
0.05029583,0.0,0.0,,0.0,0.0,0.0,0.0,,,0.0,-0.8
0.095849038,0.0,0.0,,0.0,0.0,0.0,0.0,,,0.0,-0.8
0.108836413,0.0,0.0,,0.0,0.0,0.0,0.0,,,0.0,-0.8
0.155388594,0.0,0.0,,0.0,0.0,0.0,0.0,10775551,11174203,0.0,-0.8
0.195530653,0.0,0.0,,0.0,0.0,0.0,0.0,10775551,11174203,0.0,-0.8
0.208818198,0.0,0.0,,0.0,0.0,0.0,0.0,10775551,11174203,0.0,-0.8
0.259545327,0.0,0.0,,0.0,0.0,0.0,0.0,10775551,11174203,0.0,-0.8
0.308811903,0.0,0.0,,0.0,0.0,0.0,0.0,10775551,11174203,0.0,-0.8
0.332105875,0.0,0.0,,0.0,0.0,0.0,0.0,10775551,11174203,0.0,-0.8
0.343895197,0.0,0.0,,0.0,0.0,0.0,0.0,10775551,11174203,0.0,-0.8
0.403539181,0.0,0.0,,0.0,0.0,0.0,0.0,10775551,11174203,0.0,-0.8
0.408762455,0.0,0.0,,0.0,0.0,0.0,0.0,10775551,11174203,0.0,-0.8
0.44956398,0.0,0.0,,0.0,0.0,0.0,0.0,10775551,11174203,0.0,-0.8
0.508838654,0.0,0.0,,0.0,0.0,0.0,0.0,10775551,11174203,0.0,-0.8
0.515253783,0.0,0.0,,0.0,0.0,0.0,0.0,10775551,11174203,0.0,-0.8
0.545882941,0.0,0.0,,0.0,0.0,0.0,0.0,10775551,11174203,0.0,-0.8
0.60885787,0.0,0.0,,0.0,0.0,0.0,0.0,10775551,11174203,0.0,-0.8
0.614610434,0.0,0.0,,0.0,0.0,0.0,0.0,10775551,11174203,0.0,-0.8
0.663295269,0.0,0.0,,0.0,0.0,0.0,0.0,10775551,11174203,0.0,-0.8
0.692464829,0.0,0.0,,0.0,0.0,0.0,0.0,10775551,11174203,0.0,-0.8
0.708834887,0.0,0.0,,0.0,0.0,0.0,0.0,10775551,11174203,0.0,-0.8
0.743531943,0.0,0.0,,0.0,0.0,0.0,0.0,10775551,11174203,0.0,-0.8
0.799978495,0.0,0.0,,0.0,0.0,0.0,0.0,10775551,11174203,0.0,-0.8
0.809438944,0.0,0.0,,0.0,0.0,0.0,0.0,10775551,11174203,0.0,-0.8
0.847238064,0.0,0.0,,0.0,0.0,0.0,0.0,10775551,11174203,0.0,-0.8
0.903417111,0.0,0.0,,0.0,0.0,0.0,0.0,10775551,11174203,0.0,-0.8
0.908766032,0.0,0.0,,0.0,0.0,0.0,0.0,10775551,11174203,0.0,-0.8
0.962672234,0.0,0.0,,0.0,0.0,0.0,0.0,10775551,11174203,0.0,-0.8
0.996121645,0.0,0.0,,0.0,0.0,0.0,0.0,10775551,11174203,0.0,-0.8
1.00890255,0.0,0.0,,0.0,0.0,0.0,0.0,10775551,11174203,0.0,-0.8
1.05188036,0.0,0.0,,0.0,0.0,0.0,0.0,10775551,11174203,0.0,-0.8
1.108799458,0.0,0.0,,0.0,0.0,0.0,0.0,10775551,11174203,0.0,-0.8
1.123590231,0.0,0.0,,0.0,0.0,0.0,0.0,10775551,11174203,0.0,-0.8
1.19140172,0.0,0.0,,0.0,0.0,0.0,0.0,10775551,11174203,0.0,-0.8
1.195937634,0.0,0.0,,0.0,0.0,0.0,0.0,10775551,11174203,0.0,-0.8
1.208820582,0.0,0.0,,0.0,0.0,0.0,0.0,10775551,11174203,0.0,-0.8
1.268120051,0.0,0.0,,0.0,0.0,0.0,0.0,10775551,11174203,0.0,-0.8
1.308813572,0.0,0.0,,0.0,0.0,0.0,0.0,10775551,11174203,0.0,-0.8
1.326684237,0.0,0.0,,0.0,0.0,0.0,0.0,10775551,11174203,0.0,-0.8
1.3444376,0.0,0.0,,0.0,0.0,0.0,0.0,10775551,11174203,0.0,-0.8
1.40716815,0.0,0.0,,0.0,0.0,0.0,0.0,10775551,11174203,0.0,-0.8
1.409986735,0.0,0.0,,0.0,0.0,0.0,0.0,10775551,11174203,0.0,-0.8
1.463760376,0.0,0.0,,0.0,0.0,0.0,0.0,10775551,11174203,0.0,-0.8
1.493069172,0.0,0.0,,0.0,0.0,0.0,0.0,10775551,11174203,0.0,-0.8
1.5091812610000002,0.0,0.0,,0.0,0.0,0.0,0.0,10775551,11174203,0.0,-0.8
1.5488543510000001,0.0,0.0,,0.0,0.0,0.0,0.0,10775551,11174203,0.0,-0.8
1.604418993,0.0,0.0,,0.0,0.0,0.0,0.0,10775551,11174203,0.0,-0.8
1.6088304519999999,0.0,0.0,,0.0,0.0,0.0,0.0,10775551,11174203,0.0,-0.8
1.6713514329999999,0.0,0.0,,0.0,0.0,0.0,0.0,10775551,11174203,0.0,-0.8
1.694368124,0.0,0.0,,0.0,0.0,0.0,0.0,10775551,11174203,0.0,-0.8
1.708821297,0.0,0.0,,0.0,0.0,0.0,0.0,10775551,11174203,0.0,-0.8
1.751675129,0.0,0.0,,0.0,0.0,0.0,0.0,10775551,11174203,0.0,-0.8
1.80871439,0.0,0.0,,0.0,0.0,0.0,0.0,10775551,11174203,0.0,-0.8
1.832259417,0.0,0.0,,0.0,0.0,0.0,0.0,10775551,11174203,0.0,-0.8
1.8465945719999999,0.0,0.0,,0.0,0.0,0.0,0.0,10775551,11174203,0.0,-0.8
1.907746077,0.0,0.0,,0.0,0.0,0.0,0.0,10775551,11174203,0.0,-0.8
1.9093499189999998,0.0,0.0,,0.0,0.0,0.0,0.0,10775551,11174203,0.0,-0.8
1.9476809510000002,0.0,0.0,,0.0,0.0,0.0,0.0,10775551,11174203,0.0,-0.8
1.994413138,0.0,0.0,,0.0,0.0,0.0,0.0,10775551,11174203,0.0,-0.8
2.008874178,0.0,0.0,,0.0,0.0,0.0,0.0,10775551,11174203,0.0,-0.8
2.059667111,0.0,0.0,,0.0,0.0,0.0,0.0,10775551,11174203,0.0,-0.8
2.107805491,0.0,0.0,,0.0,0.0,0.0,0.0,10775551,11174203,0.0,-0.8
2.109996081,0.0,0.0,,0.0,0.0,0.0,0.0,10775551,11174203,0.0,-0.8
2.144430399,0.0,0.0,,0.0,0.0,0.0,0.0,10775551,11174203,0.0,-0.8
2.199535132,0.0,0.0,,0.0,0.0,0.0,0.0,10775551,11174203,0.0,-0.8
2.208798409,0.0,0.0,,0.0,0.0,0.0,0.0,10775551,11174203,0.0,-0.8
2.268342495,0.0,0.0,,0.0,0.0,0.0,0.0,10775551,11174203,0.0,-0.8
2.308819533,0.0,0.0,,0.0,0.0,0.0,0.0,10775551,11174203,0.0,-0.8
2.323299647,0.0,0.0,,0.0,0.0,0.0,0.0,10775551,11174203,0.0,-0.8
2.340821505,0.0,0.0,,0.0,0.0,0.0,0.0,10775551,11174203,0.0,-0.8
2.408837796,0.0,0.0,,0.0,0.0,0.0,0.0,10775551,11174203,0.0,-0.8
2.416057825,0.0,0.0,,0.0,0.0,0.0,0.0,10775551,11174203,0.0,-0.8
2.461322308,0.0,0.0,,0.0,0.0,0.0,0.0,10775551,11174203,0.0,-0.8
2.4978976250000002,0.0,0.0,,0.0,0.0,0.0,0.0,10775551,11174203,0.0,-0.8
2.5087740419999998,0.0,0.0,,0.0,0.0,0.0,0.0,10775551,11174203,0.0,-0.8
2.556834221,0.0,0.0,,0.0,0.0,0.0,0.0,10775551,11174203,0.0,-0.8
2.608870983,0.0,0.0,,0.0,0.0,0.0,0.0,10775551,11174203,0.0,-0.8
2.6164281369999998,0.0,0.0,,0.0,0.0,0.0,0.0,10775551,11174203,0.0,-0.8
2.660133601,0.0,0.0,,0.0,0.0,0.0,0.0,10775551,11174203,0.0,-0.8
2.692047119,0.0,0.0,,0.0,0.0,0.0,0.0,10775551,11174203,0.0,-0.8
2.708874226,0.0,0.0,,0.0,0.0,0.0,0.0,10775551,11174203,0.0,-0.8
2.759806156,0.0,0.0,,0.0,0.0,0.0,0.0,10775551,11174203,0.0,-0.8
2.807456494,0.0,0.0,,0.0,0.0,0.0,0.0,10775551,11174203,0.0,-0.8
2.8094589709999997,0.0,0.0,,0.0,0.0,0.0,0.0,10775551,11174203,0.0,-0.8
2.841118098,0.0,0.0,,0.0,0.0,0.0,0.0,10775551,11174203,0.0,-0.8
2.907872916,0.0,0.0,,0.0,0.0,0.0,0.0,10775551,11174203,0.0,-0.8
2.9166979790000003,0.0,0.0,,0.0,0.0,0.0,0.0,10775551,11174203,0.0,-0.8
2.997726202,0.0,0.0,,0.0,0.0,0.0,0.0,10775551,11174203,0.0,-0.8
3.004819393,0.0,0.0,,0.0,0.0,0.0,0.0,10775551,11174203,0.0,-0.8
3.010550022,0.0,0.0,,0.0,0.0,0.0,0.0,10775551,11174203,0.0,-0.8
3.079508782,0.0,0.0,,0.0,0.0,0.0,0.0,10775551,11174203,0.0,-0.8
3.094351292,0.0,0.0,,0.0,0.0,0.0,0.0,10775551,11174203,0.0,-0.8
3.108832121,0.0,0.0,,0.0,0.0,0.0,0.0,10775551,11174203,0.0,-0.8
3.144118309,0.0,0.0,,0.0,0.0,0.0,0.0,10775551,11174203,0.0,-0.8
3.208850146,0.0,0.0,,0.0,0.0,0.0,0.0,10775551,11174203,0.0,-0.8
3.215903998,0.0,0.0,,0.0,0.0,0.0,0.0,10775551,11174203,0.0,-0.8
3.260645628,0.0,0.0,,0.0,0.0,0.0,0.0,10775551,11174203,0.0,-0.8
3.296905995,0.0,0.0,,0.0,0.0,0.0,0.0,10775551,11174203,0.0,-0.8
3.308814764,0.0,0.0,,0.0,0.0,0.0,0.0,10775551,11174203,0.0,-0.8
3.351408244,0.0,0.0,,0.0,0.0,0.0,0.0,10775551,11174203,0.0,-0.8
3.408876658,0.0,0.0,,0.0,0.0,0.0,0.0,10775551,11174203,0.0,-0.8
3.426953554,0.0,0.0,,0.0,0.0,0.0,0.0,10775551,11174203,0.0,-0.8
3.4992315769999998,0.0,0.0,,0.0,0.0,0.0,0.0,10775551,11174203,0.0,-0.8
3.5010924340000003,0.0,0.0,,0.0,0.0,0.0,0.0,10775551,11174203,0.0,-0.8
3.508860827,0.0,0.0,,0.0,0.0,0.0,0.0,10775551,11174203,0.0,-0.8
3.5725491050000002,0.0,0.0,,0.0,0.0,0.0,0.0,10775551,11174203,0.0,-0.8
3.608830691,0.0,0.0,,0.0,0.0,0.0,0.0,10775551,11174203,0.0,-0.8
3.639994145,0.0,0.0,,0.0,0.0,0.0,0.0,10775551,11174203,0.0,-0.8
3.655536414,0.0,0.0,,0.0,0.0,0.0,0.0,10775551,11174203,0.0,-0.8
3.708938599,0.0,0.0,,0.0,0.0,0.0,0.0,10775551,11174203,0.0,-0.8
3.719720364,0.0,0.0,,0.0,0.0,0.0,0.0,10775551,11174203,0.0,-0.8
3.74103427,0.0,0.0,,0.0,0.0,0.0,0.0,10775551,11174203,0.0,-0.8
3.808820725,0.0,0.0,,0.0,0.0,0.0,0.0,10775551,11174203,0.0,-0.8
3.820127488,0.0,0.0,,0.0,0.0,0.0,0.0,10775551,11174203,0.0,-0.8
3.851830244,0.0,0.0,,0.0,0.0,0.0,0.0,10775551,11174203,0.0,-0.8
3.896328211,0.0,0.0,,0.0,0.0,0.0,0.0,10775551,11174203,0.0,-0.8
3.90896225,0.0,0.0,,0.0,0.0,0.0,0.0,10775551,11174203,0.0,-0.8
3.956294299,0.0,0.0,,0.0,0.0,0.0,0.0,10775551,11174203,0.0,-0.8
4.008829356,0.0,0.0,,0.0,0.0,0.0,0.0,10775551,11174203,0.0,-0.8
4.029590369,0.0,0.0,,0.0,0.0,0.0,0.0,10775551,11174203,0.0,-0.8
4.045691729,0.0,0.0,,0.0,0.0,0.0,0.0,10775551,11174203,0.0,-0.8
4.09675026,0.0,0.0,,0.0,0.0,0.0,0.0,10775551,11174203,0.0,-0.8
4.108800173,0.0,0.0,,0.0,0.0,0.0,0.0,10775551,11174203,0.0,-0.8
4.175706148,0.0,0.0,,0.0,0.0,0.0,0.0,10775551,11174203,0.0,-0.8
4.194669962,0.0,0.0,,0.0,0.0,0.0,0.0,10775551,11174203,0.0,-0.8
4.208828926,0.0,0.0,,0.0,0.0,0.0,0.0,10775551,11174203,0.0,-0.8
4.244301558,0.0,0.0,,0.0,0.0,0.0,0.0,10775551,11174203,0.0,-0.8
4.301119805,0.0,0.0,,0.0,0.0,0.0,0.0,10775551,11174203,0.0,-0.8
4.310441017,0.0,0.0,,0.0,0.0,0.0,0.0,10775551,11174203,0.0,-0.8
4.360643864,0.0,0.0,,0.0,0.0,0.0,0.0,10775551,11174203,0.0,-0.8
4.395425797,0.0,0.0,,0.0,0.0,0.0,0.0,10775551,11174203,0.0,-0.8
4.40883255,0.0,0.0,,0.0,0.0,0.0,0.0,10775551,11174203,0.0,-0.8
4.456201077,0.0,0.0,,0.0,0.0,0.0,0.0,10775551,11174203,0.0,-0.8
4.508879423,0.0,0.0,,0.0,0.0,0.0,0.0,10775551,11174203,0.0,-0.8
4.524435997,0.0,0.0,,0.0,0.0,0.0,0.0,10775551,11174203,0.0,-0.8
4.541060925,0.0,0.0,,0.0,0.0,0.0,0.0,10775551,11174203,0.0,-0.8
4.594546795,0.0,0.0,,0.0,0.0,0.0,0.0,10775551,11174203,0.0,-0.8
4.60880208,0.0,0.0,,0.0,0.0,0.0,0.0,10775551,11174203,0.0,-0.8
4.671662569,0.0,0.0,,0.0,0.0,0.0,0.0,10775551,11174203,0.0,-0.8
4.690922499,0.0,0.0,,0.0,0.0,0.0,0.0,10775551,11174203,0.0,-0.8
4.709096194,0.0,0.0,,0.0,0.0,0.0,0.0,10775551,11174203,0.0,-0.8
4.751486302,0.0,0.0,,0.0,0.0,0.0,0.0,10775551,11174203,0.0,-0.8
4.808805943,0.0,0.0,,0.0,0.0,0.0,0.0,10775551,11174203,0.0,-0.8
4.819445372,0.0,0.0,,0.0,0.0,0.0,0.0,10775551,11174203,0.0,-0.8
4.85178423,0.0,0.0,,0.0,0.0,0.0,0.0,10775551,11174203,0.0,-0.8
4.898492098,0.0,0.0,,0.0,0.0,0.0,0.0,10775551,11174203,0.0,-0.8
4.908861637,0.0,0.0,,0.0,0.0,0.0,0.0,10775551,11174203,0.0,-0.8
4.9721741680000004,0.0,0.0,,0.0,0.0,0.0,0.0,10775551,11174203,0.0,-0.8
5.008804083,0.0,0.0,,0.0,0.0,0.0,0.0,10775551,11174203,0.0,-0.8
5.024322272,0.0,0.0,,0.0,0.0,0.0,0.0,10775551,11174203,0.0,-0.8
5.047737599,0.0,0.0,,0.0,0.0,0.0,0.0,10775551,11174203,0.0,-0.8
5.108798504,0.0,0.0,,0.0,0.0,0.0,0.0,10775551,11174203,0.0,-0.8
5.122874022,0.0,0.0,,0.0,0.0,0.0,0.0,10775551,11174203,0.0,-0.8
5.142044545,0.0,0.0,,0.0,0.0,0.0,0.0,10775551,11174203,0.0,-0.8
5.196057082,0.0,0.0,,0.0,0.0,0.0,0.0,10775551,11174203,0.0,-0.8
5.208696843,0.0,0.0,,0.0,0.0,0.0,0.0,10775551,11174203,0.0,-0.8
5.268479824,0.0,0.0,,0.0,0.0,0.0,0.0,10775551,11174203,0.0,-0.8
5.299761772,0.0,0.0,,0.0,0.0,0.0,0.0,10775551,11174203,0.0,-0.8
5.30880642,0.0,0.0,,0.0,0.0,0.0,0.0,10775551,11174203,0.0,-0.8
5.343292714,0.0,0.0,,0.0,0.0,0.0,0.0,10775551,11174203,0.0,-0.8
5.408805371,0.0,0.0,,0.0,0.0,0.0,0.0,10775551,11174203,0.0,-0.8
5.419718981,0.0,0.0,,0.0,0.0,0.0,0.0,10775551,11174203,0.0,-0.8
5.475925923,0.0,0.0,,0.0,0.0,0.0,0.0,10775551,11174203,0.0,-0.8
5.49400115,0.0,0.0,,0.0,0.0,0.0,0.0,10775551,11174203,0.0,-0.8
5.509422541,0.0,0.0,,0.0,0.0,0.0,0.0,10775551,11174203,0.0,-0.8
5.547958851,0.0,0.0,,0.0,0.0,0.0,0.0,10775551,11174203,0.0,-0.8
5.603875637,0.0,0.0,,0.0,0.0,0.0,0.0,10775551,11174203,0.0,-0.8
5.60875535,0.0,0.0,,0.0,0.0,0.0,0.0,10775551,11174203,0.0,-0.8
5.643202305,0.0,0.0,,0.0,0.0,0.0,0.0,10775551,11174203,0.0,-0.8
5.695767165,0.0,0.0,,0.0,0.0,0.0,0.0,10775551,11174203,0.0,-0.8
5.708849192,0.0,0.0,,0.0,0.0,0.0,0.0,10775551,11174203,0.0,-0.8
5.7639613149999995,0.0,0.0,,0.0,0.0,0.0,0.0,10775551,11174203,0.0,-0.8
5.8088305,0.0,0.0,,0.0,0.0,0.0,0.0,10775551,11174203,0.0,-0.8
5.837691784,0.0,0.0,,0.0,0.0,0.0,0.0,10775551,11174203,0.0,-0.8
5.844930411,0.0,0.0,,0.0,0.0,0.0,0.0,10775551,11174203,0.0,-0.8
5.908830881,0.0,0.0,,0.0,0.0,0.0,0.0,10775551,11174203,0.0,-0.8
5.912610293,0.0,0.0,,0.0,0.0,0.0,0.0,10775551,11174203,0.0,-0.8
5.984477997,0.0,0.0,,0.0,0.0,0.0,0.0,10775551,11174203,0.0,-0.8
5.990375519,0.0,0.0,,0.0,0.0,0.0,0.0,10775551,11174203,0.0,-0.8
6.008810044,0.0,0.0,,0.0,0.0,0.0,0.0,10775551,11174203,0.0,-0.8
6.051384926,0.0,0.0,,0.0,0.0,0.0,0.0,10775551,11174203,0.0,-0.8
6.108747721,0.0,0.0,,0.0,0.0,0.0,0.0,10775551,11174203,0.0,-0.8
6.112197638,0.0,0.0,,0.0,0.0,0.0,0.0,10775551,11174203,0.0,-0.8
6.145300627,0.0,0.0,,0.0,0.0,0.0,0.0,10775551,11174203,0.0,-0.8
6.199673891,0.0,0.0,,0.0,0.0,0.0,0.0,10775551,11174203,0.0,-0.8
6.208764315,0.0,0.0,,0.0,0.0,0.0,0.0,10775551,11174203,0.0,-0.8
6.267676592,0.0,0.0,,0.0,0.0,0.0,0.0,10775551,11174203,0.0,-0.8
6.297291279,0.0,0.0,,0.0,0.0,0.0,0.0,10775551,11174203,0.0,-0.8
6.30877328,0.0,0.0,,0.0,0.0,0.0,0.0,10775551,11174203,0.0,-0.8
6.344002486,0.0,0.0,,0.0,0.0,0.0,0.0,10775551,11174203,0.0,-0.8
6.40337348,0.0,0.0,,0.0,0.0,0.0,0.0,10775551,11174203,0.0,-0.8
6.408763886,0.0,0.0,,0.0,0.0,0.0,0.0,10775551,11174203,0.0,-0.8
6.459951163,0.0,0.0,,0.0,0.0,0.0,0.0,10775551,11174203,0.0,-0.8
6.498665095,0.0,0.0,,0.0,0.0,0.0,0.0,10775551,11174203,0.0,-0.8
6.508861065,0.0,0.0,,0.0,0.0,0.0,0.0,10775551,11174203,0.0,-0.8
6.564226389,0.0,0.0,,0.0,0.0,0.0,0.0,10775551,11174203,0.0,-0.8
6.609219313,0.0,0.0,,0.0,0.0,0.0,0.0,10775551,11174203,0.0,-0.8
6.608823538,0.0,0.0,,0.0,0.0,0.0,0.0,10775551,11174203,0.0,-0.8
6.64557004,0.0,0.0,,0.0,0.0,0.0,0.0,10775551,11174203,0.0,-0.8
6.704214812,0.0,0.0,,0.0,0.0,0.0,0.0,10775551,11174203,0.0,-0.8
6.708830595,0.0,0.0,,0.0,0.0,0.0,0.0,10775551,11174203,0.0,-0.8
6.771479369,0.0,0.0,,0.0,0.0,0.0,0.0,10775551,11174203,0.0,-0.8
6.808805466,0.0,0.0,,0.0,0.0,0.0,0.0,10775551,11174203,0.0,-0.8
6.842796088,0.0,0.0,,0.0,0.0,0.0,0.0,10775551,11174203,0.0,-0.8
6.845415831,0.0,0.0,,0.0,0.0,0.0,0.0,10775551,11174203,0.0,-0.8
6.908805132,0.0,0.0,,0.0,0.0,0.0,0.0,10775551,11174203,0.0,-0.8
6.919454337,0.0,0.0,,0.0,0.0,0.0,0.0,10775551,11174203,0.0,-0.8
6.991879225,0.0,0.0,,0.0,0.0,0.0,0.0,10775551,11174203,0.0,-0.8
6.994636536,0.0,0.0,,0.0,0.0,0.0,0.0,10775551,11174203,0.0,-0.8
7.008843422,0.0,0.0,,0.0,0.0,0.0,0.0,10775551,11174203,0.0,-0.8
7.059456826,0.0,0.0,,0.0,0.0,0.0,0.0,10775551,11174203,0.0,-0.8
7.109282732,0.0,0.0,,0.0,0.0,0.0,0.0,10775551,11174203,0.0,-0.8
7.110358715,0.0,0.0,,0.0,0.0,0.0,0.0,10775551,11174203,0.0,-0.8
7.143882513,0.0,0.0,,0.0,0.0,0.0,0.0,10775551,11174203,0.0,-0.8
7.196396113,0.0,0.0,,0.0,0.0,0.0,0.0,10775551,11174203,0.0,-0.8
7.2087945940000004,0.0,0.0,,0.0,0.0,0.0,0.0,10775551,11174203,0.0,-0.8
7.263933897,0.0,0.0,,0.0,0.0,0.0,0.0,10775551,11174203,0.0,-0.8
7.308782339,0.0,0.0,,0.0,0.0,0.0,0.0,10775551,11174203,0.0,-0.8
7.3353376390000005,0.0,0.0,,0.0,0.0,0.0,0.0,10775551,11174203,0.0,-0.8
7.340361357,0.0,0.0,,0.0,0.0,0.0,0.0,10775551,11174203,0.0,-0.8
7.408848286,0.0,0.0,,0.0,0.0,0.0,0.0,10775551,11174203,0.0,-0.8
7.411520481,0.0,0.0,,0.0,0.0,0.0,0.0,10775551,11174203,0.0,-0.8
7.491918087,0.0,0.0,,0.0,0.0,0.0,0.0,10775551,11174203,0.0,-0.8
7.495326996,0.0,0.0,,0.0,0.0,0.0,0.0,10775551,11174203,0.0,-0.8
7.508935929,0.0,0.0,,0.0,0.0,0.0,0.0,10775551,11174203,0.0,-0.8
7.575714827,0.0,0.0,,0.0,0.0,0.0,0.0,10775551,11174203,0.0,-0.8
7.592900992,0.0,0.0,,0.0,0.0,0.0,0.0,10775551,11174203,0.0,-0.8
7.608788014,0.0,0.0,,0.0,0.0,0.0,0.0,10775551,11174203,0.0,-0.8
7.651813984,0.0,0.0,,0.0,0.0,0.0,0.0,10775551,11174203,0.0,-0.8
7.70881486,0.0,0.0,,0.0,0.0,0.0,0.0,10775551,11174203,0.0,-0.8
7.727656603,0.0,0.0,,0.0,0.0,0.0,0.0,10775551,11174203,0.0,-0.8
7.743089676,0.0,0.0,,0.0,0.0,0.0,0.0,10775551,11174203,0.0,-0.8
7.795726538,0.0,0.0,,0.0,0.0,0.0,0.0,10775551,11174203,0.0,-0.8
7.808797598,0.0,0.0,,0.0,0.0,0.0,0.0,10775551,11174203,0.0,-0.8
7.863839627,0.0,0.0,,0.0,0.0,0.0,0.0,10775551,11174203,0.0,-0.8
7.909099579,0.0,0.0,,0.0,0.0,0.0,0.0,10775551,11174203,0.0,-0.8
7.931996584,0.0,0.0,,0.0,0.0,0.0,0.0,10775551,11174203,0.0,-0.8
7.9450399879999996,0.0,0.0,,0.0,0.0,0.0,0.0,10775551,11174203,0.0,-0.8
8.003504992,0.0,0.0,,0.0,0.0,0.0,0.0,10775551,11174203,0.0,-0.8
8.008741141,0.0,0.0,,0.0,0.0,0.0,0.0,10775551,11174203,0.0,-0.8
8.075404644,0.0,0.0,,0.0,0.0,0.0,0.0,10775551,11174203,0.0,-0.8
8.094510079,0.0,0.0,,0.0,0.0,0.0,0.0,10775551,11174203,0.0,-0.8
8.1088202,0.0,0.0,,0.0,0.0,0.0,0.0,10775551,11174203,0.0,-0.8
8.151632786,0.0,0.0,,0.0,0.0,0.0,0.0,10775551,11174203,0.0,-0.8
8.208841086,0.0,0.0,,0.0,0.0,0.0,0.0,10775551,11174203,0.0,-0.8
8.227716208,0.0,0.0,,0.0,0.0,0.0,0.0,10775551,11174203,0.0,-0.8
8.243935824,0.0,0.0,,0.0,0.0,0.0,0.0,10775551,11174203,0.0,-0.8
8.303761483,0.0,0.0,,0.0,0.0,0.0,0.0,10775551,11174203,0.0,-0.8
8.308833361,0.0,0.0,,0.0,0.0,0.0,0.0,10775551,11174203,0.0,-0.8
8.371944905,0.0,0.0,,0.0,0.0,0.0,0.0,10775551,11174203,0.0,-0.8
8.408835173,0.0,0.0,,0.0,0.0,0.0,0.0,10775551,11174203,0.0,-0.8
8.443217516,0.0,0.0,,0.0,0.0,0.0,0.0,10775551,11174203,0.0,-0.8
8.446596861,0.0,0.0,,0.0,0.0,0.0,0.0,10775551,11174203,0.0,-0.8
8.491737843,0.0,0.0,,0.0,0.0,0.0,0.0,10775551,11174203,0.0,-0.8
8.508818627,0.0,0.0,,0.0,0.0,0.0,0.0,10775551,11174203,0.0,-0.8
8.587367773,0.0,0.0,,0.0,0.0,0.0,0.0,10775551,11174203,0.0,-0.8
8.594913006,0.0,0.0,,0.0,0.0,0.0,0.0,10775551,11174203,0.0,-0.8
8.608780623,0.0,0.0,,0.0,0.0,0.0,0.0,10775551,11174203,0.0,-0.8
8.656366587,0.0,0.0,,0.0,0.0,0.0,0.0,10775551,11174203,0.0,-0.8
8.708943129,0.0,0.0,,0.0,0.0,0.0,0.0,10775551,11174203,0.0,-0.8
8.731556177,0.0,0.0,,0.0,0.0,0.0,0.0,10775551,11174203,0.0,-0.8
8.747482539,0.0,0.0,,0.0,0.0,0.0,0.0,10775551,11174203,0.0,-0.8
8.79958272,0.0,0.0,,0.0,0.0,0.0,0.0,10775551,11174203,0.0,-0.8
8.809286595,0.0,0.0,,0.0,0.0,0.0,0.0,10775551,11174203,0.0,-0.8
8.883503199,0.0,0.0,,0.0,0.0,0.0,0.0,10775551,11174203,0.0,-0.8
8.894270659,0.0,0.0,,0.0,0.0,0.0,0.0,10775551,11174203,0.0,-0.8
8.908777953,0.0,0.0,,0.0,0.0,0.0,0.0,10775551,11174203,0.0,-0.8
8.955918312,0.0,0.0,,0.0,0.0,0.0,0.0,10775551,11174203,0.0,-0.8
9.008831025,0.0,0.0,,0.0,0.0,0.0,0.0,10775551,11174203,0.0,-0.8
9.027619124,0.0,0.0,,0.0,0.0,0.0,0.0,10775551,11174203,0.0,-0.8
9.044918061,0.0,0.0,,0.0,0.0,0.0,0.0,10775551,11174203,0.0,-0.8
9.107786656,0.0,0.0,,0.0,0.0,0.0,0.0,10775551,11174203,0.0,-0.8
9.109339714,0.0,0.0,,0.0,0.0,0.0,0.0,10775551,11174203,0.0,-0.8
9.187143803,0.0,0.0,,0.0,0.0,0.0,0.0,10775551,11174203,0.0,-0.8
9.193732739,0.0,0.0,,0.0,0.0,0.0,0.0,10775551,11174203,0.0,-0.8
9.208771229,0.0,0.0,,0.0,0.0,0.0,0.0,10775551,11174203,0.0,-0.8
9.259548903,0.0,0.0,,0.0,0.0,0.0,0.0,10775551,11174203,0.0,-0.8
9.308783532,0.0,0.0,,0.0,0.0,0.0,0.0,10775551,11174203,0.0,-0.8
9.327299357,0.0,0.0,,0.0,0.0,0.0,0.0,10775551,11174203,0.0,-0.8
9.343632222,0.0,0.0,,0.0,0.0,0.0,0.0,10775551,11174203,0.0,-0.8
9.407822371,0.0,0.0,,0.0,0.0,0.0,0.0,10775551,11174203,0.0,-0.8
9.409332991,0.0,0.0,,0.0,0.0,0.0,0.0,10775551,11174203,0.0,-0.8
9.483516693,0.0,0.0,,0.0,0.0,0.0,0.0,10775551,11174203,0.0,-0.8
9.493021012,0.0,0.0,,0.0,0.0,0.0,0.0,10775551,11174203,0.0,-0.8
9.508786202,0.0,0.0,,0.0,0.0,0.0,0.0,10775551,11174203,0.0,-0.8
9.551786185,0.0,0.0,,0.0,0.0,0.0,0.0,10775551,11174203,0.0,-0.8
9.608834982,0.0,0.0,,0.0,0.0,0.0,0.0,10775551,11174203,0.0,-0.8
9.627285958,0.0,0.0,,0.0,0.0,0.0,0.0,10775551,11174203,0.0,-0.8
9.642790795,0.0,0.0,,0.0,0.0,0.0,0.0,10775551,11174203,0.0,-0.8
9.708819628,0.0,0.0,,0.0,0.0,0.0,0.0,10775551,11174203,0.0,-0.8
9.710184813,0.0,0.0,,0.0,0.0,0.0,0.0,10775551,11174203,0.0,-0.8
9.779340983,0.0,0.0,,0.0,0.0,0.0,0.0,10775551,11174203,0.0,-0.8
9.792399407,0.0,0.0,,0.0,0.0,0.0,0.0,10775551,11174203,0.0,-0.8
9.808799029,0.0,0.0,,0.0,0.0,0.0,0.0,10775551,11174203,0.0,-0.8
9.860063553,0.0,0.0,,0.0,0.0,0.0,0.0,10775551,11174203,0.0,-0.8
9.908820629000001,0.0,0.0,,0.0,0.0,0.0,0.0,10775551,11174203,0.0,-0.8
9.939276696,0.0,0.0,,0.0,0.0,0.0,0.0,10775551,11174203,0.0,-0.8
9.942464829,0.0,0.0,,0.0,0.0,0.0,0.0,10775551,11174203,0.0,-0.8
10.007664681,0.0,0.0,,0.0,0.0,0.0,0.0,10775551,11174203,0.0,-0.8
10.009021759,0.0,0.0,,0.0,0.0,0.0,0.0,10775551,11174203,0.0,-0.8
10.079463482,0.0,0.0,,0.0,0.0,0.0,0.0,10775551,11174203,0.0,-0.8
10.092584372,0.0,0.0,,0.0,0.0,0.0,0.0,10775551,11174203,0.0,-0.8
10.108831406,0.0,0.0,,0.0,0.0,0.0,0.0,10775551,11174203,0.0,-0.8
10.15184784,0.0,0.0,,0.0,0.0,0.0,0.0,10775551,11174203,0.0,-0.8
10.208823681,0.0,0.0,,0.0,0.0,0.0,0.0,10775551,11174203,0.0,-0.8
10.223761082,0.0,0.0,,0.0,0.0,0.0,0.0,10775551,11174203,0.0,-0.8
10.241488695,0.0,0.0,,0.0,0.0,0.0,0.0,10775551,11174203,0.0,-0.8
10.299577952,0.0,0.0,,0.0,0.0,0.0,0.0,10775551,11174203,0.0,-0.8
10.308789254,0.0,0.0,,0.0,0.0,0.0,0.0,10775551,11174203,0.0,-0.8
10.367956638999999,0.0,0.0,,0.0,0.0,0.0,0.0,10775551,11174203,0.0,-0.8
10.408819914,0.0,0.0,,0.0,0.0,0.0,0.0,10775551,11174203,0.0,-0.8
10.416805745,0.0,0.0,,0.0,0.0,0.0,0.0,10775551,11174203,0.0,-0.8
10.444166661,0.0,0.0,,0.0,0.0,0.0,0.0,10775551,11174203,0.0,-0.8
10.50881815,0.0,0.0,,0.0,0.0,0.0,0.0,10775551,11174203,0.0,-0.8
10.512628556,0.0,0.0,,0.0,0.0,0.0,0.0,10775551,11174203,0.0,-0.8
10.583180428,0.0,0.0,,0.0,0.0,0.0,0.0,10775551,11174203,0.0,-0.8
10.593970776,0.0,0.0,,0.0,0.0,0.0,0.0,10775551,11174203,0.0,-0.8
10.608789444,0.0,0.0,,0.0,0.0,0.0,0.0,10775551,11174203,0.0,-0.8
10.655947209,0.0,0.0,,0.0,0.0,0.0,0.0,10775551,11174203,0.0,-0.8
10.708829642,0.0,0.0,,0.0,0.0,0.0,0.0,10775551,11174203,0.0,-0.8
10.712956429,0.0,0.0,,0.0,0.0,0.0,0.0,10775551,11174203,0.0,-0.8
10.744038821,0.0,0.0,,0.0,0.0,0.0,0.0,10775551,11174203,0.0,-0.8
10.80747962,0.0,0.0,,0.0,0.0,0.0,0.0,10775551,11174203,0.0,-0.8
10.809544087,0.0,0.0,,0.0,0.0,0.0,0.0,10775551,11174203,0.0,-0.8
10.875502348,0.0,0.0,,0.0,0.0,0.0,0.0,10775551,11174203,0.0,-0.8
10.8942554,0.0,0.0,,0.0,0.0,0.0,0.0,10775551,11174203,0.0,-0.8
10.908770562,0.0,0.0,,0.0,0.0,0.0,0.0,10775551,11174203,0.0,-0.8
10.947655201,0.0,0.0,,0.0,0.0,0.0,0.0,10775551,11174203,0.0,-0.8
11.008825541,0.0,0.0,,0.0,0.0,0.0,0.0,10775551,11174203,0.0,-0.8
11.015473128,0.0,0.0,,0.0,0.0,0.0,0.0,10775551,11174203,0.0,-0.8
11.091375113,0.0,0.0,,0.0,0.0,0.0,0.0,10775551,11174203,0.0,-0.8
11.094300509,0.0,0.0,,0.0,0.0,0.0,0.0,10775551,11174203,0.0,-0.8
11.109150648,0.0,0.0,,0.0,0.0,0.0,0.0,10775551,11174203,0.0,-0.8
11.172313214,0.0,0.0,,0.0,0.0,0.0,0.0,10775551,11174203,0.0,-0.8
11.207004071,0.0,0.0,,0.0,0.0,0.0,0.0,10775551,11174203,0.0,-0.8
11.20892787,0.0,0.0,,0.0,0.0,0.0,0.0,10775551,11174203,0.0,-0.8
11.252028466,0.0,0.0,,0.0,0.0,0.0,0.0,10775551,11174203,0.0,-0.8
11.308859825,0.0,0.0,,0.0,0.0,0.0,0.0,10775551,11174203,0.0,-0.8
11.313070536,0.0,0.0,,0.0,0.0,0.0,0.0,10775551,11174203,0.0,-0.8
11.371281386,0.0,0.0,,0.0,0.0,0.0,0.0,10775551,11174203,0.0,-0.8
11.393311262,0.0,0.0,,0.0,0.0,0.0,0.0,10775551,11174203,0.0,-0.8
11.408810854,0.0,0.0,,0.0,0.0,0.0,0.0,10775551,11174203,0.0,-0.8
11.465015173,0.0,0.0,,0.0,0.0,0.0,0.0,10775551,11174203,0.0,-0.8
11.508993864,0.0,0.0,,0.0,0.0,0.0,0.0,10775551,11174203,0.0,-0.8
11.514405966,0.0,0.0,,0.0,0.0,0.0,0.0,10775551,11174203,0.0,-0.8
11.543884278,0.0,0.0,,0.0,0.0,0.0,0.0,10775551,11174203,0.0,-0.8
11.608730317,0.0,0.0,,0.0,0.0,0.0,0.0,10775551,11174203,0.0,-0.8
11.608150006,0.0,0.0,,0.0,0.0,0.0,0.0,10775551,11174203,0.0,-0.8
11.67536974,0.0,0.0,,0.0,0.0,0.0,0.0,10775551,11174203,0.0,-0.8
11.693836451,0.0,0.0,,0.0,0.0,0.0,0.0,10775551,11174203,0.0,-0.8
11.708758593,0.0,0.0,,0.0,0.0,0.0,0.0,10775551,11174203,0.0,-0.8
11.75157857,0.0,0.0,,0.0,0.0,0.0,0.0,10775551,11174203,0.0,-0.8
11.808835507,0.0,0.0,,0.0,0.0,0.0,0.0,10775551,11174203,0.0,-0.8
11.828009606,0.0,0.0,,0.0,0.0,0.0,0.0,10775551,11174203,0.0,-0.8
11.841861248,0.0,0.0,,0.0,0.0,0.0,0.0,10775551,11174203,0.0,-0.8
11.896124363,0.0,0.0,,0.0,0.0,0.0,0.0,10775551,11174203,0.0,-0.8
11.908783436,0.0,0.0,,0.0,0.0,0.0,0.0,10775551,11174203,0.0,-0.8
11.968480826,0.0,0.0,,0.0,0.0,0.0,0.0,10775551,11174203,0.0,-0.8
12.008759499,0.0,0.0,,0.0,0.0,0.0,0.0,10775551,11174203,0.0,-0.8
12.036052704,0.0,0.0,,0.0,0.0,0.0,0.0,10775551,11174203,0.0,-0.8
12.042764187,0.0,0.0,,0.0,0.0,0.0,0.0,10775551,11174203,0.0,-0.8
12.103651047,0.0,0.0,,0.0,0.0,0.0,0.0,10775551,11174203,0.0,-0.8
12.109431029,0.0,0.0,,0.0,0.0,0.0,0.0,10775551,11174203,0.0,-0.8
12.175529719,0.0,0.0,,0.0,0.0,0.0,0.0,10775551,11174203,0.0,-0.8
12.192538977,0.0,0.0,,0.0,0.0,0.0,0.0,10775551,11174203,0.0,-0.8
12.208817482,0.0,0.0,,0.0,0.0,0.0,0.0,10775551,11174203,0.0,-0.8
12.247669697,0.0,0.0,,0.0,0.0,0.0,0.0,10775551,11174203,0.0,-0.8
12.308834553,0.0,0.0,,0.0,0.0,0.0,0.0,10775551,11174203,0.0,-0.8
12.319633484,0.0,0.0,,0.0,0.0,0.0,0.0,10775551,11174203,0.0,-0.8
12.362992287,0.0,0.0,,0.0,0.0,0.0,0.0,10775551,11174203,0.0,-0.8
12.393825531,0.0,0.0,,0.0,0.0,0.0,0.0,10775551,11174203,0.0,-0.8
12.408756495,0.0,0.0,,0.0,0.0,0.0,0.0,10775551,11174203,0.0,-0.8
12.463890553,0.0,0.0,,0.0,0.0,0.0,0.0,10775551,11174203,0.0,-0.8
12.508795977,0.0,0.0,,0.0,0.0,0.0,0.0,10775551,11174203,0.0,-0.8
12.531194926,0.0,0.0,,0.0,0.0,0.0,0.0,10775551,11174203,0.0,-0.8
12.543910981,0.0,0.0,,0.0,0.0,0.0,0.0,10775551,11174203,0.0,-0.8
12.599599123,0.0,0.0,,0.0,0.0,0.0,0.0,10775551,11174203,0.0,-0.8
12.608831883,0.0,0.0,,0.0,0.0,0.0,0.0,10775551,11174203,0.0,-0.8
12.671549559,0.0,0.0,,0.0,0.0,0.0,0.0,10775551,11174203,0.0,-0.8
12.708844662,0.0,0.0,,0.0,0.0,0.0,0.0,10775551,11174203,0.0,-0.8
12.738996506,0.0,0.0,,0.0,0.0,0.0,0.0,10775551,11174203,0.0,-0.8
12.740917683,0.0,0.0,,0.0,0.0,0.0,0.0,10775551,11174203,0.0,-0.8
12.808862448,0.0,0.0,,0.0,0.0,0.0,0.0,10775551,11174203,0.0,-0.8
12.812196732,0.0,0.0,,0.0,0.0,0.0,0.0,10775551,11174203,0.0,-0.8
12.89122653,0.0,0.0,,0.0,0.0,0.0,0.0,10775551,11174203,0.0,-0.8
12.893151999,0.0,0.0,,0.0,0.0,0.0,0.0,10775551,11174203,0.0,-0.8
12.90879345,0.0,0.0,,0.0,0.0,0.0,0.0,10775551,11174203,0.0,-0.8
12.963526726,0.0,0.0,,0.0,0.0,0.0,0.0,10775551,11174203,0.0,-0.8
13.00877142,0.0,0.0,,0.0,0.0,0.0,0.0,10775551,11174203,0.0,-0.8
13.031296254,0.0,0.0,,0.0,0.0,0.0,0.0,10775551,11174203,0.0,-0.8
13.045449972,0.0,0.0,,0.0,0.0,0.0,0.0,10775551,11174203,0.0,-0.8
13.096057415,0.0,0.0,,0.0,0.0,0.0,0.0,10775551,11174203,0.0,-0.8
13.108763695,0.0,0.0,,0.0,0.0,0.0,0.0,10775551,11174203,0.0,-0.8
13.18396926,0.0,0.0,,0.0,0.0,0.0,0.0,10775551,11174203,0.0,-0.8
13.19099617,0.0,0.0,,0.0,0.0,0.0,0.0,10775551,11174203,0.0,-0.8
13.208803892,0.0,0.0,,0.0,0.0,0.0,0.0,10775551,11174203,0.0,-0.8
13.259869337,0.0,0.0,,0.0,0.0,0.0,0.0,10775551,11174203,0.0,-0.8
13.309016705,0.0,0.0,,0.0,0.0,0.0,0.0,10775551,11174203,0.0,-0.8
13.331519604,0.0,0.0,,0.0,0.0,0.0,0.0,10775551,11174203,0.0,-0.8
13.34253192,0.0,0.0,,0.0,0.0,0.0,0.0,10775551,11174203,0.0,-0.8
13.40004468,0.0,0.0,,0.0,0.0,0.0,0.0,10775551,11174203,0.0,-0.8
13.40967536,0.0,0.0,,0.0,0.0,0.0,0.0,10775551,11174203,0.0,-0.8
13.456437826,0.0,0.0,,0.0,0.0,0.0,0.0,10775551,11174203,0.0,-0.8
13.509441138,0.0,0.0,,0.0,0.0,0.0,0.0,10775551,11174203,0.0,-0.8
13.531497002,0.0,0.0,,0.0,0.0,0.0,0.0,10775551,11174203,0.0,-0.8
13.548261881,0.0,0.0,,0.0,0.0,0.0,0.0,10775551,11174203,0.0,-0.8
13.608846665,0.0,0.0,,0.0,0.0,0.0,0.0,10775551,11174203,0.0,-0.8
13.617279291,0.0,0.0,,0.0,0.0,0.0,0.0,10775551,11174203,0.0,-0.8
13.684587717,0.0,0.0,,0.0,0.0,0.0,0.0,10775551,11174203,0.0,-0.8
13.69327879,0.0,0.0,,0.0,0.0,0.0,0.0,10775551,11174203,0.0,-0.8
13.708806277,0.0,0.0,,0.0,0.0,0.0,0.0,10775551,11174203,0.0,-0.8
13.755608559,0.0,0.0,,0.0,0.0,0.0,0.0,10775551,11174203,0.0,-0.8
13.808957338999999,0.0,0.0,,0.0,0.0,0.0,0.0,10775551,11174203,0.0,-0.8
13.835896254,0.0,0.0,,0.0,0.0,0.0,0.0,10775551,11174203,0.0,-0.8
13.842642069,0.0,0.0,,0.0,0.0,0.0,0.0,10775551,11174203,0.0,-0.8
13.908813715,0.0,0.0,,0.0,0.0,0.0,0.0,10775551,11174203,0.0,-0.8
13.916100979,0.0,0.0,,0.0,0.0,0.0,0.0,10775551,11174203,0.0,-0.8
13.941311837,0.0,0.0,,0.0,0.0,0.0,0.0,10775551,11174203,0.0,-0.8
13.992395878,0.0,0.0,,0.0,0.0,0.0,0.0,10775551,11174203,0.0,-0.8
14.008810521,0.0,0.0,,0.0,0.0,0.0,0.0,10775551,11174203,0.0,-0.8
14.063550234,0.0,0.0,,0.0,0.0,0.0,0.0,10775551,11174203,0.0,-0.8
14.108926297,0.0,0.0,,0.0,0.0,0.0,0.0,10775551,11174203,0.0,-0.8
14.135286808,0.0,0.0,,0.0,0.0,0.0,0.0,10775551,11174203,0.0,-0.8
14.14322567,0.0,0.0,,0.0,0.0,0.0,0.0,10775551,11174203,0.0,-0.8
14.208816052,0.0,0.0,,0.0,0.0,0.0,0.0,10775551,11174203,0.0,-0.8
14.211892844,0.0,0.0,,0.0,0.0,0.0,0.0,10775551,11174203,0.0,-0.8
14.283210516,0.0,0.0,,0.0,0.0,0.0,0.0,10775551,11174203,0.0,-0.8
14.291762114,0.0,0.0,,0.0,0.0,0.0,0.0,10775551,11174203,0.0,-0.8
14.308775187,0.0,0.0,,0.0,0.0,0.0,0.0,10775551,11174203,0.0,-0.8
14.356297255,0.0,0.0,,0.0,0.0,0.0,0.0,10775551,11174203,0.0,-0.8
14.408827304999999,0.0,0.0,,0.0,0.0,0.0,0.0,10775551,11174203,0.0,-0.8
14.427998066,0.0,0.0,,0.0,0.0,0.0,0.0,10775551,11174203,0.0,-0.8
14.441393853,0.0,0.0,,0.0,0.0,0.0,0.0,10775551,11174203,0.0,-0.8
14.499552966,0.0,0.0,,0.0,0.0,0.0,0.0,10775551,11174203,0.0,-0.8
14.508756399,0.0,0.0,,0.0,0.0,0.0,0.0,10775551,11174203,0.0,-0.8
14.571736575,0.0,0.0,,0.0,0.0,0.0,0.0,10775551,11174203,0.0,-0.8
14.60884738,0.0,0.0,,0.0,0.0,0.0,0.0,10775551,11174203,0.0,-0.8
14.647278786,0.0,0.0,,0.0,0.0,0.0,0.0,10775551,11174203,0.0,-0.8
14.649170637,0.0,0.0,,0.0,0.0,0.0,0.0,10775551,11174203,0.0,-0.8
14.7088058,0.0,0.0,,0.0,0.0,0.0,0.0,10775551,11174203,0.0,-0.8
14.715781212,0.0,0.0,,0.0,0.0,0.0,0.0,10775551,11174203,0.0,-0.8
14.787271738,0.0,0.0,,0.0,0.0,0.0,0.0,10775551,11174203,0.0,-0.8
14.791015864,0.0,0.0,,0.0,0.0,0.0,0.0,10775551,11174203,0.0,-0.8
14.80875063,0.0,0.0,,0.0,0.0,0.0,0.0,10775551,11174203,0.0,-0.8
14.859808445,0.0,0.0,,0.0,0.0,0.0,0.0,10775551,11174203,0.0,-0.8
14.908797503,0.0,0.0,,0.0,0.0,0.0,0.0,10775551,11174203,0.0,-0.8
14.927608967,0.0,0.0,,0.0,0.0,0.0,0.0,10775551,11174203,0.0,-0.8
14.945232392,0.0,0.0,,0.0,0.0,0.0,0.0,10775551,11174203,0.0,-0.8
14.995473862,0.0,0.0,,0.0,0.0,0.0,0.0,10775551,11174203,0.0,-0.8
15.008835554,0.0,0.0,,0.0,0.0,0.0,0.0,10775551,11174203,0.0,-0.8
15.068097353,0.0,0.0,,0.0,0.0,0.0,0.0,10775551,11174203,0.0,-0.8
15.108852148,0.0,0.0,,0.0,0.0,0.0,0.0,10775551,11174203,0.0,-0.8
15.139510632,0.0,0.0,,0.0,0.0,0.0,0.0,10775551,11174203,0.0,-0.8
15.142843962,0.0,0.0,,0.0,0.0,0.0,0.0,10775551,11174203,0.0,-0.8
15.208780527,0.0,0.0,,0.0,0.0,0.0,0.0,10775551,11174203,0.0,-0.8
15.212151528,0.0,0.0,,0.0,0.0,0.0,0.0,10775551,11174203,0.0,-0.8
15.295464993,0.0,0.0,,0.0,0.0,0.0,0.0,10775551,11174203,0.0,-0.8
15.29869771,0.0,0.0,,0.0,0.0,0.0,0.0,10775551,11174203,0.0,-0.8
15.308787823,0.0,0.0,,0.0,0.0,0.0,0.0,10775551,11174203,0.0,-0.8
15.363846302,0.0,0.0,,0.0,0.0,0.0,0.0,10775551,11174203,0.0,-0.8
15.408816815,0.0,0.0,,0.0,0.0,0.0,0.0,10775551,11174203,0.0,-0.8
15.411141396,0.0,0.0,,0.0,0.0,0.0,0.0,10775551,11174203,0.0,-0.8
15.441656351,0.0,0.0,,0.0,0.0,0.0,0.0,10775551,11174203,0.0,-0.8
15.503870249,0.0,0.0,,0.0,0.0,0.0,0.0,10775551,11174203,0.0,-0.8
15.508919716,0.0,0.0,,0.0,0.0,0.0,0.0,10775551,11174203,0.0,-0.8
15.57562542,0.0,0.0,,0.0,0.0,0.0,0.0,10775551,11174203,0.0,-0.8
15.592262507000001,0.0,0.0,,0.0,0.0,0.0,0.0,10775551,11174203,0.0,-0.8
15.608940363,0.0,0.0,,0.0,0.0,0.0,0.0,10775551,11174203,0.0,-0.8
15.647913218,0.0,0.0,,0.0,0.0,0.0,0.0,10775551,11174203,0.0,-0.8
15.708807946,0.0,0.0,,0.0,0.0,0.0,0.0,10775551,11174203,0.0,-0.8
15.715300799,0.0,0.0,,0.0,0.0,0.0,0.0,10775551,11174203,0.0,-0.8
15.791351796,0.0,0.0,,0.0,0.0,0.0,0.0,10775551,11174203,0.0,-0.8
15.79474783,0.0,0.0,,0.0,0.0,0.0,0.0,10775551,11174203,0.0,-0.8
15.808826924,0.0,0.0,,0.0,0.0,0.0,0.0,10775551,11174203,0.0,-0.8
15.863913775,0.0,0.0,,0.0,0.0,0.0,0.0,10775551,11174203,0.0,-0.8
15.908814907,0.0,0.0,,0.0,0.0,0.0,0.0,10775551,11174203,0.0,-0.8
15.931383849,0.0,0.0,,0.0,0.0,0.0,0.0,10775551,11174203,0.0,-0.8
15.944673539,0.0,0.0,,0.0,0.0,0.0,0.0,10775551,11174203,0.0,-0.8
16.003921986,0.0,0.0,,0.0,0.0,0.0,0.0,10775551,11174203,0.0,-0.8
16.008761406,0.0,0.0,,0.0,0.0,0.0,0.0,10775551,11174203,0.0,-0.8
16.075684548,0.0,0.0,,0.0,0.0,0.0,0.0,10775551,11174203,0.0,-0.8
16.094438553,0.0,0.0,,0.0,0.0,0.0,0.0,10775551,11174203,0.0,-0.8
16.108756543,0.0,0.0,,0.0,0.0,0.0,0.0,10775551,11174203,0.0,-0.8
16.147597075,0.0,0.0,,0.0,0.0,0.0,0.0,10775551,11174203,0.0,-0.8
16.208806515,0.0,0.0,,0.0,0.0,0.0,0.0,10775551,11174203,0.0,-0.8
16.215384245,0.0,0.0,,0.0,0.0,0.0,0.0,10775551,11174203,0.0,-0.8
16.283225775,0.0,0.0,,0.0,0.0,0.0,0.0,10775551,11174203,0.0,-0.8
16.295114756,0.0,0.0,,0.0,0.0,0.0,0.0,10775551,11174203,0.0,-0.8
16.308835507,0.0,0.0,,0.0,0.0,0.0,0.0,10775551,11174203,0.0,-0.8
16.351900816,0.0,0.0,,0.0,0.0,0.0,0.0,10775551,11174203,0.0,-0.8
16.408833504,0.0,0.0,,0.0,0.0,0.0,0.0,10775551,11174203,0.0,-0.8
16.415309668,0.0,0.0,,0.0,0.0,0.0,0.0,10775551,11174203,0.0,-0.8
16.445094824,0.0,0.0,,0.0,0.0,0.0,0.0,10775551,11174203,0.0,-0.8
16.495452643,0.0,0.0,,0.0,0.0,0.0,0.0,10775551,11174203,0.0,-0.8
16.508791447,0.0,0.0,,0.0,0.0,0.0,0.0,10775551,11174203,0.0,-0.8
16.575651884,0.0,0.0,,0.0,0.0,0.0,0.0,10775551,11174203,0.0,-0.8
16.595232487,0.0,0.0,,0.0,0.0,0.0,0.0,10775551,11174203,0.0,-0.8
16.609017134,0.0,0.0,,0.0,0.0,0.0,0.0,10775551,11174203,0.0,-0.8
16.651898384,0.0,0.0,,0.0,0.0,0.0,0.0,10775551,11174203,0.0,-0.8
16.708813906,0.0,0.0,,0.0,0.0,0.0,0.0,10775551,11174203,0.0,-0.8
16.719406367,0.0,0.0,,0.0,0.0,0.0,0.0,10775551,11174203,0.0,-0.8
16.791122914,0.0,0.0,,0.0,0.0,0.0,0.0,10775551,11174203,0.0,-0.8
16.792989016,0.0,0.0,,0.0,0.0,0.0,0.0,10775551,11174203,0.0,-0.8
16.808796645,0.0,0.0,,0.0,0.0,0.0,0.0,10775551,11174203,0.0,-0.8
16.867924929,0.0,0.0,,0.0,0.0,0.0,0.0,10775551,11174203,0.0,-0.8
16.908801794,0.0,0.0,,0.0,0.0,0.0,0.0,10775551,11174203,0.0,-0.8
16.947798968,0.0,0.0,,0.0,0.0,0.0,0.0,10775551,11174203,0.0,-0.8
16.949760199,0.0,0.0,,0.0,0.0,0.0,0.0,10775551,11174203,0.0,-0.8
17.008836031,0.0,0.0,,0.0,0.0,0.0,0.0,10775551,11174203,0.0,-0.8
17.015777588,0.0,0.0,,0.0,0.0,0.0,0.0,10775551,11174203,0.0,-0.8
17.095338822,0.0,0.0,,0.0,0.0,0.0,0.0,10775551,11174203,0.0,-0.8
17.102458239,0.0,0.0,,0.0,0.0,0.0,0.0,10775551,11174203,0.0,-0.8
17.1087389,0.0,0.0,,0.0,0.0,0.0,0.0,10775551,11174203,0.0,-0.8
17.171195746,0.0,0.0,,0.0,0.0,0.0,0.0,10775551,11174203,0.0,-0.8
17.190998316,0.0,0.0,,0.0,0.0,0.0,0.0,10775551,11174203,0.0,-0.8
17.208791018,0.0,0.0,,0.0,0.0,0.0,0.0,10775551,11174203,0.0,-0.8
17.243449927,0.0,0.0,,0.0,0.0,0.0,0.0,10775551,11174203,0.0,-0.8
17.30901146,0.0,0.0,,0.0,0.0,0.0,0.0,10775551,11174203,0.0,-0.8
17.315622568,0.0,0.0,,0.0,0.0,0.0,0.0,10775551,11174203,0.0,-0.8
17.39152503,0.0,0.0,,0.0,0.0,0.0,0.0,10775551,11174203,0.0,-0.8
17.393144846,0.0,0.0,,0.0,0.0,0.0,0.0,10775551,11174203,0.0,-0.8
17.408754349,0.0,0.0,,0.0,0.0,0.0,0.0,10775551,11174203,0.0,-0.8
17.460066796,0.0,0.0,,0.0,0.0,0.0,0.0,10775551,11174203,0.0,-0.8
17.508711577,0.0,0.0,,0.0,0.0,0.0,0.0,10775551,11174203,0.0,-0.8
17.531703949,0.0,0.0,,0.0,0.0,0.0,0.0,10775551,11174203,0.0,-0.8
17.542504311,0.0,0.0,,0.0,0.0,0.0,0.0,10775551,11174203,0.0,-0.8
17.603526116,0.0,0.0,,0.0,0.0,0.0,0.0,10775551,11174203,0.0,-0.8
17.608753205,0.0,0.0,,0.0,0.0,0.0,0.0,10775551,11174203,0.0,-0.8
17.671629668,0.0,0.0,,0.0,0.0,0.0,0.0,10775551,11174203,0.0,-0.8
17.708788634,0.0,0.0,,0.0,0.0,0.0,0.0,10775551,11174203,0.0,-0.8
17.73930049,0.0,0.0,,0.0,0.0,0.0,0.0,10775551,11174203,0.0,-0.8
17.745475769,0.0,0.0,,0.0,0.0,0.0,0.0,10775551,11174203,0.0,-0.8
17.807907582,0.0,0.0,,0.0,0.0,0.0,0.0,10775551,11174203,0.0,-0.8
17.809204579,0.0,0.0,,0.0,0.0,0.0,0.0,10775551,11174203,0.0,-0.8
17.879312516,0.0,0.0,,0.0,0.0,0.0,0.0,10775551,11174203,0.0,-0.8
17.894034863,0.0,0.0,,0.0,0.0,0.0,0.0,10775551,11174203,0.0,-0.8
17.908749819,0.0,0.0,,0.0,0.0,0.0,0.0,10775551,11174203,0.0,-0.8
17.947419882,0.0,0.0,,0.0,0.0,0.0,0.0,10775551,11174203,0.0,-0.8
18.008830786,0.0,0.0,,0.0,0.0,0.0,0.0,10775551,11174203,0.0,-0.8
18.019551754,0.0,0.0,,0.0,0.0,0.0,0.0,10775551,11174203,0.0,-0.8
18.087332249,0.0,0.0,,0.0,0.0,0.0,0.0,10775551,11174203,0.0,-0.8
18.09178257,0.0,0.0,,0.0,0.0,0.0,0.0,10775551,11174203,0.0,-0.8
18.108803749,0.0,0.0,,0.0,0.0,0.0,0.0,10775551,11174203,0.0,-0.8
18.15510726,0.0,0.0,,0.0,0.0,0.0,0.0,10775551,11174203,0.0,-0.8
18.208855868,0.0,0.0,,0.0,0.0,0.0,0.0,10775551,11174203,0.0,-0.8
18.231390238,0.0,0.0,,0.0,0.0,0.0,0.0,10775551,11174203,0.0,-0.8
18.242336512,0.0,0.0,,0.0,0.0,0.0,0.0,10775551,11174203,0.0,-0.8
18.308800936,0.0,0.0,,0.0,0.0,0.0,0.0,10775551,11174203,0.0,-0.8
18.312418938,0.0,0.0,,0.0,0.0,0.0,0.0,10775551,11174203,0.0,-0.8
18.391971827,0.0,0.0,,0.0,0.0,0.0,0.0,10775551,11174203,0.0,-0.8
18.399224758,0.0,0.0,,0.0,0.0,0.0,0.0,10775551,11174203,0.0,-0.8
18.408747912,0.0,0.0,,0.0,0.0,0.0,0.0,10775551,11174203,0.0,-0.8
18.464888811,0.0,0.0,,0.0,0.0,0.0,0.0,10775551,11174203,0.0,-0.8
18.509055615,0.0,0.0,,0.0,0.0,0.0,0.0,10775551,11174203,0.0,-0.8
18.535533905,0.0,0.0,,0.0,0.0,0.0,0.0,10775551,11174203,0.0,-0.8
18.541758061,0.0,0.0,,0.0,0.0,0.0,0.0,10775551,11174203,0.0,-0.8
18.608835221,0.0,0.0,,0.0,0.0,0.0,0.0,10775551,11174203,0.0,-0.8
18.607579708,0.0,0.0,,0.0,0.0,0.0,0.0,10775551,11174203,0.0,-0.8
18.679568291,0.0,0.0,,0.0,0.0,0.0,0.0,10775551,11174203,0.0,-0.8
18.692298651,0.0,0.0,,0.0,0.0,0.0,0.0,10775551,11174203,0.0,-0.8
18.708786726,0.0,0.0,,0.0,0.0,0.0,0.0,10775551,11174203,0.0,-0.8
18.756031514,0.0,0.0,,0.0,0.0,0.0,0.0,10775551,11174203,0.0,-0.8
18.808847905,0.0,0.0,,0.0,0.0,0.0,0.0,10775551,11174203,0.0,-0.8
18.823507786,0.0,0.0,,0.0,0.0,0.0,0.0,10775551,11174203,0.0,-0.8
18.842828274,0.0,0.0,,0.0,0.0,0.0,0.0,10775551,11174203,0.0,-0.8
18.894978285,0.0,0.0,,0.0,0.0,0.0,0.0,10775551,11174203,0.0,-0.8
18.908971787,0.0,0.0,,0.0,0.0,0.0,0.0,10775551,11174203,0.0,-0.8
18.963917733,0.0,0.0,,0.0,0.0,0.0,0.0,10775551,11174203,0.0,-0.8
19.008831025,0.0,0.0,,0.0,0.0,0.0,0.0,10775551,11174203,0.0,-0.8
19.039324522,0.0,0.0,,0.0,0.0,0.0,0.0,10775551,11174203,0.0,-0.8
19.044520617,0.0,0.0,,0.0,0.0,0.0,0.0,10775551,11174203,0.0,-0.8
19.108891249,0.0,0.0,,0.0,0.0,0.0,0.0,10775551,11174203,0.0,-0.8
19.111660719,0.0,0.0,,0.0,0.0,0.0,0.0,10775551,11174203,0.0,-0.8
19.188380003,0.0,0.0,,0.0,0.0,0.0,0.0,10775551,11174203,0.0,-0.8
19.194116116,0.0,0.0,,0.0,0.0,0.0,0.0,10775551,11174203,0.0,-0.8
19.208832503,0.0,0.0,,0.0,0.0,0.0,0.0,10775551,11174203,0.0,-0.8
19.272544384,0.0,0.0,,0.0,0.0,0.0,0.0,10775551,11174203,0.0,-0.8
19.30879879,0.0,0.0,,0.0,0.0,0.0,0.0,10775551,11174203,0.0,-0.8
19.339406729,0.0,0.0,,0.0,0.0,0.0,0.0,10775551,11174203,0.0,-0.8
19.344594717,0.0,0.0,,0.0,0.0,0.0,0.0,10775551,11174203,0.0,-0.8
19.40902257,0.0,0.0,,0.0,0.0,0.0,0.0,10775551,11174203,0.0,-0.8
19.420437098,0.0,0.0,,0.0,0.0,0.0,0.0,10775551,11174203,0.0,-0.8
19.491617203,0.0,0.0,,0.0,0.0,0.0,0.0,10775551,11174203,0.0,-0.8
19.495031834,0.0,0.0,,0.0,0.0,0.0,0.0,10775551,11174203,0.0,-0.8
19.508777142,0.0,0.0,,0.0,0.0,0.0,0.0,10775551,11174203,0.0,-0.8
19.571326971,0.0,0.0,,0.0,0.0,0.0,0.0,10775551,11174203,0.0,-0.8
19.608809233,0.0,0.0,,0.0,0.0,0.0,0.0,10775551,11174203,0.0,-0.8
19.648221255,0.0,0.0,,0.0,0.0,0.0,0.0,10775551,11174203,0.0,-0.8
19.652386427,0.0,0.0,,0.0,0.0,0.0,0.0,10775551,11174203,0.0,-0.8
19.708803416,0.0,0.0,,0.0,0.0,0.0,0.0,10775551,11174203,0.0,-0.8
19.719431401,0.0,0.0,,0.0,0.0,0.0,0.0,10775551,11174203,0.0,-0.8
19.787446499,0.0,0.0,,0.0,0.0,0.0,0.0,10775551,11174203,0.0,-0.8
19.79338336,0.0,0.0,,0.0,0.0,0.0,0.0,10775551,11174203,0.0,-0.8
19.808769226,0.0,0.0,,0.0,0.0,0.0,0.0,10775551,11174203,0.0,-0.8
19.860832692,0.0,0.0,,0.0,0.0,0.0,0.0,10775551,11174203,0.0,-0.8
19.908818245,0.0,0.0,,0.0,0.0,0.0,0.0,10775551,11174203,0.0,-0.8
19.928210974,0.0,0.0,,0.0,0.0,0.0,0.0,10775551,11174203,0.0,-0.8
19.943313837,0.0,0.0,,0.0,0.0,0.0,0.0,10775551,11174203,0.0,-0.8
20.00882864,0.0,0.0,,0.0,0.0,0.0,0.0,10775551,11174203,0.0,-0.8
20.011865855,0.0,0.0,,0.0,0.0,0.0,0.0,10775551,11174203,0.0,-0.8
20.08714962,0.0,0.0,,0.0,0.0,0.0,0.0,10775551,11174203,0.0,-0.8
20.092661858,0.0,0.0,,0.0,0.0,0.0,0.0,10775551,11174203,0.0,-0.8
20.108851195,0.0,0.0,,0.0,0.0,0.0,0.0,10775551,11174203,0.0,-0.8
20.155920744,0.0,0.0,,0.0,0.0,0.0,0.0,10775551,11174203,0.0,-0.8
20.208863259,0.0,0.0,,0.0,0.0,0.0,0.0,10775551,11174203,0.0,-0.8
20.223944903,0.0,0.0,,0.0,0.0,0.0,0.0,10775551,11174203,0.0,-0.8
20.307082177,0.0,0.0,,0.0,0.0,0.0,0.0,10775551,11174203,0.0,-0.8
20.308959723,0.0,0.0,,0.0,0.0,0.0,0.0,10775551,11174203,0.0,-0.8
20.313132048,0.0,0.0,,0.0,0.0,0.0,0.0,10775551,11174203,0.0,-0.8
20.355158806,0.0,0.0,,0.0,0.0,0.0,0.0,10775551,11174203,0.0,-0.8
20.393132449,0.0,0.0,,0.0,0.0,0.0,0.0,10775551,11174203,0.0,-0.8
20.408764363,0.0,0.0,,0.0,0.0,0.0,0.0,10775551,11174203,0.0,-0.8
20.451956272,0.0,0.0,,0.0,0.0,0.0,0.0,10775551,11174203,0.0,-0.8
20.5087955,0.0,0.0,,0.0,0.0,0.0,0.0,10775551,11174203,0.0,-0.8
20.531954527,0.0,0.0,,0.0,0.0,0.0,0.0,10775551,11174203,0.0,-0.8
20.542921305,0.0,0.0,,0.0,0.0,0.0,0.0,10775551,11174203,0.0,-0.8
20.609179497,0.0,0.0,,0.0,0.0,0.0,0.0,10775551,11174203,0.0,-0.8
20.608057022,0.0,0.0,,0.0,0.0,0.0,0.0,10775551,11174203,0.0,-0.8
20.680173636,0.0,0.0,,0.0,0.0,0.0,0.0,10775551,11174203,0.0,-0.8
20.69344163,0.0,0.0,,0.0,0.0,0.0,0.0,10775551,11174203,0.0,-0.8
20.708849907,0.0,0.0,,0.0,0.0,0.0,0.0,10775551,11174203,0.0,-0.8
20.748128653,0.0,0.0,,0.0,0.0,0.0,0.0,10775551,11174203,0.0,-0.8
20.80937028,0.0,0.0,,0.0,0.0,0.0,0.0,10775551,11174203,0.0,-0.8
20.81953764,0.0,0.0,,0.0,0.0,0.0,0.0,10775551,11174203,0.0,-0.8
20.891234637,0.0,0.0,,0.0,0.0,0.0,0.0,10775551,11174203,0.0,-0.8
20.893671751,0.0,0.0,,0.0,0.0,0.0,0.0,10775551,11174203,0.0,-0.8
20.908806086,0.0,0.0,,0.0,0.0,0.0,0.0,10775551,11174203,0.0,-0.8
20.967900038,0.0,0.0,,0.0,0.0,0.0,0.0,10775551,11174203,0.0,-0.8
21.009049893,0.0,0.0,,0.0,0.0,0.0,0.0,10775551,11174203,0.0,-0.8
21.039457322,0.0,0.0,,0.0,0.0,0.0,0.0,10775551,11174203,0.0,-0.8
21.043479443,0.0,0.0,,0.0,0.0,0.0,0.0,10775551,11174203,0.0,-0.8
21.107353211,0.0,0.0,,0.0,0.0,0.0,0.0,10775551,11174203,0.0,-0.8
21.109017849,0.0,0.0,,0.0,0.0,0.0,0.0,10775551,11174203,0.0,-0.8
21.183457375,0.0,0.0,,0.0,0.0,0.0,0.0,10775551,11174203,0.0,-0.8
21.191868544,0.0,0.0,,0.0,0.0,0.0,0.0,10775551,11174203,0.0,-0.8
21.208767653,0.0,0.0,,0.0,0.0,0.0,0.0,10775551,11174203,0.0,-0.8
21.251393795,0.0,0.0,,0.0,0.0,0.0,0.0,10775551,11174203,0.0,-0.8
21.308797598,0.0,0.0,,0.0,0.0,0.0,0.0,10775551,11174203,0.0,-0.8
21.319633007,0.0,0.0,,0.0,0.0,0.0,0.0,10775551,11174203,0.0,-0.8
21.342145205,0.0,0.0,,0.0,0.0,0.0,0.0,10775551,11174203,0.0,-0.8
21.399679661,0.0,0.0,,0.0,0.0,0.0,0.0,10775551,11174203,0.0,-0.8
21.408826113,0.0,0.0,,0.0,0.0,0.0,0.0,10775551,11174203,0.0,-0.8
21.456481219,0.0,0.0,,0.0,0.0,0.0,0.0,10775551,11174203,0.0,-0.8
21.50893569,0.0,0.0,,0.0,0.0,0.0,0.0,10775551,11174203,0.0,-0.8
21.539678097,0.0,0.0,,0.0,0.0,0.0,0.0,10775551,11174203,0.0,-0.8
21.544595242,0.0,0.0,,0.0,0.0,0.0,0.0,10775551,11174203,0.0,-0.8
21.608830691,0.0,0.0,,0.0,0.0,0.0,0.0,10775551,11174203,0.0,-0.8
21.612044335,0.0,0.0,,0.0,0.0,0.0,0.0,10775551,11174203,0.0,-0.8
21.679395438,0.0,0.0,,0.0,0.0,0.0,0.0,10775551,11174203,0.0,-0.8
21.693336964,0.0,0.0,,0.0,0.0,0.0,0.0,10775551,11174203,0.0,-0.8
21.708782435,0.0,0.0,,0.0,0.0,0.0,0.0,10775551,11174203,0.0,-0.8
21.748476029,0.0,0.0,,0.0,0.0,0.0,0.0,10775551,11174203,0.0,-0.8
21.808819294,0.0,0.0,,0.0,0.0,0.0,0.0,10775551,11174203,0.0,-0.8
21.823420287,0.0,0.0,,0.0,0.0,0.0,0.0,10775551,11174203,0.0,-0.8
21.843055725,0.0,0.0,,0.0,0.0,0.0,0.0,10775551,11174203,0.0,-0.8
21.904246331,0.0,0.0,,0.0,0.0,0.0,0.0,10775551,11174203,0.0,-0.8
21.908744574,0.0,0.0,,0.0,0.0,0.0,0.0,10775551,11174203,0.0,-0.8
21.975437165,0.0,0.0,,0.0,0.0,0.0,0.0,10775551,11174203,0.0,-0.8
21.994525671,0.0,0.0,,0.0,0.0,0.0,0.0,10775551,11174203,0.0,-0.8
22.008749962,0.0,0.0,,0.0,0.0,0.0,0.0,10775551,11174203,0.0,-0.8
22.045564413,0.0,0.0,,0.0,0.0,0.0,0.0,10775551,11174203,0.0,-0.8
22.109004736,0.0,0.0,,0.0,0.0,0.0,0.0,10775551,11174203,0.0,-0.8
22.108665705,0.0,0.0,,0.0,0.0,0.0,0.0,10775551,11174203,0.0,-0.8
22.155529976,0.0,0.0,,0.0,0.0,0.0,0.0,10775551,11174203,0.0,-0.8
22.199625492,0.0,0.0,,0.0,0.0,0.0,0.0,10775551,11174203,0.0,-0.8
22.208820343,0.0,0.0,,0.0,0.0,0.0,0.0,10775551,11174203,0.0,-0.8
22.275682688,0.0,0.0,,0.0,0.0,0.0,0.0,10775551,11174203,0.0,-0.8
22.293498755,0.0,0.0,,0.0,0.0,0.0,0.0,10775551,11174203,0.0,-0.8
22.30898571,0.0,0.0,,0.0,0.0,0.0,0.0,10775551,11174203,0.0,-0.8
22.347534657,0.0,0.0,,0.0,0.0,0.0,0.0,10775551,11174203,0.0,-0.8
22.408747435,0.0,0.0,,0.0,0.0,0.0,0.0,10775551,11174203,0.0,-0.8
22.419568777,0.0,0.0,,0.0,0.0,0.0,0.0,10775551,11174203,0.0,-0.8
22.463385105,0.0,0.0,,0.0,0.0,0.0,0.0,10775551,11174203,0.0,-0.8
22.494555474,0.0,0.0,,0.0,0.0,0.0,0.0,10775551,11174203,0.0,-0.8
22.508938551,0.0,0.0,,0.0,0.0,0.0,0.0,10775551,11174203,0.0,-0.8
22.555546522,0.0,0.0,,0.0,0.0,0.0,0.0,10775551,11174203,0.0,-0.8
22.608776093,0.0,0.0,,0.0,0.0,0.0,0.0,10775551,11174203,0.0,-0.8
22.623926163,0.0,0.0,,0.0,0.0,0.0,0.0,10775551,11174203,0.0,-0.8
22.645062685,0.0,0.0,,0.0,0.0,0.0,0.0,10775551,11174203,0.0,-0.8
22.703850031,0.0,0.0,,0.0,0.0,0.0,0.0,10775551,11174203,0.0,-0.8
22.70877266,0.0,0.0,,0.0,0.0,0.0,0.0,10775551,11174203,0.0,-0.8
22.751650811,0.0,0.0,,0.0,0.0,0.0,0.0,10775551,11174203,0.0,-0.8
22.793922663,0.0,0.0,,0.0,0.0,0.0,0.0,10775551,11174203,0.0,-0.8
22.808828354,0.0,0.0,,0.0,0.0,0.0,0.0,10775551,11174203,0.0,-0.8
22.856017828,0.0,0.0,,0.0,0.0,0.0,0.0,10775551,11174203,0.0,-0.8
22.908801318,0.0,0.0,,0.0,0.0,0.0,0.0,10775551,11174203,0.0,-0.8
22.935447693,0.0,0.0,,0.0,0.0,0.0,0.0,10775551,11174203,0.0,-0.8
22.944621802,0.0,0.0,,0.0,0.0,0.0,0.0,10775551,11174203,0.0,-0.8
23.007832051,0.0,0.0,,0.0,0.0,0.0,0.0,10775551,11174203,0.0,-0.8
23.008840323,0.0,0.0,,0.0,0.0,0.0,0.0,10775551,11174203,0.0,-0.8
23.087795973,0.0,0.0,,0.0,0.0,0.0,0.0,10775551,11174203,0.0,-0.8
23.094717503,0.0,0.0,,0.0,0.0,0.0,0.0,10775551,11174203,0.0,-0.8
23.108771086,0.0,0.0,,0.0,0.0,0.0,0.0,10775551,11174203,0.0,-0.8
23.163547278,0.0,0.0,,0.0,0.0,0.0,0.0,10775551,11174203,0.0,-0.8
23.208818913,0.0,0.0,,0.0,0.0,0.0,0.0,10775551,11174203,0.0,-0.8
23.239228487,0.0,0.0,,0.0,0.0,0.0,0.0,10775551,11174203,0.0,-0.8
23.24377203,0.0,0.0,,0.0,0.0,0.0,0.0,10775551,11174203,0.0,-0.8
23.30881548,0.0,0.0,,0.0,0.0,0.0,0.0,10775551,11174203,0.0,-0.8
23.316019535,0.0,0.0,,0.0,0.0,0.0,0.0,10775551,11174203,0.0,-0.8
23.387713433,0.0,0.0,,0.0,0.0,0.0,0.0,10775551,11174203,0.0,-0.8
23.394154787,0.0,0.0,,0.0,0.0,0.0,0.0,10775551,11174203,0.0,-0.8
23.408798218,0.0,0.0,,0.0,0.0,0.0,0.0,10775551,11174203,0.0,-0.8
23.459980727,0.0,0.0,,0.0,0.0,0.0,0.0,10775551,11174203,0.0,-0.8
23.508787871,0.0,0.0,,0.0,0.0,0.0,0.0,10775551,11174203,0.0,-0.8
23.531968832,0.0,0.0,,0.0,0.0,0.0,0.0,10775551,11174203,0.0,-0.8
23.543793917,0.0,0.0,,0.0,0.0,0.0,0.0,10775551,11174203,0.0,-0.8
23.607844591,0.0,0.0,,0.0,0.0,0.0,0.0,10775551,11174203,0.0,-0.8
23.60897708,0.0,0.0,,0.0,0.0,0.0,0.0,10775551,11174203,0.0,-0.8
23.675921678999998,0.0,0.0,,0.0,0.0,0.0,0.0,10775551,11174203,0.0,-0.8
23.693982125,0.0,0.0,,0.0,0.0,0.0,0.0,10775551,11174203,0.0,-0.8
23.708918095,0.0,0.0,,0.0,0.0,0.0,0.0,10775551,11174203,0.0,-0.8
23.752621413,0.0,0.0,,0.0,0.0,0.0,0.0,10775551,11174203,0.0,-0.8
23.808823347,0.0,0.0,,0.0,0.0,0.0,0.0,10775551,11174203,0.0,-0.8
23.827744484,0.0,0.0,,0.0,0.0,0.0,0.0,10775551,11174203,0.0,-0.8
23.843469382,0.0,0.0,,0.0,0.0,0.0,0.0,10775551,11174203,0.0,-0.8
23.904214621,0.0,0.0,,0.0,0.0,0.0,0.0,10775551,11174203,0.0,-0.8
23.908769846,0.0,0.0,,0.0,0.0,0.0,0.0,10775551,11174203,0.0,-0.8
23.975622176999998,0.0,0.0,,0.0,0.0,0.0,0.0,10775551,11174203,0.0,-0.8
23.993481398,0.0,0.0,,0.0,0.0,0.0,0.0,10775551,11174203,0.0,-0.8
24.008800269,0.0,0.0,,0.0,0.0,0.0,0.0,10775551,11174203,0.0,-0.8
24.051542521,0.0,0.0,,0.0,0.0,0.0,0.0,10775551,11174203,0.0,-0.8
24.109685421000002,0.0,0.0,,0.0,0.0,0.0,0.0,10775551,11174203,0.0,-0.8
24.119869709,0.0,0.0,,0.0,0.0,0.0,0.0,10775551,11174203,0.0,-0.8
24.191834212,0.0,0.0,,0.0,0.0,0.0,0.0,10775551,11174203,0.0,-0.8
24.194176197,0.0,0.0,,0.0,0.0,0.0,0.0,10775551,11174203,0.0,-0.8
24.20881033,0.0,0.0,,0.0,0.0,0.0,0.0,10775551,11174203,0.0,-0.8
24.268095255,0.0,0.0,,0.0,0.0,0.0,0.0,10775551,11174203,0.0,-0.8
24.299528599,0.0,0.0,,0.0,0.0,0.0,0.0,10775551,11174203,0.0,-0.8
24.308805466,0.0,0.0,,0.0,0.0,0.0,0.0,10775551,11174203,0.0,-0.8
24.342619181,0.0,0.0,,0.0,0.0,0.0,0.0,10775551,11174203,0.0,-0.8
24.408826113,0.0,0.0,,0.0,0.0,0.0,0.0,10775551,11174203,0.0,-0.8
24.411784649,0.0,0.0,,0.0,0.0,0.0,0.0,10775551,11174203,0.0,-0.8
24.467349291,0.0,0.0,,0.0,0.0,0.0,0.0,10775551,11174203,0.0,-0.8
24.491567612,0.0,0.0,,0.0,0.0,0.0,0.0,10775551,11174203,0.0,-0.8
24.508764028999998,0.0,0.0,,0.0,0.0,0.0,0.0,10775551,11174203,0.0,-0.8
24.551823616,0.0,0.0,,0.0,0.0,0.0,0.0,10775551,11174203,0.0,-0.8
24.608834744,0.0,0.0,,0.0,0.0,0.0,0.0,10775551,11174203,0.0,-0.8
24.619656325,0.0,0.0,,0.0,0.0,0.0,0.0,10775551,11174203,0.0,-0.8
24.695885897,0.0,0.0,,0.0,0.0,0.0,0.0,10775551,11174203,0.0,-0.8
24.70386076,0.0,0.0,,0.0,0.0,0.0,0.0,10775551,11174203,0.0,-0.8
24.708781481,0.0,0.0,,0.0,0.0,0.0,0.0,10775551,11174203,0.0,-0.8
24.767505408,0.0,0.0,,0.0,0.0,0.0,0.0,10775551,11174203,0.0,-0.8
24.808814526,0.0,0.0,,0.0,0.0,0.0,0.0,10775551,11174203,0.0,-0.8
24.835191012,0.0,0.0,,0.0,0.0,0.0,0.0,10775551,11174203,0.0,-0.8
24.842295885,0.0,0.0,,0.0,0.0,0.0,0.0,10775551,11174203,0.0,-0.8
24.908810377000002,0.0,0.0,,0.0,0.0,0.0,0.0,10775551,11174203,0.0,-0.8
24.915787936,0.0,0.0,,0.0,0.0,0.0,0.0,10775551,11174203,0.0,-0.8
24.992593527,0.0,0.0,,0.0,0.0,0.0,0.0,10775551,11174203,0.0,-0.8
24.995689154,0.0,0.0,,0.0,0.0,0.0,0.0,10775551,11174203,0.0,-0.8
25.008811951,0.0,0.0,,0.0,0.0,0.0,0.0,10775551,11174203,0.0,-0.8
25.071754933,0.0,0.0,,0.0,0.0,0.0,0.0,10775551,11174203,0.0,-0.8
25.108810425,0.0,0.0,,0.0,0.0,0.0,0.0,10775551,11174203,0.0,-0.8
25.143426895,0.0,0.0,,0.0,0.0,0.0,0.0,10775551,11174203,0.0,-0.8
25.145886898,0.0,0.0,,0.0,0.0,0.0,0.0,10775551,11174203,0.0,-0.8
25.208826304,0.0,0.0,,0.0,0.0,0.0,0.0,10775551,11174203,0.0,-0.8
25.21154356,0.0,0.0,,0.0,0.0,0.0,0.0,10775551,11174203,0.0,-0.8
25.280113936,0.0,0.0,,0.0,0.0,0.0,0.0,10775551,11174203,0.0,-0.8
25.295904398,0.0,0.0,,0.0,0.0,0.0,0.0,10775551,11174203,0.0,-0.8
25.308778286,0.0,0.0,,0.0,0.0,0.0,0.0,10775551,11174203,0.0,-0.8
25.351316929,0.0,0.0,,0.0,0.0,0.0,0.0,10775551,11174203,0.0,-0.8
25.40881157,0.0,0.0,,0.0,0.0,0.0,0.0,10775551,11174203,0.0,-0.8
25.423276186,0.0,0.0,,0.0,0.0,0.0,0.0,10775551,11174203,0.0,-0.8
25.466969967,0.0,0.0,,0.0,0.0,0.0,0.0,10775551,11174203,0.0,-0.8
25.493206263,0.0,0.0,,0.0,0.0,0.0,0.0,10775551,11174203,0.0,-0.8
25.508784771,0.0,0.0,,0.0,0.0,0.0,0.0,10775551,11174203,0.0,-0.8
25.560095549,0.0,0.0,,0.0,0.0,0.0,0.0,10775551,11174203,0.0,-0.8
25.608817339,0.0,0.0,,0.0,0.0,0.0,0.0,10775551,11174203,0.0,-0.8
25.627412081,0.0,0.0,,0.0,0.0,0.0,0.0,10775551,11174203,0.0,-0.8
25.643748284,0.0,0.0,,0.0,0.0,0.0,0.0,10775551,11174203,0.0,-0.8
25.704330683,0.0,0.0,,0.0,0.0,0.0,0.0,10775551,11174203,0.0,-0.8
25.708746434,0.0,0.0,,0.0,0.0,0.0,0.0,10775551,11174203,0.0,-0.8
25.775462389,0.0,0.0,,0.0,0.0,0.0,0.0,10775551,11174203,0.0,-0.8
25.79313016,0.0,0.0,,0.0,0.0,0.0,0.0,10775551,11174203,0.0,-0.8
25.808777333,0.0,0.0,,0.0,0.0,0.0,0.0,10775551,11174203,0.0,-0.8
25.85166502,0.0,0.0,,0.0,0.0,0.0,0.0,10775551,11174203,0.0,-0.8
25.908834935,0.0,0.0,,0.0,0.0,0.0,0.0,10775551,11174203,0.0,-0.8
25.923471213,0.0,0.0,,0.0,0.0,0.0,0.0,10775551,11174203,0.0,-0.8
25.942245245,0.0,0.0,,0.0,0.0,0.0,0.0,10775551,11174203,0.0,-0.8
26.004181862,0.0,0.0,,0.0,0.0,0.0,0.0,10775551,11174203,0.0,-0.8
26.008744002,0.0,0.0,,0.0,0.0,0.0,0.0,10775551,11174203,0.0,-0.8
26.079897881,0.0,0.0,,0.0,0.0,0.0,0.0,10775551,11174203,0.0,-0.8
26.092587948,0.0,0.0,,0.0,0.0,0.0,0.0,10775551,11174203,0.0,-0.8
26.109115363,0.0,0.0,,0.0,0.0,0.0,0.0,10775551,11174203,0.0,-0.8
26.151988507,0.0,0.0,,0.0,0.0,0.0,0.0,10775551,11174203,0.0,-0.8
26.20878315,0.0,0.0,,0.0,0.0,0.0,0.0,10775551,11174203,0.0,-0.8
26.227913142,0.0,0.0,,0.0,0.0,0.0,0.0,10775551,11174203,0.0,-0.8
26.241919041,0.0,0.0,,0.0,0.0,0.0,0.0,10775551,11174203,0.0,-0.8
26.30389309,0.0,0.0,,0.0,0.0,0.0,0.0,10775551,11174203,0.0,-0.8
26.308822155,0.0,0.0,,0.0,0.0,0.0,0.0,10775551,11174203,0.0,-0.8
26.353956461,0.0,0.0,,0.0,0.0,0.0,0.0,10775551,11174203,0.0,-0.8
26.408857584,0.0,0.0,,0.0,0.0,0.0,0.0,10775551,11174203,0.0,-0.8
26.447716475,0.0,0.0,,0.0,0.0,0.0,0.0,10775551,11174203,0.0,-0.8
26.44948721,0.0,0.0,,0.0,0.0,0.0,0.0,10775551,11174203,0.0,-0.8
26.508808136,0.0,0.0,,0.0,0.0,0.0,0.0,10775551,11174203,0.0,-0.8
26.519889593,0.0,0.0,,0.0,0.0,0.0,0.0,10775551,11174203,0.0,-0.8
26.591228962,0.0,0.0,,0.0,0.0,0.0,0.0,10775551,11174203,0.0,-0.8
26.594039202,0.0,0.0,,0.0,0.0,0.0,0.0,10775551,11174203,0.0,-0.8
26.608801604,0.0,0.0,,0.0,0.0,0.0,0.0,10775551,11174203,0.0,-0.8
26.656507016,0.0,0.0,,0.0,0.0,0.0,0.0,10775551,11174203,0.0,-0.8
26.708797932,0.0,0.0,,0.0,0.0,0.0,0.0,10775551,11174203,0.0,-0.8
26.722645283,0.0,0.0,,0.0,0.0,0.0,0.0,10775551,11174203,0.0,-0.8
26.742775679,0.0,0.0,,0.0,0.0,0.0,0.0,10775551,11174203,0.0,-0.8
26.808816672,0.0,0.0,,0.0,0.0,0.0,0.0,10775551,11174203,0.0,-0.8
26.815353394,0.0,0.0,,0.0,0.0,0.0,0.0,10775551,11174203,0.0,-0.8
26.863573075,0.0,0.0,,0.0,0.0,0.0,0.0,10775551,11174203,0.0,-0.8
26.893121958000002,0.0,0.0,,0.0,0.0,0.0,0.0,10775551,11174203,0.0,-0.8
26.908803463,0.0,0.0,,0.0,0.0,0.0,0.0,10775551,11174203,0.0,-0.8
26.967859269,0.0,0.0,,0.0,0.0,0.0,0.0,10775551,11174203,0.0,-0.8
27.008815527,0.0,0.0,,0.0,0.0,0.0,0.0,10775551,11174203,0.0,-0.8
27.039394856,0.0,0.0,,0.0,0.0,0.0,0.0,10775551,11174203,0.0,-0.8
27.042577744,0.0,0.0,,0.0,0.0,0.0,0.0,10775551,11174203,0.0,-0.8
27.108817578,0.0,0.0,,0.0,0.0,0.0,0.0,10775551,11174203,0.0,-0.8
27.111519814,0.0,0.0,,0.0,0.0,0.0,0.0,10775551,11174203,0.0,-0.8
27.179208279,0.0,0.0,,0.0,0.0,0.0,0.0,10775551,11174203,0.0,-0.8
27.191529274,0.0,0.0,,0.0,0.0,0.0,0.0,10775551,11174203,0.0,-0.8
27.208815813,0.0,0.0,,0.0,0.0,0.0,0.0,10775551,11174203,0.0,-0.8
27.247729063,0.0,0.0,,0.0,0.0,0.0,0.0,10775551,11174203,0.0,-0.8
27.308808327,0.0,0.0,,0.0,0.0,0.0,0.0,10775551,11174203,0.0,-0.8
27.319843531,0.0,0.0,,0.0,0.0,0.0,0.0,10775551,11174203,0.0,-0.8
27.387144089,0.0,0.0,,0.0,0.0,0.0,0.0,10775551,11174203,0.0,-0.8
27.393532992,0.0,0.0,,0.0,0.0,0.0,0.0,10775551,11174203,0.0,-0.8
27.408780098,0.0,0.0,,0.0,0.0,0.0,0.0,10775551,11174203,0.0,-0.8
27.455740929,0.0,0.0,,0.0,0.0,0.0,0.0,10775551,11174203,0.0,-0.8
27.50880313,0.0,0.0,0.035359383,0.0,0.0,0.0,0.0,10775551,11174203,0.0,-0.8
27.531453133,0.0,0.0,0.058009386,0.0,0.0,0.0,0.0,10775551,11174203,0.0,-0.8
27.544030905,0.0,0.0,0.070587158,0.0,0.0,0.0,0.0,10775551,11174203,0.0,-0.8
27.603723288,0.0,0.0,0.130279541,0.0,0.0,0.0,0.0,10775551,11174203,0.0,-0.8
27.60875845,0.0,0.0,0.135314703,0.0,0.0,0.0,0.0,10775551,11174203,0.0,-0.8
27.680168867,0.0,0.0,0.20672512,0.0,0.0,0.0,0.0,10775551,11174203,0.0,-0.8
27.69381404,0.0,0.0,0.220370293,0.0,0.0,0.0,0.0,10775551,11174203,0.0,-0.8
27.708784581,0.0,0.0,0.235340834,0.0,0.0,0.0,0.0,10775551,11174203,0.0,-0.8
27.744277001,0.0,0.0,0.270833254,0.0,0.0,0.0,0.0,10775551,11174203,0.0,-0.8
27.795042754,0.0,0.0,0.321599007,0.0,0.0,0.0,0.0,10775551,11174203,0.0,-0.8
27.808818579,0.0,0.0,0.335374832,0.0,0.0,0.0,0.0,10775551,11174203,0.0,-0.8
27.845791102,0.0,0.0,0.372347355,0.0,0.0,0.0,0.0,10775551,11174203,0.0,-0.8
27.908864737000002,0.0,0.0,0.43542099,0.0,0.0,0.0,0.0,10775551,11174203,0.0,-0.8
27.919368744,0.0,0.0,0.445924997,0.0,0.0,0.0,0.0,10775551,11174203,0.0,-0.8
27.99116993,0.0,0.0,0.517726183,0.0,0.0,0.0,0.0,10775551,11174203,0.0,-0.8
27.995237112,0.0,0.0,0.521793365,0.0,0.0,0.0,0.0,10775551,11174203,0.0,-0.8
28.008792162,0.0,0.0,0.535348415,0.0,0.0,0.0,0.0,10775551,11174203,0.0,-0.8
28.063826323,0.0,0.0,0.590382576,0.0,0.0,0.0,0.0,10775551,11174203,0.0,-0.8
28.108802319,0.0,0.0,0.635358572,0.0,0.0,0.0,0.0,10775551,11174203,0.0,-0.8
28.126767397,0.0,0.0,0.65332365,0.0,0.0,0.0,0.0,10775551,11174203,0.0,-0.8
28.144711495,0.0,0.0,0.671267748,0.0,0.0,0.0,0.0,10775551,11174203,0.0,-0.8
28.208834887,0.0,0.0,0.73539114,0.0,0.0,0.0,0.0,10775551,11174203,0.0,-0.8
28.22766161,0.0,0.0,0.754217863,0.0,0.0,0.0,0.0,10775551,11174203,0.0,-0.8
28.242954731,0.0,0.0,0.769510984,0.0,0.0,0.0,0.0,10775551,11174203,0.0,-0.8
28.295847178,0.0,0.0,0.822403431,0.0,0.0,0.0,0.0,10775551,11174203,0.0,-0.8
28.308778525,0.0,0.0,0.835334778,0.0,0.0,0.0,0.0,10775551,11174203,0.0,-0.8
28.367803812,0.0,0.0,0.894360065,0.0,0.0,0.0,0.0,10775551,11174203,0.0,-0.8
28.408801794,0.0,0.0,0.935358047,0.0,0.0,0.0,0.0,10775551,11174203,0.0,-0.8
28.443249941,0.0,0.0,0.969806194,0.0,0.0,0.0,0.0,10775551,11174203,0.0,-0.8
28.448110819,0.0,0.0,0.974667072,0.0,0.0,0.0,0.0,10775551,11174203,0.0,-0.8
28.508800507,0.0,0.0,0.03268075,0.0,0.0,0.0,0.0,10775551,11174203,0.0,-0.8
28.515682221,0.0,-0.45,0.001754523,0.0,0.0,0.0,0.0,10775551,11174203,0.0,-0.8
28.59123087,0.0,-0.45,0.017070294,0.0,0.0,0.0,0.0,10775551,11174203,0.0,-0.8
28.593372107,0.0,-0.45,-0.04047465299999997,0.0,0.0,0.0,0.0,10775551,11174203,0.0,-0.8
28.60897708,0.0,-0.45,-0.024869680000000005,0.0,0.0,0.0,0.0,10775551,11174203,0.0,-0.8
28.667779923,0.0,-0.45,-0.0062661170000000155,0.0,0.0,0.0,0.0,10775551,11174203,0.0,-0.8
28.70879364,0.0,-0.45,0.014860391,0.0,0.0,0.0,0.0,10775551,11174203,0.0,-0.8
28.743971587,0.0,-0.45,-0.010381697999999995,0.0,0.0,0.0,0.0,10775551,11174203,0.0,-0.8
28.75245452,0.0,-0.45,-0.001898764999999969,0.0,0.0,0.0,0.0,10775551,11174203,0.0,-0.8
28.793373824,0.0,-0.45,-0.0006070129999999896,0.0,0.0,0.0,0.0,10775551,11174203,0.0,-0.8
28.808830023,0.0,-0.45,0.014849186,0.0,0.0,0.0,0.0,10775551,11174203,0.0,-0.8
28.847506047,0.0,-0.45,0.013378859,0.0027287776175638472,-0.010370793669563828,0.0068770950853893785,-0.0014195398502616845,10776268,11174055,0.001089840927746543,-0.8000045141531115
28.908745051,0.0,-0.45,0.01460886,0.00853616259390013,-0.03256732204212788,0.021563091410751283,-0.004490766222951021,10777238,11173851,0.0025569508060921523,-0.800018838942606
28.907526493,0.0,-0.45,-0.04656839400000001,0.00853616259390013,-0.03256732204212788,0.03576254156129553,-0.007445292571232379,10778275,11173636,0.0025569508060921523,-0.800018838942606
28.948905707,0.0,-0.45,-0.0051891800000000154,0.014158624495031576,-0.05400979266565989,0.03576254156129553,-0.007445292571232379,10778275,11173636,0.004131196309690611,-0.8000436491775947
29.008811951,0.0,-0.45,0.01459837,0.014158624495031576,-0.05400979266565989,0.03576254156129553,-0.007445292571232379,10778275,11173636,0.004131196309690611,-0.8000436491775947
29.01154995,0.0,-0.45,0.017336369,0.020565469417412455,-0.07854321909116377,0.05198275705387796,-0.010851818219053051,10779343,11173412,0.005747386371490169,-0.8000791228864357
29.052506924,0.0,-0.45,0.018292427,0.026084531862325244,-0.10016749914800181,0.06615153152152597,-0.013982467796875488,10780397,11173177,0.007315461162995053,-0.8001232252509459
29.108911753,0.0,-0.45,0.014737606,0.02760705052902431,-0.10726436884102493,0.06615153152152597,-0.013982467796875488,10781433,11172932,0.008829636794863347,-0.800175108712169
29.108412743,0.0,-0.45,-0.04577374499999998,0.02760705052902431,-0.10726436884102493,0.0768262254438514,-0.017550782631612062,10782441,11172668,0.008829636794863347,-0.800175108712169
29.151925087,0.0,-0.45,-0.0022614010000000517,0.029637721406119668,-0.11797126009432932,0.0768262254438514,-0.017550782631612062,10782441,11172668,0.010253518789736587,-0.8002325830779399
29.207884312,0.0,-0.45,0.013899803,0.029756290424807992,-0.12089042409046954,0.07811246006099581,-0.01859987921137983,10783427,11172393,0.011613888273893808,-0.800295723502759
29.209290028,0.0,-0.45,0.015305519,0.029756290424807992,-0.12089042409046954,0.07811246006099581,-0.01859987921137983,10783427,11172393,0.011613888273893808,-0.800295723502759
29.249037743,0.0,-0.45,-0.004930495999999951,0.02915897302991277,-0.12200141161709352,0.07795953767675018,-0.019641591616924636,10784387,11172104,0.01289734567398165,-0.800362988942982
29.307893753,0.0,-0.45,0.013388395,0.028053617689613716,-0.1215322252694911,0.07666650779741016,-0.020559272418182728,10785343,11171803,0.014149781108708097,-0.8004361902233909
29.308950663,0.0,-0.45,-0.02498197599999996,0.028053617689613716,-0.1215322252694911,0.07666650779741016,-0.020559272418182728,10785343,11171803,0.014149781108708097,-0.8004361902233909
29.352519751,0.0,-0.45,-0.041810035999999995,0.027216906934775943,-0.1231875316221295,0.07649191958362775,-0.022058105714075862,10786307,11171491,0.015396011713941624,-0.8005166722256075
29.408822298,0.0,-0.45,-0.025426150000000036,0.027216906934775943,-0.1231875316221295,0.07269471545273602,-0.022071564295500487,10787277,11171166,0.015396011713941624,-0.8005166722256075
29.411716462,0.0,-0.45,-0.02253198599999995,0.025311575578617768,-0.11845784968529563,0.07269471545273602,-0.022071564295500487,10787277,11171166,0.016628345128885266,-0.8006039335315653
29.452311755,0.0,-0.45,-0.021712303000000044,0.025416182906924156,-0.1229839929872717,0.07460978010183283,-0.02377741428798452,10788244,11170828,0.01782955380991401,-0.8006965382343461
29.507798434,0.0,-0.45,0.013774634,0.02490463736709396,-0.12347714371573007,0.07460978010183283,-0.02377741428798452,10789200,11170480,0.018990076982012688,-0.800793299506913
29.508998156,0.0,-0.45,-0.025032759000000016,0.02490463736709396,-0.12347714371573007,0.07429549485338599,-0.02448622011919807,10789200,11170480,0.018990076982012688,-0.800793299506913
29.551303864,0.0,-0.45,-0.023057222000000044,0.024403039409813327,-0.12422572857468737,0.07409333083968828,-0.025287252020061622,10790139,11170128,0.020109917382564256,-0.8008936432923124
29.608818055,0.0,-0.45,-0.02549099899999996,0.024403039409813327,-0.12422572857468737,0.0714527632615386,-0.025303669262174068,10791089,11169772,0.020109917382564256,-0.8008936432923124
29.612054348,0.0,-0.45,-0.022254706000000013,0.023074546999682265,-0.12094554065464082,0.0714527632615386,-0.025303669262174068,10791089,11169772,0.021242454768628148,-0.8010022683202576
29.652080536,0.0,-0.45,-0.021899462000000036,0.02304601527689443,-0.12276071946707194,0.0721503030637232,-0.026058272509934345,10792051,11169421,0.022406679324535165,-0.801121324197027
29.708833695,0.0,-0.45,0.014391184,0.0227182928650453,-0.12162243214621629,0.0721503030637232,-0.026058272509934345,10793021,11169073,0.023591075225604153,-0.8012500009081274
29.708102703,0.0,-0.45,-0.04589152399999996,0.0227182928650453,-0.12162243214621629,0.07136726572353182,-0.025930679993441213,10793999,11168722,0.023591075225604153,-0.8012500009081274
29.752466917,0.0,-0.45,-0.04158163100000001,0.023912640596259988,-0.12766332545074263,0.07497797077655705,-0.02715268958403707,10793999,11168722,0.024784142362558034,-0.8013873072208154
29.807506085,0.0,-0.45,-0.02638983699999997,0.024097294144740995,-0.1284914978572902,0.07549389328765707,-0.02729930499817508,10794973,11168370,0.025966806684171444,-0.8015310307360498
29.80870986,0.0,-0.45,-0.025186061999999954,0.024097294144740995,-0.1284914978572902,0.07549389328765707,-0.02729930499817508,10794973,11168370,0.025966806684171444,-0.8015310307360498
29.848774672,0.0,-0.45,-0.025201558999999985,0.024077134030884205,-0.1287760853809948,0.07558756818328213,-0.02743330012151372,10795938,11168004,0.027104833780628054,-0.8016766957518214
29.90759039,0.0,-0.45,0.013744831,0.02381510062243259,-0.128604992410336,0.07525709758656698,-0.027626896341701807,10796919,11167622,0.02824188594072348,-0.8018297851188968
29.909503222,0.0,-0.45,-0.04434037199999996,0.02381510062243259,-0.128604992410336,0.07534507912322885,-0.028059713962198918,10797913,11167239,0.02824188594072348,-0.8018297851188968
29.951182127,0.0,-0.45,-0.0026614670000000284,0.023642682580514968,-0.1292559913567847,0.07534507912322885,-0.028059713962198918,10797913,11167239,0.029400662257743633,-0.8019935855019349
30.00747037,0.0,-0.45,0.013439417,0.023417331740652032,-0.12992735931356775,0.07538827546607914,-0.028553611984775074,10798911,11166848,0.030550744693952435,-0.8021639666265539
30.008772135,0.0,-0.45,0.014741182,0.023417331740652032,-0.12992735931356775,0.07538827546607914,-0.028553611984775074,10798911,11166848,0.030550744693952435,-0.8021639666265539
30.052629948,0.0,-0.45,-0.0012149809999999484,0.023760536278883762,-0.13333795712089516,0.07709571912724184,-0.029574646569474315,10799917,11166455,0.03171101660152808,-0.8023438085940844
30.107654333,0.0,-0.45,0.013764858,0.02315978625072362,-0.13106449475497356,0.07558558415271305,-0.029266011651265807,10800925,11166059,0.032868162462276494,-0.8025311408226543
30.109606505,0.0,-0.45,-0.024107933000000026,0.02315978625072362,-0.13106449475497356,0.07650822336101243,-0.029931371120991243,10801923,11165651,0.032868162462276494,-0.8025311408226543
30.149045945,0.0,-0.45,-0.04489588700000002,0.023288426120010593,-0.13304949310250458,0.07650822336101243,-0.029931371120991243,10801923,11165651,0.033982470416893465,-0.8027192452320345
30.207859516,0.0,-0.45,-0.025908947000000015,0.022781017823158882,-0.13195098451036694,0.07556141162730566,-0.0299993759809879,10802932,11165236,0.035103015598947594,-0.80291627016067
30.20882082,0.0,-0.45,-0.024947642999999964,0.022781017823158882,-0.13195098451036694,0.07556141162730566,-0.0299993759809879,10802932,11165236,0.035103015598947594,-0.80291627016067
30.250547886,0.0,-0.45,-0.023466348999999997,0.022963990098375738,-0.1342607314380128,0.07666828267358086,-0.030740302476829386,10803948,11164820,0.036233488163100486,-0.8031230417523941
30.307246924,0.0,-0.45,0.013417959,0.02290798189068796,-0.13546694232998902,0.07666828267358086,-0.030740302476829386,10804969,11164395,0.03735497517550219,-0.8033362051946678
30.308704615,0.0,-0.45,-0.025183438999999974,0.02290798189068796,-0.13546694232998902,0.07709475882268357,-0.03127879504130766,10804969,11164395,0.03735497517550219,-0.8033362051946678
30.352278470999998,0.0,-0.45,-0.041862727000000044,0.02325858345008776,-0.1392915576251798,0.07897520650015968,-0.03245803959998416,10805996,11163958,0.038463665489845145,-0.8035550002435904
30.407584429,0.0,-0.45,-0.026454449000000047,0.023007097000434316,-0.139498519773404,0.07880650490979592,-0.032792310908927286,10807030,11163505,0.039553881767705225,-0.8037782261308006
30.408773899,0.0,-0.45,-0.02526497900000002,0.023007097000434316,-0.139498519773404,0.07880650490979592,-0.032792310908927286,10807030,11163505,0.039553881767705225,-0.8037782261308006
30.448877335,0.0,-0.45,-0.025062322999999997,0.022797237498141255,-0.1407610447739762,0.07910165540773173,-0.03350718041144922,10808062,11163040,0.040616238859050656,-0.8040036941065124
30.508791447,0.0,-0.45,0.014985323,0.022797237498141255,-0.1407610447739762,0.07910165540773173,-0.03350718041144922,10808062,11163040,0.040616238859050656,-0.8040036941065124
30.512284756,0.0,-0.45,-0.02197265599999998,0.021766051871641136,-0.13800649500402593,0.07696864987325151,-0.03343654612996924,10810140,11162077,0.0416731909304877,-0.8042360404813834
30.550372601,0.0,-0.45,-0.04364824300000003,0.02181778654686262,-0.14144147498663376,0.07839437654151613,-0.034758803447790886,10810140,11162077,0.0427004021537098,-0.8044697305458726
30.60752225,0.0,-0.45,-0.02676653799999995,0.02158300559886201,-0.1433083449868842,0.07890634359361569,-0.035740332395891666,10811181,11161577,0.04370908079312623,-0.8047070460191128
30.609236479,0.0,-0.45,-0.025052308999999995,0.02158300559886201,-0.1433083449868842,0.07890634359361569,-0.035740332395891666,10811181,11161577,0.04370908079312623,-0.8047070460191128
30.65186143,0.0,-0.45,-0.022463321000000036,0.02193630354643339,-0.1501745536365715,0.082006125001062,-0.03813351790819522,10812228,11161069,0.044712242122301765,-0.8049509604361617
30.7088058,0.0,-0.45,0.014701843,0.02193630354643339,-0.1501745536365715,0.082006125001062,-0.03813351790819522,10812228,11161069,0.044712242122301765,-0.8049509604361617
30.712877751,0.0,-0.45,-0.04179167699999997,0.020630856770216994,-0.1445594768334862,0.07845464750361147,-0.03719293396317749,10814343,11160016,0.045706102247180316,-0.805200576787872
30.751644135,0.0,-0.45,-0.04232740400000001,0.02092174417691442,-0.15012241035087945,0.0809707083172662,-0.03912721996343736,10814343,11160016,0.04668319927463934,-0.8054539117713477
30.807715893,0.0,-0.45,-0.04638576500000002,0.020233755658831964,-0.14857132732470052,0.08033921503162131,-0.040147415301739,10816462,11158914,0.04763796567364284,-0.8057093087941192
30.808893442,0.0,-0.45,-0.04520821600000002,0.020233755658831964,-0.14857132732470052,0.08033921503162131,-0.040147415301739,10816462,11158914,0.04763796567364284,-0.8057093087941192
30.851690293,0.0,-0.45,-0.002411365000000054,0.020095899864941154,-0.1506082879167004,0.08033921503162131,-0.040147415301739,10816462,11158914,0.04856303187782246,-0.8059644428941108
30.908805371,0.0,-0.45,0.014873267,0.020095899864941154,-0.1506082879167004,0.08033921503162131,-0.040147415301739,10816462,11158914,0.04856303187782246,-0.8059644428941108
30.9121418,0.0,-0.45,0.018209696,0.019807593593230394,-0.15258353798049124,0.0808410087854269,-0.04122582159896611,10817521,11158335,0.049447378351601706,-0.8062158267606576
30.952151299,0.0,-0.45,0.018208504,0.019541103725436187,-0.15700806906668965,0.08234433135211205,-0.04326212390123968,10818578,11157746,0.050307657582515125,-0.8064677143174886
31.008969784,0.0,-0.45,0.014655828,0.019541103725436187,-0.15700806906668965,0.08234433135211205,-0.04326212390123968,10818578,11157746,0.050307657582515125,-0.8064677143174886
31.011787892,0.0,-0.45,-0.022085428000000018,0.0183655673861252,-0.15280297188144445,0.07948675613870299,-0.042755621366452584,10819638,11157153,0.05116408223369252,-0.8067258505274875
31.051616192,0.0,-0.45,-0.04247188599999996,0.018219049007484625,-0.15527341323934857,0.08032841430322406,-0.04389031628825481,10820708,11156551,0.052020242148826806,-0.8069914025866859
31.108826399,0.0,-0.45,-0.02535605399999996,0.018219049007484625,-0.15527341323934857,0.08098541670079548,-0.04477763129956908,10821785,11155944,0.052020242148826806,-0.8069914025866859
31.111856461,0.0,-0.45,-0.02232599199999996,0.0181038927006132,-0.1572038100004557,0.08098541670079548,-0.04477763129956908,10821785,11155944,0.05287788244151904,-0.8072650140951498
31.151599884,0.0,-0.45,-0.022713662000000023,0.017986517737873808,-0.15893391904171364,0.08156008535455928,-0.04558704987881166,10822861,11155321,0.05370232889916043,-0.8075354452341387
31.207468987,0.0,-0.45,0.013181448,0.017944411244785248,-0.1620075731920055,0.08156008535455928,-0.04558704987881166,10823939,11154680,0.05449548152851132,-0.8078028624147742
31.209792137,0.0,-0.45,-0.02451562900000004,0.017944411244785248,-0.1620075731920055,0.08274744052158745,-0.04685861803201695,10823939,11154680,0.05449548152851132,-0.8078028624147742
31.251299858,0.0,-0.45,-0.043012381000000044,0.017591516654500323,-0.16279638970883323,0.08271007253803361,-0.047527039229032966,10825017,11154031,0.05527191664067371,-0.8080718140530628
31.307498694,0.0,-0.45,-0.026815652999999995,0.0174247740602565,-0.1651930778347875,0.0835020051941715,-0.0486524570736585,10826099,11153389,0.0560659560349103,-0.808354226453901
31.308940173,0.0,-0.45,-0.02537417399999997,0.0174247740602565,-0.1651930778347875,0.0835020051941715,-0.0486524570736585,10826099,11153389,0.0560659560349103,-0.808354226453901
31.351667881,0.0,-0.45,-0.022392034999999977,0.017425845196364247,-0.16832201921414242,0.08475465288202122,-0.049902962489292726,10827187,11152744,0.05686302229162178,-0.8086451886921653
31.408813238,0.0,-0.45,0.014508724,0.017425845196364247,-0.16832201921414242,0.08475465288202122,-0.049902962489292726,10827187,11152744,0.05686302229162178,-0.8086451886921653
31.412534714,0.0,-0.45,-0.041810274000000036,0.016629905366914763,-0.16231234022543292,0.08413531585245915,-0.050257146067753,10829383,11151408,0.05764325755957925,-0.8089374861447511
31.451619625,0.0,-0.45,-0.002725363000000036,0.016939084892353073,-0.16799057740026518,0.08413531585245915,-0.050257146067753,10829383,11151408,0.05840310720539079,-0.8092295183208104
31.507920266,0.0,-0.45,0.013905526,0.016360691019193997,-0.16571897818898276,0.0826482822947871,-0.04992690025639911,10830484,11150724,0.05914617747190516,-0.8095224153432478
31.509248257,0.0,-0.45,0.015233517,0.016360691019193997,-0.16571897818898276,0.0826482822947871,-0.04992690025639911,10830484,11150724,0.05914617747190516,-0.8095224153432478
31.550756932,0.0,-0.45,-0.0034472939999999896,0.016310601910557432,-0.16806663499617758,0.08353725590902847,-0.0509160520879136,10831585,11150035,0.05987783067359926,-0.8098180824274008
31.6072433,0.0,-0.45,0.012921333,0.016332465232757897,-0.17150892259432304,0.08493603427048713,-0.05227110380497133,10832689,11149340,0.06060160093265186,-0.8101178424977481
31.608743191,0.0,-0.45,-0.02516198199999997,0.016332465232757897,-0.17150892259432304,0.08493603427048713,-0.05227110380497133,10832689,11149340,0.06060160093265186,-0.8101178424977481
31.65213275,0.0,-0.45,-0.042260646999999985,0.016268499674918627,-0.1749411631370605,0.08624496492974283,-0.05370796557990558,10833791,11148636,0.061303356597826104,-0.8104156203566447
31.707959175,0.0,-0.45,-0.025922537000000023,0.015455847490000799,-0.1706339611636543,0.08370943195546253,-0.05279773697546093,10834893,11147914,0.061970865841517224,-0.8107057719774272
31.711005450000002,0.0,-0.45,-0.022876262000000036,0.015455847490000799,-0.1706339611636543,0.08370943195546253,-0.05279773697546093,10834893,11147914,0.061970865841517224,-0.8107057719774272
31.749414921,0.0,-0.45,-0.024757624000000034,0.01530815882622924,-0.17249872176698672,0.08430764753302393,-0.05369132988056545,10835995,11147194,0.06263931802062028,-0.8110032939046496
31.807535172,0.0,-0.45,0.012524843,0.014792273305716985,-0.17065165820727543,0.08305293658862717,-0.0534683899771932,10837098,11146478,0.06331386852822614,-0.8113105971390716
31.809048891,0.0,-0.45,-0.04483771400000003,0.014792273305716985,-0.17065165820727543,0.08396873916435979,-0.054339184168200536,10838211,11145758,0.06331386852822614,-0.8113105971390716
31.851125956,0.0,-0.45,-0.0027606489999999484,0.014814777498079627,-0.17288490416570038,0.08396873916435979,-0.054339184168200536,10838211,11145758,0.06399611174557891,-0.8116286651393426
31.908911467,0.0,-0.45,0.014867783,0.014814777498079627,-0.17288490416570038,0.08396873916435979,-0.054339184168200536,10838211,11145758,0.06399611174557891,-0.8116286651393426
31.912180424,0.0,-0.45,-0.002829790000000054,0.014380898820104859,-0.1679126835912246,0.08154597225659471,-0.052784174616384995,10839334,11145032,0.06468242715390796,-0.8119560597501108
31.952542067,0.0,-0.45,-0.0015206340000000207,0.014887744440926859,-0.1747357462013977,0.08478204292148595,-0.05500655403963223,10840457,11144293,0.06534341891733594,-0.8122786398339189
32.000335932,0.0,-0.45,0.000847816,0.01508180608359393,-0.17907756939813685,0.08671283384284867,-0.05654922167566081,10841581,11143537,0.06597406076981113,-0.812593468974576
32.008776427,0.0,-0.45,-0.025220871000000034,0.01508180608359393,-0.17907756939813685,0.08671283384284867,-0.05654922167566081,10841581,11143537,0.06597406076981113,-0.812593468974576
32.053739548,0.0,-0.45,-0.04029250200000001,0.015029167547287628,-0.1842833634370319,0.08874251292210039,-0.058684177827525136,10842705,11142767,0.06657793924113656,-0.8129018102903739
32.108860731,0.0,-0.45,-0.025082589000000044,0.015029167547287628,-0.1842833634370319,0.08490682356196336,-0.0569487419202019,10843828,11141989,0.06657793924113656,-0.8129018102903739
32.113520384,0.0,-0.45,-0.020422936000000003,0.01397904082088073,-0.1773194568527066,0.08490682356196336,-0.0569487419202019,10843828,11141989,0.06716370510334752,-0.8132076571482604
32.150463105,0.0,-0.45,-0.02349638899999995,0.013859322261601012,-0.17988716706562208,0.08581418908784985,-0.05809554456464783,10844948,11141219,0.06775512794877783,-0.8135233018956176
32.207219839,0.0,-0.45,0.013196468,0.013530487472598558,-0.17859858574955761,0.08581418908784985,-0.05809554456464783,10846068,11140456,0.06835545179119734,-0.813850685678714
32.209639311,0.0,-0.45,-0.04421901699999997,0.013530487472598558,-0.17859858574955761,0.08572471218154408,-0.05864609413717606,10847194,11139682,0.06835545179119734,-0.813850685678714
32.252202511,0.0,-0.45,-0.0016558169999999484,0.013539309022184011,-0.18046350789840016,0.08572471218154408,-0.05864609413717606,10847194,11139682,0.06894440644293046,-0.8141788560999891
32.308810473,0.0,-0.45,0.014752627,0.013539309022184011,-0.18046350789840016,0.08572471218154408,-0.05864609413717606,10847194,11139682,0.06894440644293046,-0.8141788560999891
32.311746836,0.0,-0.45,0.01768899,0.013586221343407978,-0.18186996209407033,0.08572471218154408,-0.05864609413717606,10848334,11138895,0.06953197241930258,-0.8145133946566815
32.351645708,0.0,-0.45,0.017660617,0.013768564349258376,-0.185981269621934,0.08816107219803199,-0.060623943499515234,10849476,11138103,0.07011144819624762,-0.8148504709278206
32.407543898,0.0,-0.45,0.01357913,0.0134819216339843,-0.1825356772459287,0.08649619253235578,-0.059532349264387184,10850619,11137322,0.07070755437705839,-0.8152046109596364
32.40889597,0.0,-0.45,-0.025467872000000003,0.0134819216339843,-0.1825356772459287,0.08649619253235578,-0.059532349264387184,10850619,11137322,0.07070755437705839,-0.8152046109596364
32.450325728,0.0,-0.45,-0.04395961699999995,0.01354915655841548,-0.18427082208772988,0.08725748539350744,-0.060159172276676484,10851755,11136531,0.07127252816995967,-0.8155473478253884
32.509351731,0.0,-0.45,-0.02553868299999995,0.01354915655841548,-0.18427082208772988,0.08435583781981115,-0.058443585265322895,10852895,11135719,0.07127252816995967,-0.8155473478253884
32.513722897,0.0,-0.45,-0.02116751699999997,0.012956126277244129,-0.17849927885641756,0.08435583781981115,-0.058443585265322895,10852895,11135719,0.0718065935351252,-0.8158782025217436
32.55240202,0.0,-0.45,-0.02152180699999995,0.013034318356105558,-0.18509068329011105,0.08707059167214999,-0.061001954959938876,10854037,11134897,0.07232457428442973,-0.8162058733637536
32.60766697,0.0,-0.45,0.013647795,0.012394916988992956,-0.1826556183071199,0.08707059167214999,-0.061001954959938876,10855184,11134056,0.07281688820535157,-0.8165239094937665
32.608923674,0.0,-0.45,-0.044872283999999985,0.012394916988992956,-0.1826556183071199,0.08996042448058413,-0.06470093678385785,10856328,11133215,0.07281688820535157,-0.8165239094937665
32.651480914,0.0,-0.45,-0.002315044000000044,0.012629743848363136,-0.19332670158055246,0.08996042448058413,-0.06470093678385785,10856328,11133215,0.07330136022582528,-0.8168434469256187
32.708803416,0.0,-0.45,0.01468277,0.012629743848363136,-0.19332670158055246,0.08996042448058413,-0.06470093678385785,10856328,11133215,0.07330136022582528,-0.8168434469256187
32.712508202,0.0,-0.45,-0.001383542999999987,0.012192841029361787,-0.19198609098220926,0.08898727742224549,-0.06460159536352192,10857451,11132373,0.07374784789241136,-0.8171439979970403
32.751708746,0.0,-0.45,-0.0022656920000000413,0.011670694073187458,-0.19113277792281286,0.08812380524231261,-0.0647824170959377,10858567,11131515,0.0741551636351965,-0.8174238113538623
32.808878184,0.0,-0.45,0.014904499,0.010969084727314483,-0.1872059320453541,0.08585145754545613,-0.06391328809082716,10859717,11130651,0.0746036718759634,-0.8177383319926879
32.807756186,0.0,-0.45,-0.046201705999999954,0.010969084727314483,-0.1872059320453541,0.08963929416702515,-0.06704537310696534,10860880,11129795,0.0746036718759634,-0.8177383319926879
32.851850748,0.0,-0.45,-0.0021071440000000052,0.011296960530029904,-0.1958558340924881,0.08963929416702515,-0.06704537310696534,10860880,11129795,0.07508182607459163,-0.8180805854606636
32.908885956,0.0,-0.45,0.014758587,0.011296960530029904,-0.1958558340924881,0.08963929416702515,-0.06704537310696534,10860880,11129795,0.07508182607459163,-0.8180805854606636
32.912394047,0.0,-0.45,0.018266678,0.01116357602648884,-0.1943716044253202,0.08963929416702515,-0.06704537310696534,10862044,11128928,0.07554116328498257,-0.8184161736145553
32.948318005,0.0,-0.45,-0.005651235999999948,0.011242855562684818,-0.19559118602016826,0.08947932997075213,-0.06699361884538249,10863195,11128051,0.07596190247888335,-0.8187298739722574
33.008792639,0.0,-0.45,0.014789104,0.011242855562684818,-0.19559118602016826,0.08947932997075213,-0.06699361884538249,10863195,11128051,0.07596190247888335,-0.8187298739722574
33.011645556,0.0,-0.45,-0.022757291999999985,0.010698280777751645,-0.1897649933516724,0.08660427811842061,-0.06520771656291732,10864346,11127166,0.07636736889609529,-0.8190383827982359
33.052474022,0.0,-0.45,-0.04159998899999995,0.010800348015459454,-0.19852792109400608,0.09021151645306189,-0.06861082042214298,10865504,11126267,0.07675918724794786,-0.8193426470134929
33.107528687,0.0,-0.45,-0.026753186999999956,0.010595766387905409,-0.19971787956456702,0.09048291821373222,-0.0692913854379214,10866670,11125356,0.07714195596551375,-0.8196460339747268
33.109182358,0.0,-0.45,-0.025099516000000044,0.010595766387905409,-0.19971787956456702,0.09048291821373222,-0.0692913854379214,10866670,11125356,0.07714195596551375,-0.8196460339747268
33.151782036,0.0,-0.45,-0.022130490000000003,0.010508260844615244,-0.2054094286810965,0.09267203231705384,-0.07165551062782335,10867834,11124439,0.07750976956154496,-0.8199435827982997
33.208797455,0.0,-0.45,0.014432669,0.010508260844615244,-0.2054094286810965,0.09267203231705384,-0.07165551062782335,10867834,11124439,0.07750976956154496,-0.8199435827982997
33.211856127,0.0,-0.45,-0.022161961000000008,0.009781379102721713,-0.19731116790631853,0.08962254368437683,-0.07018496336752669,10870153,11122606,0.07786130791911654,-0.8202338054096499
33.248733759,0.0,-0.45,0.014715671,0.00971879015842507,-0.1997593838148794,0.08962254368437683,-0.07018496336752669,10870153,11122606,0.07822459833869314,-0.8205398416960676
33.308904171,0.0,-0.45,0.014904976,0.00971879015842507,-0.1997593838148794,0.08962254368437683,-0.07018496336752669,10870153,11122606,0.07822459833869314,-0.8205398416960676
33.312287093,0.0,-0.45,0.018287898,0.009351392224314727,-0.19372099890593247,0.08962254368437683,-0.07018496336752669,10871330,11121689,0.07860223112504042,-0.8208644889725326
33.352229357,0.0,-0.45,-0.001926898999999982,0.009852802112417403,-0.20280959599440548,0.0909766405101796,-0.0712710362853448,10872512,11120766,0.07897513266875043,-0.8211916628899422
33.399816752,0.0,-0.45,0.000542641,0.010064297141316361,-0.2076718113309712,0.09313302167370485,-0.07300442739107213,10873692,11119832,0.07932615338065015,-0.8215059842975417
33.408810854,0.0,-0.45,-0.025459766999999967,0.010064297141316361,-0.2076718113309712,0.09313302167370485,-0.07300442739107213,10873692,11119832,0.07932615338065015,-0.8215059842975417
33.451695681,0.0,-0.45,-0.02238130599999999,0.009993083801836125,-0.21182873396614588,0.09472457738829448,-0.07473840978462223,10874848,11118892,0.07963158121999438,-0.8217850532820201
33.508817673,0.0,-0.45,-0.02530384100000005,0.009993083801836125,-0.21182873396614588,0.09242078353200021,-0.07346072542136922,10875996,11117945,0.07963158121999438,-0.8217850532820201
33.511765957,0.0,-0.45,-0.022355557000000026,0.009480029055315496,-0.2073518861917118,0.09242078353200021,-0.07346072542136922,10875996,11117945,0.07991317938663196,-0.8220475805731995
33.548399926,0.0,-0.45,-0.025610208000000023,0.009124434499732575,-0.20661940055357864,0.09177219472116403,-0.07352332572169888,10877171,11116997,0.08022817276699172,-0.8223472842315286
33.608810425,0.0,-0.45,0.014513016,0.009124434499732575,-0.20661940055357864,0.09177219472116403,-0.07352332572169888,10877171,11116997,0.08022817276699172,-0.8223472842315286
33.611515761,0.0,-0.45,-0.02330112399999995,0.00859943485836219,-0.19928255980767398,0.08831245878143179,-0.07111358906470741,10878356,11116048,0.08055245387268284,-0.8226622004780766
33.651679039,0.0,-0.45,-0.04232096699999999,0.008569863444074732,-0.20109508169709597,0.08900789612291313,-0.07186816923476366,10879539,11115092,0.08086124950135513,-0.8229682860416029
33.707474709,0.0,-0.45,-0.026614665999999954,0.008685920048712548,-0.20469581929624447,0.09056424776721034,-0.07319240766978524,10880720,11114123,0.08114668193097553,-0.8232570995126305
33.709850312,0.0,-0.45,-0.024239063000000005,0.008685920048712548,-0.20469581929624447,0.09056424776721034,-0.07319240766978524,10880720,11114123,0.08114668193097553,-0.8232570995126305
33.751614094,0.0,-0.45,-0.02241921400000002,0.008806981107797263,-0.21152629391868757,0.0934174986752723,-0.07580353645967777,10881900,11113159,0.08143446357766335,-0.8235543323960299
33.807551146,0.0,-0.45,0.01338768,0.008686606576582573,-0.21069390000554217,0.09296416657879944,-0.0755909534256343,10883085,11112193,0.08172312276589642,-0.8238586827796581
33.809002638,0.0,-0.45,-0.044955731000000054,0.008686606576582573,-0.21069390000554217,0.09269907531192692,-0.07543516654463482,10884279,11111231,0.08172312276589642,-0.8238586827796581
33.848244906,0.0,-0.45,-0.005713462999999974,0.00863195438364605,-0.21016780232070215,0.09269907531192692,-0.07543516654463482,10884279,11111231,0.08202557214172199,-0.8241842393720069
33.907475949,0.0,-0.45,0.01256156,0.00849693316249394,-0.2051510772393049,0.09055736405821589,-0.07356349773322801,10885478,11110259,0.0823181758267158,-0.8245058388061083
33.909074784,0.0,-0.45,0.014160395,0.00849693316249394,-0.2051510772393049,0.09055736405821589,-0.07356349773322801,10885478,11110259,0.0823181758267158,-0.8245058388061083
33.951974392,0.0,-0.45,0.017883539,0.008665915994274222,-0.209619393195569,0.09251367327250183,-0.07518184128395339,10886663,11109284,0.08258577482699504,-0.8248061375023371
34.008819104,0.0,-0.45,0.014773131,0.008665915994274222,-0.209619393195569,0.09251367327250183,-0.07518184128395339,10886663,11109284,0.08258577482699504,-0.8248061375023371
34.011327744,0.0,-0.45,-0.04310798599999999,0.008185757719550657,-0.2013464199227262,0.09147469285491719,-0.07492873273341084,10889060,11107310,0.08285022164020972,-0.8251092157346267
34.052165032,0.0,-0.45,-0.0022706980000000154,0.008272980060753173,-0.20800428198541004,0.09147469285491719,-0.07492873273341084,10889060,11107310,0.08311520936766555,-0.8254194182229401
34.10889411,0.0,-0.45,0.014808416,0.008090753886695015,-0.20497526001657929,0.09008085789332673,-0.0738993501199367,10890263,11106325,0.08338307631974169,-0.8257397264624987
34.10801816,0.0,-0.45,0.013932466,0.008090753886695015,-0.20497526001657929,0.09008085789332673,-0.0738993501199367,10890263,11106325,0.08338307631974169,-0.8257397264624987
34.148576498,0.0,-0.45,-0.005386113999999997,0.008220227344018886,-0.20855056068003272,0.09164045161603197,-0.0751999969279942,10891464,11105343,0.08364879378108357,-0.8260642992797587
34.208840609,0.0,-0.45,0.014661551,0.00827582065258934,-0.21028581923032086,0.09164045161603197,-0.0751999969279942,10892662,11104354,0.08389912035220329,-0.826376690004992
34.208518029,0.0,-0.45,-0.025448798999999966,0.00827582065258934,-0.21028581923032086,0.09239014834471768,-0.075838507039539,10893861,11103356,0.08389912035220329,-0.826376690004992
34.25031662,0.0,-0.45,-0.04367470799999995,0.008235983995325574,-0.21086350069974308,0.0925813842752228,-0.07610941628457166,10893861,11103356,0.08413669115935589,-0.8266796392047872
34.307994366,0.0,-0.45,-0.025966405999999997,0.008085635283491079,-0.21059270392943724,0.09232271685526597,-0.07615144628828381,10895066,11102347,0.0843652074273296,-0.8269774916901991
34.311149359,0.0,-0.45,-0.022811413000000003,0.008085635283491079,-0.21059270392943724,0.09232271685526597,-0.07615144628828381,10895066,11102347,0.0843652074273296,-0.8269774916901991
34.351658345,0.0,-0.45,-0.022403240000000046,0.008066024437405492,-0.2153464255270419,0.09420459464822226,-0.07807254577341127,10896268,11101349,0.0845997719302462,-0.8272899897528867
34.407691717,0.0,-0.45,0.012693405,0.007906952813474373,-0.21371001757406888,0.09420459464822226,-0.07807254577341127,10897466,11100352,0.08482763799688856,-0.8276003043702359
34.410456896,0.0,-0.45,-0.04337453899999999,0.007906952813474373,-0.21371001757406888,0.09306324650513462,-0.07758398654598544,10898657,11099340,0.08482763799688856,-0.8276003043702359
34.448587418,0.0,-0.45,-0.00524401699999999,0.007739629979574586,-0.21330904131390008,0.09306324650513462,-0.07758398654598544,10898657,11099340,0.08502763706286301,-0.8278787794381043
34.508796215,0.0,-0.45,0.014609336,0.007739629979574586,-0.21330904131390008,0.09306324650513462,-0.07758398654598544,10898657,11099340,0.08502763706286301,-0.8278787794381043
34.512252093,0.0,-0.45,0.018065214,0.007224794348810314,-0.20623914911737012,0.08972045399575836,-0.07527086529813773,10899858,11098312,0.08521804863508564,-0.8281499679022454
34.551564694,0.0,-0.45,0.017519951,0.007129742883489665,-0.20906326820944904,0.09075505016726929,-0.07649556440028996,10901070,11097279,0.08541203635021674,-0.8284326634207687
34.60772872,0.0,-0.45,0.01381278,0.006948941091960453,-0.20579873252422318,0.09075505016726929,-0.07649556440028996,10902290,11096266,0.08563286017261464,-0.8287619594273546
34.608740807,0.0,-0.45,-0.04542851400000003,0.006948941091960453,-0.20579873252422318,0.09421054502615832,-0.07939218675487707,10903505,11095245,0.08563286017261464,-0.8287619594273546
34.651610136,0.0,-0.45,-0.002559184999999964,0.007409179135640626,-0.21700341472629422,0.09421054502615832,-0.07939218675487707,10903505,11095245,0.08583649969669181,-0.8290727731435221
34.709151507,0.0,-0.45,0.015226126,0.00752191018948474,-0.2177237272726055,0.09421054502615832,-0.07939218675487707,10904725,11094229,0.08604712448489917,-0.8294018821585987
34.708298684,0.0,-0.45,-0.005855320999999969,0.00752191018948474,-0.2177237272726055,0.09461140109852695,-0.07956758071955747,10904725,11094229,0.08604712448489917,-0.8294018821585987
34.748159409,0.0,-0.45,-0.005852222000000018,0.007657602842218857,-0.2178565901069023,0.09480023888497978,-0.07948503320054207,10905947,11093205,0.08624810725543551,-0.8297234915941043
34.808836937,0.0,-0.45,0.014872074,0.007657602842218857,-0.2178565901069023,0.09480023888497978,-0.07948503320054207,10905947,11093205,0.08624810725543551,-0.8297234915941043
34.811276436,0.0,-0.45,-0.02258777599999995,0.007364265597991859,-0.2108357937818224,0.09169858311072082,-0.0769700519147371,10908388,11091116,0.08642963621357166,-0.8300210960317793
34.849815131,0.0,-0.45,-0.044173479000000015,0.00732921335180213,-0.21393432803701354,0.09290294456660755,-0.0782445178630033,10908388,11091116,0.08659616734897953,-0.8303009032245295
34.907984734,0.0,-0.45,-0.025872946000000008,0.007143175089895017,-0.21528953500328407,0.09325898909120864,-0.0789726389114186,10909609,11090066,0.0867606075561792,-0.8305841612700127
34.909353018,0.0,-0.45,-0.02450466200000001,0.007143175089895017,-0.21528953500328407,0.09325898909120864,-0.0789726389114186,10909609,11090066,0.0867606075561792,-0.8305841612700127
34.951438904,0.0,-0.45,-0.022578716000000054,0.0071510512394330344,-0.22285743014063172,0.09629402329568573,-0.08199192081681966,10910828,11089030,0.08693330398765635,-0.8308891795852026
35.007721663,0.0,-0.45,0.013708592,0.007087752245344588,-0.22178586650006368,0.09629402329568573,-0.08199192081681966,10912051,11088002,0.08711381083561542,-0.8312161637041214
35.008975745,0.0,-0.45,-0.02492332399999997,0.007087752245344588,-0.22178586650006368,0.09515113018925372,-0.08110127977433762,10913270,11086953,0.08711381083561542,-0.8312161637041214
35.048020363,0.0,-0.45,0.014121294,0.007024925207458052,-0.22031551245448916,0.09515113018925372,-0.08110127977433762,10913270,11086953,0.0872680707201524,-0.8315029189520204
35.108853579,0.0,-0.45,0.014468432,0.007024925207458052,-0.22031551245448916,0.09515113018925372,-0.08110127977433762,10914491,11085885,0.0872680707201524,-0.8315029189520204
35.109560013,0.0,-0.45,0.015174866,0.006687333706717785,-0.21394977667877713,0.09226724437822864,-0.07889257696479307,10914491,11085885,0.08740406758535262,-0.8317625048661943
35.15153265,0.0,-0.45,-0.0028109549999999484,0.0065129231990333075,-0.22035471777745058,0.09465481031001355,-0.08162896391194693,10915714,11084812,0.0875345918456162,-0.8320184513192329
35.208854676,0.0,-0.45,0.014864922,0.0065129231990333075,-0.22035471777745058,0.09465481031001355,-0.08162896391194693,10915714,11084812,0.0875345918456162,-0.8320184513192329
35.212909222,0.0,-0.45,-0.04125523600000003,0.005960520211939643,-0.21116965376257016,0.09422465200482495,-0.08213268847802277,10918164,11082669,0.08766399203381098,-0.8322792513189416
35.251879692,0.0,-0.45,-0.002284766000000049,0.006045981763401091,-0.22044667560355966,0.09422465200482495,-0.08213268847802277,10918164,11082669,0.08779301820056036,-0.8325466314711193
35.307828427,0.0,-0.45,0.013637305,0.005955369784816228,-0.22109089166421492,0.09422465200482495,-0.08213268847802277,10919387,11081594,0.0879134006404622,-0.8328032765717636
35.308850527,0.0,-0.45,0.014659405,0.005955369784816228,-0.22109089166421492,0.0943917264505022,-0.08248098688086974,10919387,11081594,0.0879134006404622,-0.8328032765717636
35.348045349,0.0,-0.45,-0.005811691999999979,0.005893942640562297,-0.2224249851209674,0.09486393668894925,-0.08307605140782466,10920610,11080513,0.08802617906843377,-0.8330507764154201
35.40768528,0.0,-0.45,0.013717174,0.005830402168877778,-0.2241683309661648,0.09486393668894925,-0.08307605140782466,10921835,11079428,0.0881346632070507,-0.8332960053000351
35.409849644,0.0,-0.45,-0.024155378000000005,0.005830402168877778,-0.2241683309661648,0.0954977345553437,-0.08383693021758815,10921835,11079428,0.0881346632070507,-0.8332960053000351
35.4520607,0.0,-0.45,-0.042023659000000047,0.0057285586400473015,-0.22700464102556192,0.09653041505027207,-0.08507329777017747,10923069,11078334,0.088240406972397,-0.833542428250004
35.508793831,0.0,-0.45,-0.025130749000000008,0.0057285586400473015,-0.22700464102556192,0.09221816178684918,-0.0815070924791928,10924310,11077230,0.088240406972397,-0.833542428250004
35.511060715,0.0,-0.45,-0.02286386500000004,0.005355534653828188,-0.21715656783255244,0.09221816178684918,-0.0815070924791928,10924310,11077230,0.08834117056733073,-0.8337847174240558
35.551591158,0.0,-0.45,-0.02236318599999998,0.005383259239889623,-0.2245962702387138,0.09522176733537516,-0.08445524885559591,10925550,11076120,0.0884341925224983,-0.8340156882224632
35.607631207,0.0,-0.45,0.013721466,0.0052627420263838195,-0.22463698275010635,0.09511753512642636,-0.08459205107365872,10926793,11075004,0.08852251324896458,-0.834242341030374
35.610412836,0.0,-0.45,-0.023689269999999985,0.0052627420263838195,-0.22463698275010635,0.09600596712697826,-0.08561462223163332,10928034,11073892,0.08852251324896458,-0.834242341030374
35.647954703,0.0,-0.45,0.013852597,0.005195672447672467,-0.22702573669826448,0.09600596712697826,-0.08561462223163332,10928034,11073892,0.08860962525155867,-0.8344735593390094
35.708817721,0.0,-0.45,0.014883042,0.005195672447672467,-0.22702573669826448,0.09600596712697826,-0.08561462223163332,10929277,11072779,0.08860962525155867,-0.8344735593390094
35.711539507,0.0,-0.45,0.017604828,0.004937673939188744,-0.22008321171969256,0.09600596712697826,-0.08561462223163332,10929277,11072779,0.08869477828182214,-0.8347075455678714
35.749904633,0.0,-0.45,-0.004026890000000005,0.004975771487720507,-0.22331306610362042,0.09430099792916868,-0.08434945495372767,10930516,11071674,0.08877983883564237,-0.8349497013359044
35.80886674,0.0,-0.45,0.01478386,0.004975771487720507,-0.22331306610362042,0.09430099792916868,-0.08434945495372767,10930516,11071674,0.08877983883564237,-0.8349497013359044
35.811772347,0.0,-0.45,-0.022132158000000013,0.004799167290763989,-0.21563437012028452,0.0910529153388778,-0.08145458075734982,10931758,11070560,0.08885847601729052,-0.8351819162183711
35.854401589,0.0,-0.45,-0.03962039900000003,0.004902004454001678,-0.22522121701423514,0.09499049125969573,-0.08518648235169238,10932999,11069432,0.0889255679776942,-0.8353876927224196
35.908813715,0.0,-0.45,-0.025153160000000008,0.004902004454001678,-0.22522121701423514,0.09182802614858575,-0.08272621965719748,10934240,11068299,0.0889255679776942,-0.8353876927224196
35.912083865,0.0,-0.45,-0.021883010000000036,0.004550903245694134,-0.218192807257229,0.09182802614858575,-0.08272621965719748,10934240,11068299,0.08898745145752389,-0.8355850802871502
35.951675654,0.0,-0.45,-0.02232694599999996,0.0045237484695468955,-0.229607179557778,0.0963666202926581,-0.08731912335356432,10935480,11067166,0.08904653588825773,-0.8357813242192333
36.00770998,0.0,-0.45,0.013812303,0.00437961104311118,-0.23067108108872886,0.09664804347860273,-0.08788882139238037,10936719,11066029,0.08910072736292074,-0.8359690265643888
36.008777619,0.0,-0.45,-0.045130252999999954,0.00437961104311118,-0.23067108108872886,0.0969396695312406,-0.08840431876236175,10937957,11064895,0.08910072736292074,-0.8359690265643888
36.049608708,0.0,-0.45,-0.0042991639999999665,0.004267675384439423,-0.23167998536700293,0.0969396695312406,-0.08840431876236175,10937957,11064895,0.08915380413547419,-0.8361610245755394
36.109035254,0.0,-0.45,0.01496315,0.004267675384439423,-0.23167998536700293,0.0969396695312406,-0.08840431876236175,10939197,11063759,0.08915380413547419,-0.8361610245755394
36.110110998,0.0,-0.45,-0.003755092999999987,0.004162229033518164,-0.23076408135239787,0.0969396695312406,-0.08840431876236175,10939197,11063759,0.08920469309189188,-0.8363536140201754
36.151750088,0.0,-0.45,-0.0025391580000000413,0.004228006535441753,-0.23328390085044093,0.09754156687561813,-0.08908555380473462,10940436,11062636,0.0892590206900613,-0.8365690535523345
36.208806992,0.0,-0.45,0.014722586,0.004228006535441753,-0.23328390085044093,0.09754156687561813,-0.08908555380473462,10940436,11062636,0.0892590206900613,-0.8365690535523345
36.211812258,0.0,-0.45,-0.04210495999999997,0.004121474308200548,-0.2225732888439916,0.09432246020583468,-0.08586765684220116,10942913,11060390,0.08931180699881551,-0.8367888175736622
36.247878552,0.0,-0.45,-0.006038666000000026,0.0042274016818167615,-0.22523764631004478,0.09432246020583468,-0.08586765684220116,10942913,11060390,0.08935997010886527,-0.8369998285108184
36.308568716,0.0,-0.45,0.014542579,0.004288148797121735,-0.22661656180914608,0.09493477352078017,-0.0863584759265367,10944154,11059254,0.08940248887108729,-0.8371963972973434
36.310131073,0.0,-0.45,0.016104936,0.004288148797121735,-0.22661656180914608,0.09493477352078017,-0.0863584759265367,10944154,11059254,0.08940248887108729,-0.8371963972973434
36.351672888,0.0,-0.45,-0.002279043000000036,0.004242504826037177,-0.22678376490851032,0.09495601078944131,-0.08647100113736696,10945393,11058116,0.08944123312876325,-0.8373859310092233
36.408260584,0.0,-0.45,0.014051437,0.004123484349282093,-0.2290442733288814,0.09574119368083465,-0.08749422498227047,10946633,11056965,0.0894734597302963,-0.8375533257953895
36.409408093,0.0,-0.45,-0.04452300099999995,0.004123484349282093,-0.2290442733288814,0.09758804416153219,-0.08960718569086355,10947871,11055822,0.0894734597302963,-0.8375533257953895
36.451178551,0.0,-0.45,-0.0027525430000000517,0.003990429235334318,-0.23399403731549465,0.09758804416153219,-0.08960718569086355,10947871,11055822,0.08950581953964223,-0.8377323861967353
36.508796215,0.0,-0.45,0.014827728,0.003990429235334318,-0.23399403731549465,0.09758804416153219,-0.08960718569086355,10947871,11055822,0.08950581953964223,-0.8377323861967353
36.512700558,0.0,-0.45,-0.0012059210000000542,0.003672059759726169,-0.22448189175117114,0.09346481646019462,-0.08612069694074229,10949110,11054675,0.08953517425586018,-0.8379061387765853
36.547822953,0.0,-0.45,-0.006202459000000049,0.003676241728601308,-0.22838726346739793,0.09503114711556047,-0.08767866365835786,10950357,11053529,0.08956521280318978,-0.8380972456344323
36.607946396,0.0,-0.45,0.013848066,0.0037398530052999285,-0.2288608534630847,0.09503114711556047,-0.08767866365835786,10951616,11052380,0.08959552600074568,-0.8383057451974729
36.60913539,0.0,-0.45,-0.04478526100000002,0.0037398530052999285,-0.2288608534630847,0.0958707744010973,-0.08820225359138828,10952872,11051230,0.08959552600074568,-0.8383057451974729
36.649522782,0.0,-0.45,-0.004397869000000054,0.00383426040485451,-0.230091284990607,0.0958707744010973,-0.08820225359138828,10952872,11051230,0.08962242023913822,-0.838506986155463
36.708794117,0.0,-0.45,0.014437198,0.00383426040485451,-0.230091284990607,0.0958707744010973,-0.08820225359138828,10954127,11050089,0.08962242023913822,-0.838506986155463
36.70990038,0.0,-0.45,0.015543461,0.00399265643131512,-0.23148209910341017,0.0958707744010973,-0.08820225359138828,10954127,11050089,0.08964885926763891,-0.8387237327069534
36.75199914,0.0,-0.45,-0.0029313570000000233,0.004188421830229577,-0.2347614448684631,0.09809299977761482,-0.08971615611715567,10955374,11048955,0.08967261521150827,-0.8389388627975966
36.808877468,0.0,-0.45,0.014933586,0.004188421830229577,-0.2347614448684631,0.09809299977761482,-0.08971615611715567,10955374,11048955,0.08967261521150827,-0.8389388627975966
36.81174326,0.0,-0.45,-0.022219180999999977,0.004094202032936527,-0.22450516974392729,0.09524408158760161,-0.0869150359066331,10957887,11046655,0.08969332828056752,-0.8391485337934551
36.847798825,0.0,-0.45,0.013836384,0.0041645228404842555,-0.22769889686779338,0.09524408158760161,-0.0869150359066331,10957887,11046655,0.08971045728631485,-0.8393450727505976
36.910256148,0.0,-0.45,0.016108752,0.0041645228404842555,-0.22769889686779338,0.09524408158760161,-0.0869150359066331,10959145,11045497,0.08971045728631485,-0.8393450727505976
36.91219163,0.0,-0.45,0.018044234,0.003974592974868338,-0.22247399413750552,0.09296419062987055,-0.08501500468013387,10959145,11045497,0.08972487881406618,-0.839536066890472
36.949295998,0.0,-0.45,-0.004606007999999995,0.0039640653147474045,-0.2276560021846672,0.0950264661886143,-0.08709833555911949,10960398,11044338,0.0897363606169335,-0.8397157459748738
37.008089066,0.0,-0.45,0.013944149,0.0038747015436349647,-0.2312026986304536,0.0963557809958164,-0.08860637790854647,10961653,11043172,0.08974525880793863,-0.8398859822532602
37.009008646,0.0,-0.45,-0.02497053199999999,0.0038747015436349647,-0.2312026986304536,0.0963557809958164,-0.08860637790854647,10961653,11043172,0.08974525880793863,-0.8398859822532602
37.051309109,0.0,-0.45,-0.043588877000000026,0.0038101012429157394,-0.23953470087833698,0.09962398159425054,-0.09200377910841906,10962908,11042005,0.08975210431991439,-0.8400543964804372
37.107913733,0.0,-0.45,-0.02608847599999997,0.0036500957429998065,-0.23839302001119522,0.0990073037474779,-0.09170711226147829,10964165,11040830,0.0897566551560901,-0.8402113915604977
37.109035254,0.0,-0.45,-0.024966955000000013,0.0036500957429998065,-0.23839302001119522,0.0990073037474779,-0.09170711226147829,10964165,11040830,0.0897566551560901,-0.8402113915604977
37.147802592,0.0,-0.45,-0.02616786900000001,0.0034794985531440142,-0.2364427909049434,0.09805661491512138,-0.09109761780883335,10965419,11039656,0.0897593139761117,-0.8403645987584706
37.207405091,0.0,-0.45,0.013063431,0.003319151000764381,-0.23489918499459028,0.0972788249986005,-0.09064052299707173,10966665,11038485,0.08976014414307511,-0.8405082497353483
37.208990336,0.0,-0.45,-0.024955033999999987,0.003319151000764381,-0.23489918499459028,0.0972788249986005,-0.09064052299707173,10967916,11037318,0.08976014414307511,-0.8405082497353483
37.249281168,0.0,-0.45,-0.02458405500000005,0.0032230858308272756,-0.23471849416169024,0.09711048349550339,-0.09066431183384883,10967916,11037318,0.08975921106109831,-0.8406691388103757
37.308954239,0.0,-0.45,-0.025120259000000034,0.003091465097984386,-0.2264481185413327,0.09367071251451747,-0.0874877823185487,10969174,11036147,0.08975630660833663,-0.8408357514123009
37.30858326,0.0,-0.45,-0.02549123799999997,0.003091465097984386,-0.2264481185413327,0.09367071251451747,-0.0874877823185487,10969174,11036147,0.08975630660833663,-0.8408357514123009
37.351074458,0.0,-0.45,-0.022898434999999995,0.003170142183157712,-0.23374930884505044,0.09666986572117789,-0.09032958135486246,10970428,11034967,0.08975218464309731,-0.8409774294602933
37.409730912,0.0,-0.45,0.015799284,0.003170142183157712,-0.23374930884505044,0.09666986572117789,-0.09032958135486246,10970428,11034967,0.08975218464309731,-0.8409774294602933
37.412107945,0.0,-0.45,-0.041822672000000005,0.002976958992620113,-0.22494315320476418,0.09457183232140445,-0.08869800649315718,10972914,11032619,0.08974657698878652,-0.8411152226431042
37.44758606,0.0,-0.45,-0.006344557000000028,0.0029369129141236378,-0.22908729851820203,0.09457183232140445,-0.08869800649315718,10972914,11032619,0.0897399769538757,-0.8412414652045622
37.509057761,0.0,-0.45,0.014991284,0.0029369129141236378,-0.22908729851820203,0.09457183232140445,-0.08869800649315718,10974169,11031431,0.0897399769538757,-0.8412414652045622
37.51210928,0.0,-0.45,0.018042803,0.0027125408853660923,-0.2233712656602184,0.09206104714945346,-0.08663596537872127,10974169,11031431,0.08973177822784328,-0.8413695333869629
37.549675942,0.0,-0.45,-0.004263161999999987,0.002628964048442123,-0.22840174869119947,0.09398966352492191,-0.08873173542803767,10975423,11030234,0.08972352497101022,-0.8414783975509673
37.608814717,0.0,-0.45,0.014836312,0.002628964048442123,-0.22840174869119947,0.09398966352492191,-0.08873173542803767,10975423,11030234,0.08972352497101022,-0.8414783975509673
37.611855507,0.0,-0.45,-0.022254706000000013,0.0024685965266785653,-0.23091891277853224,0.09483616163809147,-0.08989896858473434,10976673,11029031,0.08971566576060233,-0.8415680766126479
37.651198149,0.0,-0.45,-0.042789221000000044,0.0022996573722464664,-0.24068759077033589,0.09857469368038083,-0.0939753789358879,10977914,11027838,0.08970657244723634,-0.8416595639723895
37.708717108,0.0,-0.45,-0.02528858199999995,0.0021985943849813228,-0.23955496244684168,0.098020579363718,-0.09362339059375535,10979165,11026648,0.08969365820502048,-0.8417756861452067
37.711995125,0.0,-0.45,-0.022010564999999982,0.0021985943849813228,-0.23955496244684168,0.098020579363718,-0.09362339059375535,10979165,11026648,0.08969365820502048,-0.8417756861452067
37.752564192,0.0,-0.45,-0.021629094999999987,0.0023547076436306047,-0.24405215724623805,0.09997557054212583,-0.09526615525486462,10980433,11025458,0.08967539843812618,-0.8419239655932182
37.807440281,0.0,-0.45,0.013438463,0.0024761352707125678,-0.24226355337176103,0.09938155661941699,-0.09442928607799185,10981710,11024262,0.08965461431051189,-0.8420777127604083
37.809267283,0.0,-0.45,-0.02478551799999995,0.0024761352707125678,-0.24226355337176103,0.09938155661941699,-0.09442928607799185,10981710,11024262,0.08965461431051189,-0.8420777127604083
37.851908446,0.0,-0.45,-0.04221415500000003,0.002782443427430052,-0.24457302292571592,0.10061165259771641,-0.09504676574285631,10982982,11023067,0.0896331314386373,-0.8422236238823483
37.908797264,0.0,-0.45,-0.025343656999999964,0.002782443427430052,-0.24457302292571592,0.09675583100241113,-0.09114375026046587,10984248,11021878,0.0896331314386373,-0.8422236238823483
37.911341191,0.0,-0.45,-0.022799730000000018,0.0028060403709726303,-0.23487447657859623,0.09675583100241113,-0.09114375026046587,10984248,11021878,0.08960993481283482,-0.8423692723833399
37.951827765,0.0,-0.45,-0.021987438000000026,0.0029361423646579107,-0.2357836107472798,0.09724958666356984,-0.09137730193425402,10985523,11020690,0.08958178664900394,-0.842533515726703
38.008837223,0.0,-0.45,0.01489973,0.0029361423646579107,-0.2357836107472798,0.09724958666356984,-0.09137730193425402,10985523,11020690,0.08958178664900394,-0.842533515726703
38.011492014,0.0,-0.45,-0.022492171000000005,0.003029955738351957,-0.22935752833244538,0.09477296707133012,-0.08871305559462621,10986804,11019507,0.08954789889941116,-0.8427181384971735
38.052424193,0.0,-0.45,-0.041522740999999974,0.003315990234397992,-0.23904674949790927,0.0989346900335617,-0.09230270956476572,10988079,11018317,0.08951661843387917,-0.8428779124109387
38.107638359,0.0,-0.45,-0.027206421000000036,0.0033825623546483094,-0.2397002967870017,0.09926268106944898,-0.09249755636015236,10989355,11017126,0.08948345277023265,-0.8430373056661242
38.109399557,0.0,-0.45,-0.02544522299999996,0.0033825623546483094,-0.2397002967870017,0.09926268106944898,-0.09249755636015236,10989355,11017126,0.08948345277023265,-0.8430373056661242
38.149387122,0.0,-0.45,-0.024590730000000005,0.003387403983853003,-0.2394446603733294,0.09916526813318476,-0.09239046016547875,10990631,11015932,0.08944964125921492,-0.8431906841098372
38.20881033,0.0,-0.45,0.013637781,0.003387403983853003,-0.2394446603733294,0.09916526813318476,-0.09239046016547875,10990631,11015932,0.08944964125921492,-0.8431906841098372
38.21135211,0.0,-0.45,-0.02260065099999997,0.0032646730515221434,-0.23827013632136732,0.09857272758006907,-0.09204338147702479,10991909,11014727,0.08941791946213233,-0.8433268608052145
38.251716137,0.0,-0.45,-0.042282343,0.003162242582460173,-0.23804691446411222,0.09838100836810507,-0.09205652320318472,10993185,11013527,0.08938321550221182,-0.8434682322920994
38.307829619,0.0,-0.45,-0.026126384999999974,0.002908824016909242,-0.2321769889013187,0.09577961957743672,-0.08996197154361824,10994461,11012317,0.08935161855948992,-0.8435906348165625
38.309890986,0.0,-0.45,-0.02406501800000005,0.002908824016909242,-0.2321769889013187,0.09577961957743672,-0.08996197154361824,10994461,11012317,0.08935161855948992,-0.8435906348165625
38.352356196,0.0,-0.45,-0.02156114600000003,0.0028957524914273933,-0.2414552950296362,0.09947787050328188,-0.0936863655204271,10995737,11011111,0.08931656614277322,-0.8437200482301932
38.408833981,0.0,-0.45,0.015022755,0.0028957524914273933,-0.2414552950296362,0.09947787050328188,-0.0936863655204271,10995737,11011111,0.08931656614277322,-0.8437200482301932
38.411855698,0.0,-0.45,-0.02215671500000005,0.0026960367716707886,-0.2331669789911242,0.0974428363892968,-0.09210809257517572,10998294,11008689,0.08928049537535554,-0.8438471916829162
38.448904991,0.0,-0.45,0.014892578,0.0026673719070605395,-0.23693866120559062,0.0974428363892968,-0.09210809257517572,10998294,11008689,0.08924454650035382,-0.8439683874880021
38.508176327,0.0,-0.45,0.014207125,0.0025954821189596647,-0.23353419727888125,0.0974428363892968,-0.09210809257517572,10999571,11007481,0.08920545858609424,-0.8440946360238005
38.509464741,0.0,-0.45,0.015495539,0.0025954821189596647,-0.23353419727888125,0.0974428363892968,-0.09210809257517572,10999571,11007481,0.08920545858609424,-0.8440946360238005
38.55160594,0.0,-0.45,0.017742157,0.002578185590050408,-0.2360487965202472,0.09699770419814929,-0.09184133301804848,11000845,11006269,0.08916898822590882,-0.8442076506088128
38.607353926,0.0,-0.45,0.013455629,0.002586344466257884,-0.23950773563431046,0.09838943871998207,-0.0932167497874663,11002125,11005057,0.08912751226981465,-0.8443311159664402
38.609052658,0.0,-0.45,-0.025003195000000034,0.002586344466257884,-0.23950773563431046,0.09838943871998207,-0.0932167497874663,11002125,11005057,0.08912751226981465,-0.8443311159664402
38.652162314,0.0,-0.45,-0.04182910900000003,0.0026257035652679367,-0.24338572805597253,0.09997999478765696,-0.09472858765712108,11003402,11003851,0.08908267685847311,-0.8444595043323316
38.708808899,0.0,-0.45,-0.025185824000000023,0.0026257035652679367,-0.24338572805597253,0.09638444385852113,-0.09118622845062031,11004680,11002648,0.08908267685847311,-0.8444595043323316
38.711307764,0.0,-0.45,-0.02268695899999995,0.002599107703950408,-0.23446334038642677,0.09638444385852113,-0.09118622845062031,11004680,11002648,0.089033707686785,-0.8445945536291061
38.748841524,0.0,-0.45,-0.02514910699999995,0.002666220315892316,-0.23756035694355054,0.09769036309331254,-0.09235792246152791,11005957,11001440,0.08898718084195069,-0.8447182541163412
38.807644606,0.0,-0.45,0.012754202,0.002625018276636318,-0.23405883010726938,0.09624855031954407,-0.09099851376627144,11007237,11000225,0.08894196216924032,-0.8448342516167597
38.809114457,0.0,-0.45,-0.025314331000000023,0.002625018276636318,-0.23405883010726938,0.09624855031954407,-0.09099851376627144,11007237,11000225,0.08894196216924032,-0.8448342516167597
38.851428032,0.0,-0.45,-0.04251980799999999,0.002693824317463525,-0.23623139515313518,0.0971863823787176,-0.09179873374379055,11008517,10999025,0.08888461698482689,-0.8449763468125236
38.908818245,0.0,-0.45,-0.02539730100000004,0.002691197045197921,-0.2390755657621912,0.0983214233500744,-0.09293902925967856,11009799,10997805,0.0888388583290042,-0.8450859302465583
38.907977105,0.0,-0.45,-0.026238440999999946,0.002691197045197921,-0.2390755657621912,0.0983214233500744,-0.09293902925967856,11009799,10997805,0.0888388583290042,-0.8450859302465583
38.952330351,0.0,-0.45,-0.021634578999999987,0.002647767317689953,-0.24301012958655416,0.09985181915231162,-0.09455628451693171,11011079,10996579,0.08879786160388776,-0.8451808887768557
39.009354115,0.0,-0.45,0.015404701,0.002647767317689953,-0.24301012958655416,0.09985181915231162,-0.09455628451693171,11011079,10996579,0.08879786160388776,-0.8451808887768557
39.011970044,0.0,-0.45,-0.04202771100000002,0.002342126388456073,-0.23462954670162134,0.09752569336605715,-0.09305938203416111,11013640,10994119,0.0887596259015736,-0.8452666006068776
39.049353361,0.0,-0.45,-0.004644394000000052,0.0022331556659480195,-0.23823134425027281,0.09752569336605715,-0.09305938203416111,11013640,10994119,0.08871796068565109,-0.8453570666491241
39.107559204,0.0,-0.45,0.013579607,0.0021437841285877196,-0.23938154204527415,0.09752569336605715,-0.09305938203416111,11014923,10992893,0.08867110113813116,-0.8454556754989246
39.110005141,0.0,-0.45,0.016025544,0.0021437841285877196,-0.23938154204527415,0.09789640094669738,-0.09360883268952194,11014923,10992893,0.08867110113813116,-0.8454556754989246
39.152076483,0.0,-0.45,-0.0017750260000000129,0.0020766176135489645,-0.23996832026396522,0.09806394571913506,-0.09391071049203713,11016203,10991663,0.0886289596345139,-0.8455416742149333
39.207525492,0.0,-0.45,0.013486385,0.0020324646212043287,-0.24263409823357235,0.09908610391463328,-0.09502117467222462,11017483,10990426,0.08859182920430562,-0.8456151909459217
39.21029687,0.0,-0.45,-0.023707628000000036,0.0020324646212043287,-0.24263409823357235,0.09908610391463328,-0.09502117467222462,11017483,10990426,0.08859182920430562,-0.8456151909459217
39.252452135,0.0,-0.45,-0.041649342000000034,0.001956618033107038,-0.24553657136924964,0.1001712465808069,-0.09625801051459282,11018762,10989195,0.08854939795820987,-0.8456967520561105
39.307938576,0.0,-0.45,-0.026151896000000008,0.0018558725232257975,-0.23935508774341321,0.09759790762059108,-0.09388616257413948,11020046,10987961,0.08850417759849702,-0.8457811724597444
39.309826613,0.0,-0.45,-0.024263859000000054,0.0018558725232257975,-0.23935508774341321,0.09759790762059108,-0.09388616257413948,11020046,10987961,0.08850417759849702,-0.8457811724597444
39.348661185,0.0,-0.45,-0.025264500999999995,0.0018450107503361624,-0.24189286362656706,0.09860215620096299,-0.09491213470029067,11021326,10986728,0.08846071865113782,-0.845860010402301
39.409180165,0.0,-0.45,0.014918328,0.001808563820796416,-0.23706298628674216,0.09860215620096299,-0.09491213470029067,11022608,10985493,0.08841631268749892,-0.8459383188417275
39.408807993,0.0,-0.45,-0.025263786999999982,0.001808563820796416,-0.23706298628674216,0.09663375833549329,-0.09301663069390045,11022608,10985493,0.08841631268749892,-0.8459383188417275
39.451518774,0.0,-0.45,-0.04266309800000001,0.0018346927830886206,-0.23925765549950115,0.09753775498288908,-0.09386836941671184,11023888,10984263,0.08836807447184067,-0.8460210519066556
39.50880909,0.0,-0.45,-0.025154352000000046,0.0018346927830886206,-0.23925765549950115,0.09406117269169893,-0.09057144833039098,11025171,10983023,0.08836807447184067,-0.8460210519066556
39.512662173,0.0,-0.45,-0.021301268999999956,0.0017448621806539777,-0.23079077627761238,0.09406117269169893,-0.09057144833039098,11025171,10983023,0.08832573306861828,-0.8460916959733268
39.5525136,0.0,-0.45,-0.021431922999999964,0.0018173623500112798,-0.24003880318284182,0.097832883623148,-0.09419815892312544,11026451,10981793,0.08827551516681774,-0.8461732425724038
39.60886693,0.0,-0.45,0.014883518,0.0018478786521650623,-0.24074600253950584,0.097832883623148,-0.09419815892312544,11027730,10980567,0.08822125119974145,-0.8462590372557182
39.607948065,0.0,-0.45,-0.026395559000000013,0.0018478786521650623,-0.24074600253950584,0.09878189058279932,-0.09505975995917995,11029006,10979338,0.08822125119974145,-0.8462590372557182
39.648445845,0.0,-0.45,0.014102221,0.0018610653118096843,-0.24230206317747408,0.09878189058279932,-0.09505975995917995,11029006,10979338,0.08817222119812174,-0.8463345366612344
39.708084584,0.0,-0.45,0.01402855,0.0018836431106795254,-0.24389374730001545,0.09878189058279932,-0.09505975995917995,11030285,10978104,0.08812441114748094,-0.8464062532164943
39.709136725,0.0,-0.45,0.015080691,0.0018836431106795254,-0.24389374730001545,0.09878189058279932,-0.09505975995917995,11030285,10978104,0.08812441114748094,-0.8464062532164943
39.752067566,0.0,-0.45,0.018127918,0.001878254320457011,-0.24245714902439602,0.09944114203068571,-0.09567385580932666,11031564,10976875,0.0880703357512154,-0.84648529457909
39.808851004,0.0,-0.45,0.014769316,0.001878254320457011,-0.24245714902439602,0.09886111393021542,-0.0951046052893014,11031564,10976875,0.0880703357512154,-0.84648529457909
39.811101675,0.0,-0.45,-0.023089170999999964,0.0018384944276871665,-0.23297344227260056,0.09502787133672738,-0.09135088248135305,11032842,10975654,0.08800761598719678,-0.8465746576232089
39.852669239,0.0,-0.45,-0.04137230000000003,0.0019411430971513696,-0.23985115975278207,0.09788160699826419,-0.09399932080396145,11034111,10974434,0.08795278726316703,-0.846650830438297
39.907978058,0.0,-0.45,-0.025939703000000036,0.0019688153678000878,-0.23966168703084975,0.09783349018013998,-0.0938958594445398,11035387,10973211,0.08789250107677561,-0.8467325059030233
39.909293175,0.0,-0.45,-0.02462458599999995,0.0019688153678000878,-0.23966168703084975,0.09783349018013998,-0.0938958594445398,11035387,10973211,0.08789250107677561,-0.8467325059030233
39.952650547,0.0,-0.45,-0.023629427000000036,0.0019475157175452562,-0.2460474341781521,0.1003664893888061,-0.09647145795371559,11036665,10971973,0.08784626274367019,-0.8467935951431584
40.0088408,0.0,-0.45,0.013778687,0.0019475157175452562,-0.2460474341781521,0.1003664893888061,-0.09647145795371559,11036665,10971973,0.08784626274367019,-0.8467935951431584
40.011258602,0.0,-0.45,-0.022860289000000034,0.001793977797616024,-0.23773353956691584,0.09688739362438237,-0.09329943802915032,11039221,10969494,0.08779929005838362,-0.8468541215468648
40.049771548,0.0,-0.45,-0.044240473999999974,0.0017300907650641267,-0.2406240337114215,0.09797970424963273,-0.09451952271950448,11039221,10969494,0.08775516977546258,-0.8469095815829724
40.108807326,0.0,-0.45,-0.025304793999999964,0.0017300907650641267,-0.2406240337114215,0.09516760178659062,-0.0920992885209424,11040491,10968255,0.08775516977546258,-0.8469095815829724
40.11242795,0.0,-0.45,-0.021684170000000003,0.0015341566328241074,-0.23408361288441626,0.09516760178659062,-0.0920992885209424,11040491,10968255,0.08771764855572638,-0.8469556006439025
40.150838852,0.0,-0.45,-0.023203850000000026,0.0014961356299426215,-0.23829721007841007,0.09681501966130665,-0.09382274840142141,11041778,10967010,0.08766606117608047,-0.8470173281380811
40.207598925,0.0,-0.45,0.013488054,0.0014989238005784777,-0.2420189436852208,0.09681501966130665,-0.09382274840142141,11043078,10965754,0.08761122984665935,-0.8470813287517608
40.208775521,0.0,-0.45,-0.04514145800000002,0.0014989238005784777,-0.2420189436852208,0.09830650127466681,-0.09530865367350985,11044374,10964522,0.08761122984665935,-0.8470813287517608
40.252481461,0.0,-0.45,-0.001435517999999969,0.0017475412353582034,-0.2502867862372728,0.09830650127466681,-0.09530865367350985,11044374,10964522,0.08753035416253234,-0.8471734483110906
40.307499647,0.0,-0.45,0.013509988,0.0018625174552650559,-0.24966618251375403,0.10172899046076667,-0.09800395555023655,11045663,10963287,0.08746118091289694,-0.8472503437952325
40.309578657,0.0,-0.45,0.015588998,0.0018625174552650559,-0.24966618251375403,0.10172899046076667,-0.09800395555023655,11045663,10963287,0.08746118091289694,-0.8472503437952325
40.349620581,0.0,-0.45,-0.004333257999999951,0.0019652995226816655,-0.24720182166379323,0.10084602818819896,-0.09691542914283563,11046955,10962050,0.08738978341915216,-0.8473278043485516
40.408010245,0.0,-0.45,0.013970137,0.002000865105926279,-0.2412565260148991,0.09850347551188592,-0.09450174530003336,11048257,10960805,0.08731481610453769,-0.8474071732605528
40.409187556,0.0,-0.45,-0.024802446000000034,0.002000865105926279,-0.2412565260148991,0.09850347551188592,-0.09450174530003336,11048257,10960805,0.08731481610453769,-0.8474071732605528
40.451484681,0.0,-0.45,-0.04256129200000003,0.0020749929900671024,-0.24249751976050046,0.09907400089426728,-0.09492401491413308,11049557,10959564,0.08723622452512846,-0.8474883768227375
40.50744462,0.0,-0.45,-0.026451588000000026,0.0021672135262003414,-0.24267364831394722,0.09923667285177924,-0.09490224579937856,11050853,10958335,0.08714586806495778,-0.8475795052406837
40.509608031,0.0,-0.45,-0.024288176999999966,0.0021672135262003414,-0.24267364831394722,0.09923667285177924,-0.09490224579937856,11050853,10958335,0.08714586806495778,-0.8475795052406837
40.552828312,0.0,-0.45,-0.02115774199999998,0.0022870885800310298,-0.24634535674589142,0.1008252312783876,-0.09625105411832555,11052142,10957104,0.08706670283378296,-0.847657442947591
40.608834744,0.0,-0.45,0.013849974,0.0022870885800310298,-0.24634535674589142,0.1008252312783876,-0.09625105411832555,11052142,10957104,0.08706670283378296,-0.847657442947591
40.611549616,0.0,-0.45,-0.02236175600000001,0.002259474530879345,-0.2375322130639521,0.0972723597564602,-0.09275341069470151,11054739,10954630,0.08698245401019256,-0.8477383952322743
40.649318695,0.0,-0.45,-0.044727564,0.002323193658449657,-0.2408258084550436,0.0986535170404671,-0.09400712972356778,11054739,10954630,0.08689583123707952,-0.8478196287153693
40.708803892,0.0,-0.45,-0.025154114000000005,0.002323193658449657,-0.2408258084550436,0.09647194194256035,-0.09190837700247612,11056031,10953400,0.08689583123707952,-0.8478196287153693
40.711644173,0.0,-0.45,-0.022313833000000005,0.0022817824700421194,-0.2354753986812956,0.09647194194256035,-0.09190837700247612,11056031,10953400,0.08680823379136081,-0.8478998102038882
40.750753403,0.0,-0.45,-0.023175716000000013,0.002221741547802039,-0.2393607981015663,0.09796606078842857,-0.09352257769282449,11057298,10952170,0.08675538951334336,-0.8479470319917716
40.808835984,0.0,-0.45,0.014883042,0.002221741547802039,-0.2393607981015663,0.09796606078842857,-0.09352257769282449,11057298,10952170,0.08675538951334336,-0.8479470319917716
40.811656237,0.0,-0.45,-0.02229619000000005,0.0019228029676555403,-0.23173124534579198,0.09461530110597234,-0.09076969517066126,11058575,10950926,0.08670775315732275,-0.8479885767120277
40.852476359,0.0,-0.45,-0.04152607900000005,0.001730762936378541,-0.24318504732035523,0.09900478186452064,-0.09554325599176355,11059868,10949673,0.08664940250153026,-0.8480382262807794
40.907910347,0.0,-0.45,-0.026130677000000047,0.0016106578756485898,-0.24485896265421622,0.09955424293733507,-0.09633292718603789,11061166,10948415,0.08659044855695076,-0.8480871579793722
40.909009934,0.0,-0.45,-0.025031090000000034,0.0016106578756485898,-0.24485896265421622,0.09955424293733507,-0.09633292718603789,11061166,10948415,0.08659044855695076,-0.8480871579793722
40.949056864,0.0,-0.45,-0.024987698000000003,0.001524793077096541,-0.24521405463612325,0.09961041493154583,-0.09656082877735275,11062458,10947157,0.08653983359236019,-0.848128134957378
41.007889271,0.0,-0.45,0.013880014,0.0015018780313750188,-0.2469050890404416,0.10026391364755165,-0.09726015758480161,11063752,10945900,0.08648421201136822,-0.8481720514087151
41.009619475,0.0,-0.45,-0.04427218399999999,0.0015018780313750188,-0.2469050890404416,0.10008674158271692,-0.09721112601663558,11065047,10944635,0.08648421201136822,-0.8481720514087151
41.051129103,0.0,-0.45,-0.0027625559999999716,0.0014378077830406732,-0.2466223344991906,0.10008674158271692,-0.09721112601663558,11065047,10944635,0.08643868033447802,-0.8482071038433407
41.107462645,0.0,-0.45,0.013588905,0.0013393415704852432,-0.24607521966192486,0.10008674158271692,-0.09721112601663558,11066343,10943365,0.08639884926732458,-0.848236995478355
41.109544516,0.0,-0.45,0.015670776,0.0013393415704852432,-0.24607521966192486,0.09976942943525519,-0.0970907462942847,11066343,10943365,0.08639884926732458,-0.848236995478355
41.153170109,0.0,-0.45,-0.0011820790000000025,0.0012171936034369862,-0.24923604750934014,0.09976942943525519,-0.0970907462942847,11067632,10942101,0.0863602016672631,-0.8482652670962793
41.208925724,0.0,-0.45,0.014976024,0.0012171936034369862,-0.24923604750934014,0.10091161260717305,-0.09847722540029907,11067632,10942101,0.0863602016672631,-0.8482652670962793
41.211535693,0.0,-0.45,-0.04243278500000003,0.0010563374590369518,-0.23997941935738393,0.09833827188608321,-0.09625248748349828,11070206,10939582,0.08632745113908087,-0.8482886185035785
41.248925686,0.0,-0.45,-0.005042792000000018,0.0010428922012924655,-0.24323844921197685,0.09833827188608321,-0.09625248748349828,11070206,10939582,0.08627396843863527,-0.8483257747698071
41.308823109,0.0,-0.45,0.014815807,0.0010428922012924655,-0.24323844921197685,0.09833827188608321,-0.09625248748349828,11070206,10939582,0.08627396843863527,-0.8483257747698071
41.312086583,0.0,-0.45,0.018079281,0.0010454553336842753,-0.23763204210554278,0.09609827217590139,-0.09400736150853284,11071505,10938315,0.08622320590079943,-0.8483601242548978
41.350738049,0.0,-0.45,-0.003111600999999964,0.0010897934204797469,-0.24220701931512018,0.09797260114652781,-0.09579301430556832,11072803,10937048,0.08617362470306067,-0.8483927938237682
41.410356284,0.0,-0.45,0.014950037,0.0010897934204797469,-0.24220701931512018,0.09797260114652781,-0.09579301430556832,11072803,10937048,0.08617362470306067,-0.8483927938237682
41.411412478,0.0,-0.45,-0.04258775699999995,0.0011427308821769441,-0.24373703172179462,0.09863754357089478,-0.0963520818065409,11075395,10934510,0.08612686985398575,-0.8484227828064821
41.452456475,0.0,-0.45,-0.0015437600000000051,0.0011504317276559844,-0.2521803488652599,0.09863754357089478,-0.0963520818065409,11075395,10934510,0.08608624995274063,-0.8484481391665009
41.507385493,0.0,-0.45,0.013407946,0.0011711647818041099,-0.25190133167404455,0.10202257127375995,-0.09972170781844798,11076696,10933246,0.0860256761196527,-0.848484925382875
41.508784056,0.0,-0.45,0.014806509,0.0011711647818041099,-0.25190133167404455,0.10202257127375995,-0.09972170781844798,11076696,10933246,0.0860256761196527,-0.848484925382875
41.571897269,0.0,0.0,0.057391405,0.0011651013023789361,-0.24181141621780256,0.09788966778949995,-0.09555946518474208,11077996,10931981,0.08596795348161769,-0.8485190167739377
41.594135523,0.0,0.0,0.079629659,0.0012634610223937956,-0.25387159875643,0.10281210052496581,-0.10028517848017822,11079293,10930719,0.08590981744416085,-0.8485523983112769
41.60881567,0.0,0.0,0.094309806,0.0012634610223937956,-0.25387159875643,0.10281210052496581,-0.10028517848017822,11079293,10930719,0.08590981744416085,-0.8485523983112769
41.652962685,0.0,0.0,0.028530836,0.0011271153509178969,-0.23733588673238568,0.09606147004387218,-0.09380723934203639,11080033,10929982,0.08590481424356947,-0.8485552242715702
41.708812952,0.0125,-0.06,0.032943487,0.0011271153509178969,-0.23733588673238568,0.09606147004387218,-0.09380723934203639,11080033,10929982,0.08590481424356947,-0.8485552242715702
41.713688612,0.025,-0.12,-0.011016130999999985,0.0010697441409746808,-0.2034194683603544,0.0726431808843418,-0.07008885709259001,11080731,10929384,0.08584465282286098,-0.8485889170781072
41.744580984,0.025,-0.12,0.019876241,0.0012771618958758932,-0.17841504747116474,0.0726431808843418,-0.07008885709259001,11080731,10929384,0.08573754580303838,-0.8486485406959015
41.807446003,0.037500000000000006,-0.18,0.032519102,0.0015728214331894134,-0.12264962614799112,0.05063267189238586,-0.04748702902600703,11080990,10929181,0.08564371197494183,-0.8487005039037865
41.809043646,0.037500000000000006,-0.18,0.034116745,0.0015728214331894134,-0.12264962614799112,0.05063267189238586,-0.04748702902600703,11080990,10929181,0.08564371197494183,-0.8487005039037865
41.887799263,0.0625,-0.3,0.012891531,0.0016175151087842905,-0.08616986906299501,0.05063267189238586,-0.04748702902600703,11081263,10928940,0.08559001972421053,-0.8487300651044547
41.894061089,0.075,-0.36,-0.03067541100000004,0.001792780678512183,-0.07206273111064807,0.030617873122771415,-0.02703231176574705,11081558,10928682,0.08552784776769817,-0.8487640807301805
41.908782244,0.075,-0.36,-0.015954256,0.001792780678512183,-0.07206273111064807,0.030617873122771415,-0.02703231176574705,11081558,10928682,0.08552784776769817,-0.8487640807301805
41.955483914,0.075,-0.36,0.030747414,0.0015216804291990176,-0.06379702257251173,0.027040489458203712,-0.023997128599805677,11081866,10928397,0.08548914044933961,-0.8487851157522517
42.008798123,0.0875,-0.3695716033165888,0.033405066,0.0015216804291990176,-0.06379702257251173,0.027040489458203712,-0.023997128599805677,11081866,10928397,0.08548914044933961,-0.8487851157522517
42.040579558,0.09999999999999999,-0.3695716033165888,0.015839815,0.0013164574218052765,-0.05998177632198263,0.027776560037936618,-0.02508675465653856,11082524,10927792,0.08544699969167763,-0.8488078550995212
42.044675827,0.09999999999999999,-0.3695716033165888,0.019936084,0.0013449026906990295,-0.06607914336809396,0.027776560037936618,-0.02508675465653856,11082524,10927792,0.08539972373024504,-0.8488331775014187
42.099465371,0.11249999999999999,-0.3369884999583126,0.024258376,0.0012365617190850022,-0.06503300667015302,0.027249764387146214,-0.02477664094897621,11082524,10927792,0.08534898619786806,-0.8488601498869623
42.108818293,0.11249999999999999,-0.3369884999583126,0.033611298,0.0012365617190850022,-0.06503300667015302,0.027249764387146214,-0.02477664094897621,11082524,10927792,0.08534898619786806,-0.8488601498869623
42.176424981,0.13749999999999998,-0.32780876157664884,0.000785113,0.0013082501316369292,-0.0669690050104643,0.02809585213582265,-0.02547935187254879,11083221,10927166,0.08527952717246404,-0.8488967898256659
42.195071221,0.13749999999999998,-0.32780876157664884,0.019431353,0.0015452403650193947,-0.07382220623594053,0.03107412285939561,-0.02798364212935682,11083588,10926848,0.08519637198101218,-0.8489403064991574
42.208801508,0.13749999999999998,-0.32780876157664884,0.03316164,0.0015452403650193947,-0.07382220623594053,0.03107412285939561,-0.02798364212935682,11083588,10926848,0.08519637198101218,-0.8489403064991574
42.257788658,0.15,-0.29285696362258085,0.032829046,0.001606605469716615,-0.06835327000174148,0.028947913470413204,-0.025734702530979973,11083955,10926530,0.08511307449874174,-0.8489835501829109
42.299406767,0.1625,-0.28310922293845353,0.024490595,0.0017113189806206158,-0.06692973100795545,0.028483211383802796,-0.025060573422561565,11084323,10926215,0.08502282473007572,-0.8490300290497603
42.308732272,0.17500000000000002,-0.2654346226529274,-0.015887498,0.0017113189806206158,-0.06692973100795545,0.028483211383802796,-0.025060573422561565,11084323,10926215,0.08502282473007572,-0.8490300290497603
42.35101676,0.18750000000000003,-0.23997028158630762,-0.023928642,0.008435249229562626,-0.08023028435674685,0.040527362972261366,-0.023656864513136113,11085739,10926166,0.08268670947597438,-0.8502124742402128
42.397891999,0.20000000000000004,-0.19952253310854828,-0.02674818000000001,0.024615035368449435,-0.10473955285411128,0.06651085651009395,-0.017280785773195077,11087549,10926183,0.07955103067530044,-0.8517659517711285
42.408807516,0.20000000000000004,-0.19952253310854828,-0.01583266299999997,0.024615035368449435,-0.10473955285411128,0.06651085651009395,-0.017280785773195077,11087549,10926183,0.07955103067530044,-0.8517659517711285
42.449412346,0.21250000000000005,-0.15684869862149609,-0.02553582200000004,0.03663541652205725,-0.12297370436892444,0.08582489826962703,-0.012554065225512522,11089429,10926191,0.0762963977295872,-0.8533421861987944
42.500844956,0.21250000000000005,-0.15684869862149609,0.025896788,0.05245677687932606,-0.14762716414800536,0.08582489826962703,-0.012554065225512522,11091328,10926193,0.07300507350246531,-0.8548994412514309
42.508777619,0.22500000000000006,-0.13166574985495594,-0.016074896000000005,0.05245677687932606,-0.14762716414800536,0.11150764253852821,-0.006594088779876091,11091328,10926193,0.07300507350246531,-0.8548994412514309
42.552715063,0.23750000000000007,-0.09244621725246405,-0.02223896999999997,0.061452345465688986,-0.15774298929153266,0.12454954118230206,-0.0016448502509240855,11093227,10926361,0.06941243092392103,-0.8565629584399834
42.598902464,0.25000000000000006,-0.06552439696484114,-0.026686906999999982,0.06898706452125834,-0.16302489040706172,0.13419702068408304,0.0037771083584336325,11095126,10926597,0.06568803298740922,-0.858251597665357
42.608762741,0.25000000000000006,-0.06552439696484114,-0.016826629999999954,0.06898706452125834,-0.16302489040706172,0.13419702068408304,0.0037771083584336325,11095126,10926597,0.06568803298740922,-0.858251597665357
42.650240183,0.26250000000000007,-0.03074576850343491,-0.02471804600000005,0.07523049308129762,-0.1611032380822632,0.1396717883142029,0.010789197848392343,11097036,10926948,0.06173059457472575,-0.8600104005518497
42.701870442,0.26250000000000007,-0.03074576850343491,0.026912213,0.08040015414968416,-0.15657842939894548,0.1396717883142029,0.010789197848392343,11098956,10927385,0.057592211033020604,-0.8618145385837239
42.708969117,0.2750000000000001,-0.09074576850343491,-0.015731573000000054,0.08040015414968416,-0.15657842939894548,0.14303152590926235,0.01776878239010597,11098956,10927385,0.057592211033020604,-0.8618145385837239
42.748570443,0.2875000000000001,-0.1100840269163823,-0.02657818700000003,0.08493188074486197,-0.15308730221199787,0.14616680162966111,0.02369695986006281,11100896,10927943,0.05319370469553944,-0.8636975371598186
42.799872637,0.3000000000000001,-0.08004450664184637,-0.02510571500000003,0.08970127570754657,-0.1442342156239522,0.14739496195712745,0.032007589457965696,11102852,10928595,0.04858932328327972,-0.8656347415878699
42.808755875,0.3000000000000001,-0.08004450664184637,-0.016222477000000013,0.08970127570754657,-0.1442342156239522,0.14739496195712745,0.032007589457965696,11102852,10928595,0.04858932328327972,-0.8656347415878699
42.851696253,0.3125000000000001,-0.04890175732958979,-0.02305650699999995,0.09470815780707129,-0.13733158128026204,0.1496407903191761,0.03977552529496646,11104916,10929312,0.04366629152963928,-0.8676687380191099
42.898812533,0.3125000000000001,-0.04890175732958979,0.024059773,0.09918955425661792,-0.13441839532308286,0.15295691238585107,0.04542219612738477,11107028,10930075,0.038563380751107074,-0.8697385657201726
42.908907175,0.3250000000000001,-0.02587633174806392,-0.015949250000000026,0.09918955425661792,-0.13441839532308286,0.15295691238585107,0.04542219612738477,11109177,10930903,0.038563380751107074,-0.8697385657201726
42.950096369,0.33227929487996266,0.0048267829947969965,-0.02482700400000004,0.10408675847925804,-0.13154973607541956,0.15670665290942587,0.051466864049090205,11109177,10930903,0.03326597609428703,-0.8718483608116664
43.001335144,0.33726247855080893,0.029691831716997186,-0.023519277999999977,0.10847141152946883,-0.12939077083811765,0.1602277198647159,0.056715103194221766,11111343,10931778,0.027841467609382012,-0.8739700196735313
43.00880909,0.33726247855080893,0.029691831716997186,-0.016045332000000023,0.10847141152946883,-0.12939077083811765,0.1602277198647159,0.056715103194221766,11111343,10931778,0.027841467609382012,-0.8739700196735313
43.048549414,0.33875488772674284,0.05854370199673864,-0.02618885000000004,0.11250769092387941,-0.12812912228081158,0.16375933983620405,0.06125604201155478,11113553,10932745,0.022161271052871717,-0.8761527937576334
43.099562168,0.33875488772674284,0.05854370199673864,0.024823904,0.11664531499846394,-0.12414431788069637,0.16375933983620405,0.06125604201155478,11115787,10933790,0.016285976018907217,-0.8783722328459644
43.108770848,0.3433784328251432,-0.0014562980032613582,-0.016052723000000046,0.11664531499846394,-0.12414431788069637,0.16630304215074249,0.06698758784618539,11115787,10933790,0.016285976018907217,-0.8783722328459644
43.151294232,0.3470103454436054,-0.012801163414651484,-0.023664236000000005,0.12063759761007767,-0.11918965143475646,0.16831345818398025,0.07296173703617508,11118028,10934920,0.010233782780752631,-0.8806217780182595
43.198997259,0.34892254815865886,0.012329217258729264,-0.026090146000000036,0.12423293624470845,-0.1155700905856077,0.17046097247895153,0.07800490001046537,11120274,10936121,0.004033708589022807,-0.8828910435515093
43.208760977,0.34892254815865886,0.012329217258729264,-0.01632642799999995,0.12423293624470845,-0.1155700905856077,0.17046097247895153,0.07800490001046537,11120274,10936121,0.004033708589022807,-0.8828910435515093
43.249759913,0.3502952208672057,0.039322974109542885,-0.02510857600000005,0.12772231308149698,-0.11001727291379597,0.17172922224701537,0.08371540391597859,11122581,10937346,-0.0023312158902450177,-0.8851833207986834
43.300902844,0.3502952208672057,0.039322974109542885,0.026034355,0.13108519963355436,-0.10680047992931131,0.17172922224701537,0.08371540391597859,11124915,10938593,-0.00879645143431654,-0.8874737785392983
43.308766842,0.3516900891754029,0.0667634252194077,-0.01611566600000003,0.13108519963355436,-0.10680047992931131,0.17380539160527889,0.08836500766182984,11124915,10938593,-0.00879645143431654,-0.8874737785392983
43.352409363,0.3573510478027389,0.08963934964969977,-0.022507190999999982,0.13261754058443598,-0.10399593456370898,0.17421591440991957,0.09101916675895239,11127271,10939896,-0.015414226868889252,-0.8897807872713261
43.39877224,0.35866546546288874,0.11521837935048565,-0.02609109899999995,0.1355035656813715,-0.10274762733567089,0.17660261661563986,0.09440451474710315,11129636,10941260,-0.02216979843450568,-0.8920995769037692
43.40879035,0.35866546546288874,0.11521837935048565,-0.016072988999999982,0.1355035656813715,-0.10274762733567089,0.17660261661563986,0.09440451474710315,11129636,10941260,-0.02216979843450568,-0.8920995769037692
43.450344563,0.3624802718040058,0.13699893449565065,-0.024821996999999985,0.13914139857187544,-0.09963843381091513,0.17899677209624149,0.09928602504750939,11132012,10942699,-0.029091744477542696,-0.8944408100473381
43.501962662,0.3624802718040058,0.13699893449565065,0.026796102,0.14237345076435182,-0.09550443189539994,0.17899677209624149,0.09928602504750939,11134396,10944196,-0.03614349362115893,-0.8967926168773346
43.508754254,0.36366477792617996,0.07699893449565065,-0.016218661999999995,0.14237345076435182,-0.09550443189539994,0.1805752235225118,0.10417167800619184,11134396,10944196,-0.03614349362115893,-0.8967926168773346
43.548468352,0.3670296886988975,0.07006083640267854,-0.026516199000000018,0.1459106106775669,-0.09264302906342207,0.18296782230293573,0.10885339905219807,11136785,10945760,-0.04333547327536161,-0.8991596610984689
43.600379944,0.36936221399969965,0.09161970844516451,-0.02467513099999996,0.1483207339210956,-0.086844178944422,0.1830584054988644,0.1135830623433268,11139186,10947374,-0.05064926226557925,-0.9015362856056062
43.608798504,0.36936221399969965,0.09161970844516451,-0.016256570999999997,0.1483207339210956,-0.086844178944422,0.1830584054988644,0.1135830623433268,11139186,10947374,-0.05064926226557925,-0.9015362856056062
43.651834488,0.3705803447553753,0.11564236730971444,-0.02313733100000004,0.15100882136264293,-0.08303260800133275,0.18422186456317602,0.11779577816210982,11141659,10949006,-0.05813672145553317,-0.903936051306733
43.698333979,0.3705803447553753,0.11564236730971444,0.02336216,0.15427900084375784,-0.08199984381886914,0.18707893837130551,0.1214790633162102,11144165,10950654,-0.06572346903792135,-0.9063333124711578
43.708716631,0.37412608420103927,0.13965029421232678,-0.01636981999999998,0.15427900084375784,-0.08199984381886914,0.18707893837130551,0.1214790633162102,11144165,10950654,-0.06572346903792135,-0.9063333124711578
43.749732733,0.37414010079139853,0.164105372741115,-0.02499866500000003,0.1570317920107165,-0.08129873454903515,0.18955128583033054,0.12451229819110242,11146694,10952373,-0.07349134568852131,-0.9087547102418397
43.801900626,0.3750564987779144,0.18772145005644786,-0.023135185000000003,0.15929400726813303,-0.0798507926424935,0.19123432432513043,0.12735369021113563,11149231,10954131,-0.08135424392869764,-0.9111735851493209
43.808828831,0.3750564987779144,0.18772145005644786,-0.016206979999999982,0.15929400726813303,-0.0798507926424935,0.19123432432513043,0.12735369021113563,11149231,10954131,-0.08135424392869764,-0.9111735851493209
43.847887993,0.371924848927727,0.12772145005644786,-0.02685403799999997,0.16266183204356433,-0.0785502002426966,0.19408191214064296,0.13124175194648569,11151770,10955966,-0.0893700268923909,-0.9136099437481444
43.899426222,0.371924848927727,0.12772145005644786,0.024684191,0.16480613905183045,-0.07396419493695235,0.19439181702661137,0.1352204610770495,11154305,10957847,-0.09747044233900926,-0.916044341101458
43.908788205,0.3708342279988514,0.12010417435273091,-0.02070212299999996,0.16480613905183045,-0.07396419493695235,0.19439181702661137,0.1352204610770495,11154305,10957847,-0.09747044233900926,-0.916044341101458
43.951397896,0.37040336369551535,0.14324846532360325,-0.02347230899999997,0.1670356969805873,-0.07014179836744706,0.1950924163275661,0.13897897763360845,11156878,10959734,-0.10565960065886877,-0.9184761070416555
43.998196125,0.3692260224165877,0.1666321818594746,-0.026489973,0.16979550949893812,-0.06844730631490849,0.1971744320249015,0.1424165869729747,11159465,10961644,-0.11392460118513026,-0.9209012663193367
44.008805037,0.3692260224165877,0.1666321818594746,-0.015881060999999974,0.16979550949893812,-0.06844730631490849,0.1971744320249015,0.1424165869729747,11159465,10961644,-0.11392460118513026,-0.9209012663193367
44.049844027,0.3692260224165877,0.1666321818594746,0.025157929,0.17089386901256248,-0.06686990785805434,0.19764183215578424,0.14414590586934076,11162088,10963590,-0.12232987350116659,-0.9233380188572993
44.10115695,0.36801971485642443,0.19059121102698026,0.026204586,0.1726676716147394,-0.06601577937180372,0.19764183215578424,0.14414590586934076,11164729,10965553,-0.13080745991915527,-0.9257659274957228
44.108769656,0.3693794950220961,0.2151721050320743,-0.016035794999999964,0.1726676716147394,-0.06601577937180372,0.19907398336346088,0.1462613598660179,11164729,10965553,-0.13080745991915527,-0.9257659274957228
44.152487755,0.36826646550838454,0.23712304859737354,-0.03204607999999998,0.17213645006652575,-0.06320674190312271,0.19741914682777484,0.14685375330527667,11167335,10967588,-0.13935983616752454,-0.9281899731584784
44.199840546,0.36887924686067247,0.17712304859737354,-0.025281428999999966,0.17466310335361473,-0.060420796352968764,0.19883142189480224,0.15049478481242723,11169941,10969657,-0.14798111754267412,-0.9306096166978972
44.208801508,0.36887924686067247,0.17712304859737354,-0.016320467000000005,0.17466310335361473,-0.060420796352968764,0.19883142189480224,0.15049478481242723,11169941,10969657,-0.14798111754267412,-0.9306096166978972
44.25057602,0.3679000368436507,0.11712304859737355,-0.024127244999999964,0.1771117884997087,-0.05630534024472968,0.1996339245976006,0.15458965240181685,11172554,10971778,-0.15671695043938924,-0.9330392227938323
44.302423716,0.3679000368436507,0.11712304859737355,0.027720451,0.1789437250355651,-0.052539518302627854,0.1996339245976006,0.15458965240181685,11175177,10973929,-0.16553211203821006,-0.9354694405487787
44.308660508,0.3669251250496612,0.05712304859737355,-0.01607704099999996,0.1789437250355651,-0.052539518302627854,0.19995953235661626,0.15792791771451398,11175177,10973929,-0.16553211203821006,-0.9354694405487787
44.348678828,0.33442512504966115,-0.0028769514026264487,-0.02636861800000001,0.18201418049604529,-0.05143420751530282,0.2025878635021664,0.16144049748992415,11177875,10976076,-0.17448485088185833,-0.9379121883701029
44.400557042,0.3019251250496612,-0.06287695140262645,-0.027932881999999992,0.18336259078962386,-0.051520504249151534,0.20397079248928446,0.16275438908996323,11180606,10978213,-0.1834870344119649,-0.9403409369279929
44.408735752,0.3019251250496612,-0.06287695140262645,-0.01975417199999996,0.18336259078962386,-0.051520504249151534,0.20397079248928446,0.16275438908996323,11180606,10978213,-0.1834870344119649,-0.9403409369279929
44.452473641,0.27830141799121283,-0.12287695140262644,-0.02220416000000003,0.1849908057377994,-0.0539842337329682,0.20658449923098668,0.16339711224461212,11183394,10980360,-0.19262063255485026,-0.9427750901092926
44.499019385,0.27830141799121283,-0.12287695140262644,0.024341584,0.18775472977417992,-0.05656664672882443,0.2103813884657097,0.16512807108265015,11186212,10982512,-0.20182677902582247,-0.9451971597876012
44.508702278,0.27802954669070723,-0.1732721467326797,-0.016141654000000005,0.18775472977417992,-0.05656664672882443,0.2103813884657097,0.16512807108265015,11186212,10982512,-0.20182677902582247,-0.9451971597876012
44.550482512,0.2768837186528067,-0.2332721467326797,-0.024208069000000054,0.18663122723580716,-0.06185438779080482,0.2113729823521291,0.16188947211948523,11188926,10984394,-0.2103490048510198,-0.9474030302268474
44.601596833,0.2774273593743812,-0.2932721467326797,-0.023275374999999987,0.18377992463164927,-0.06874278808255668,0.21127703986467194,0.1562828093986266,11191614,10986177,-0.21864866827461438,-0.9495129593375191
44.608808995,0.2774273593743812,-0.2932721467326797,-0.01606321300000002,0.18377992463164927,-0.06874278808255668,0.21127703986467194,0.1562828093986266,11191614,10986177,-0.21864866827461438,-0.9495129593375191
44.648536206,0.2759879728727939,-0.28238163283835216,-0.026367902000000054,0.18249563848332326,-0.0755714535668698,0.21272421991007118,0.15226705705657534,11194372,10987902,-0.22698097054063693,-0.9515873615283511
44.699601412,0.2759879728727939,-0.28238163283835216,0.024697304,0.17812633496691915,-0.08523285869960456,0.21221947844676098,0.14403319148707733,11197163,10989609,-0.23535184337397078,-0.9536252817804082
44.708791972,0.274453986233318,-0.24601756599839442,-0.015932798000000026,0.17812633496691915,-0.08523285869960456,0.21221947844676098,0.14403319148707733,11197163,10989609,-0.23535184337397078,-0.9536252817804082
44.751319886,0.28001848163669973,-0.3060175659983944,-0.023769378000000008,0.17586425542224343,-0.09383887311147618,0.21339980466683392,0.13832870617765297,11200011,10991311,-0.24383067424594704,-0.9556402642922626
44.798030138,0.2784126609930973,-0.27642916685883945,-0.026594161999999977,0.17622005366085033,-0.10026168834002543,0.2163247289968605,0.13611537832484016,11202890,10993018,-0.252387853407314,-0.9576231976109281
44.808750153,0.2784126609930973,-0.27642916685883945,-0.015874147000000005,0.17622005366085033,-0.10026168834002543,0.2163247289968605,0.13611537832484016,11202890,10993018,-0.252387853407314,-0.9576231976109281
44.849437952,0.2784126609930973,-0.27642916685883945,0.024813652,0.1759590551408053,-0.10441326552283223,0.21772436134993817,0.13419374893167238,11205746,10994766,-0.26098906038248715,-0.9595683069654968
44.900931597,0.2793252370090766,-0.23411733499259213,0.025374174,0.1764124473355026,-0.10592091788450456,0.21878081448930442,0.13404408018170078,11208606,10996539,-0.269654516098791,-0.9614805903707093
44.909613133,0.2777310110659662,-0.19696822450887508,-0.015171051000000046,0.1764124473355026,-0.10592091788450456,0.22094114953310096,0.1354670315688245,11211478,10998348,-0.269654516098791,-0.9614805903707093
44.947790861,0.2777310110659662,-0.19696822450887508,0.023006677,0.17820409055096273,-0.10684264745534557,0.22094114953310096,0.1354670315688245,11211478,10998348,-0.2784194710324576,-0.963368095897228
44.999381304,0.2784685784538132,-0.15433596972861274,0.024246454,0.17868397470267616,-0.10495109394914062,0.22094114953310096,0.1354670315688245,11214370,11000176,-0.2872670336890045,-0.9652262740850603
45.008812666,0.2784685784538132,-0.15433596972861274,0.033677816,0.17868397470267616,-0.10495109394914062,0.2206644122823324,0.1367035371230199,11214370,11000176,-0.2872670336890045,-0.9652262740850603
45.050870419,0.2768009510213363,-0.11585828362483697,0.025915861,0.17954819014076057,-0.1021875910877805,0.22042322657587277,0.13867315370564837,11217222,11002061,-0.2961550024932905,-0.9670500094700923
45.102705241,0.2797868229850268,-0.17585828362483696,0.027814866,0.17789169602584098,-0.09759821336995138,0.21693098137382152,0.13885241067786042,11220078,11003972,-0.305107473104637,-0.9688448026502215
45.108761072,0.28065153216065525,-0.14568537397653525,-0.01615905799999995,0.17789169602584098,-0.09759821336995138,0.21693098137382152,0.13885241067786042,11220078,11003972,-0.305107473104637,-0.9688448026502215
45.14874053,0.2791103350083208,-0.11039477321695923,-0.03923964499999999,0.18031651814541347,-0.09511326677119104,0.21836182485388989,0.14227121143693705,11222952,11005886,-0.31410757372192216,-0.9706061485291962
45.203881741000004,0.27703800375092225,-0.07474903767245755,-0.02099871600000003,0.18024492426053096,-0.092870248559896,0.21739302368448937,0.14309682483657257,11225858,11007817,-0.323207988923051,-0.9723430515374067
45.208737612,0.27703800375092225,-0.07474903767245755,-0.01614284499999996,0.18024492426053096,-0.092870248559896,0.21739302368448937,0.14309682483657257,11225858,11007817,-0.323207988923051,-0.9723430515374067
45.252187968,0.27545503207984523,-0.03852607651997986,-0.022548675000000018,0.18262666441597777,-0.092276842933035,0.21953740158919177,0.14571592724276378,11228747,11009783,-0.33234988561396417,-0.9740460301075997
45.298660517,0.27545503207984523,-0.03852607651997986,0.023923874,0.1856446950407759,-0.09240658888036227,0.22260733059292082,0.148682059488631,11231657,11011763,-0.341565233954487,-0.9757202640013654
45.308763028,0.2717233190913402,-0.09852607651997985,-0.016127824000000013,0.1856446950407759,-0.09240658888036227,0.22260733059292082,0.148682059488631,11231657,11011763,-0.341565233954487,-0.9757202640013654
45.350148678,0.27461552414956963,-0.07242517526186609,-0.024566889000000036,0.18833966214839443,-0.08986335356701278,0.22428500357519954,0.15239432072158932,11234500,11013809,-0.35078501887903585,-0.9773589812278388
45.401591778,0.2723629242759619,-0.04314707475921009,-0.02397465700000001,0.18886768440153368,-0.08656792872081316,0.22349485588985896,0.15424051291320842,11237343,11015894,-0.3600842850454159,-0.978977028377219
45.408765078,0.2723629242759619,-0.04314707475921009,-0.01680135699999996,0.18886768440153368,-0.08656792872081316,0.22349485588985896,0.15424051291320842,11237343,11015894,-0.3600842850454159,-0.978977028377219
45.448994875,0.2723629242759619,-0.04314707475921009,0.02342844,0.1898647688440976,-0.0835025467065309,0.22326578752670995,0.15646375016148523,11240203,11017961,-0.36938774000382346,-0.980559431253704
45.500186205,0.2709277092065465,-0.010018262295772962,0.024976969,0.18957353391412873,-0.07999245874592376,0.22326578752670995,0.15646375016148523,11243097,11020034,-0.37877292427965126,-0.9821177969469758
45.509145975,0.26941302835601366,-0.07001826229577296,-0.01554370000000005,0.18957353391412873,-0.07999245874592376,0.22157051741249825,0.15757655041575924,11243097,11020034,-0.37877292427965126,-0.9821177969469758
45.552236081,0.26523392531315276,-0.13001826229577296,-0.022591589999999995,0.18920198565382249,-0.0775384914130655,0.22021738221904869,0.15818658908859629,11245938,11022144,-0.3881332563721088,-0.9836383876459465
45.598279238,0.26378351205258654,-0.13019659480736223,-0.026404619000000018,0.19094223315234396,-0.07603839739035577,0.22135759210848627,0.16052687419620165,11248780,11024283,-0.3975554026724781,-0.9851364831742236
45.608806134,0.26378351205258654,-0.13019659480736223,-0.01587772300000001,0.19094223315234396,-0.07603839739035577,0.22135759210848627,0.16052687419620165,11248780,11024283,-0.3975554026724781,-0.9851364831742236
45.649398566,0.26378351205258654,-0.13019659480736223,0.024714709,0.19104137226078705,-0.07440039148386465,0.2208015288543329,0.16128121566724118,11251671,11026352,-0.40694362410888185,-0.9865913210639106
45.701108933,0.26546724551777423,-0.07019659480736223,0.026113272,0.1914078699327972,-0.0756870049293315,0.2216826719045298,0.1611330679610646,11254595,11028399,-0.41635870630622024,-0.9880098597059959
45.708785534,0.26388752452204617,-0.13019659480736223,-0.015911341000000023,0.1914078699327972,-0.0756870049293315,0.2216826719045298,0.1611330679610646,11254595,11028399,-0.41635870630622024,-0.9880098597059959
45.74798441,0.2603278897632443,-0.12885238176568325,-0.02746534300000003,0.1929421637012397,-0.07700761444588596,0.2237452094795941,0.16213911792288532,11257500,11030492,-0.42583040052336624,-0.9893992857279186
45.799318314,0.25876230771395764,-0.09351618000194284,-0.026017426999999982,0.19234485557025585,-0.07799929571389745,0.22354457385581483,0.16114513728469687,11260410,11032611,-0.43536606968357516,-0.9907612216150491
45.808756113,0.25876230771395764,-0.09351618000194284,-0.016579628000000013,0.19234485557025585,-0.07799929571389745,0.22354457385581483,0.16114513728469687,11260410,11032611,-0.43536606968357516,-0.9907612216150491
45.850833416,0.2570686267992264,-0.055361224439317014,-0.02409028999999996,0.19234178787646203,-0.0783465472853908,0.22368040679061835,0.1610031689623057,11263344,11034685,-0.4448674245679519,-0.9920783544535986
45.902623415,0.2570686267992264,-0.055361224439317014,0.027699709,0.18975106046502122,-0.0785396962383561,0.22368040679061835,0.1610031689623057,11266304,11036752,-0.4544103932489836,-0.9933596897224082
45.908768654,0.2695686267992264,0.004638775560682984,-0.016668558,0.18975106046502122,-0.0785396962383561,0.22303828757746233,0.15911557405136817,11269215,11038866,-0.4544103932489836,-0.9933596897224082
45.949012041,0.2820686267992264,0.06463877556068298,-0.025738955000000008,0.19107693081441524,-0.0799033919076177,0.22303828757746233,0.15911557405136817,11269215,11038866,-0.4639543838958983,-0.9946041007573462
46.000437737,0.2945686267992264,0.12463877556068298,-0.024512768000000018,0.19203082110490233,-0.07935025446698998,0.2237709228916983,0.16029071931810632,11272118,11041001,-0.47352758894301544,-0.9958165337276026
46.008761168,0.2945686267992264,0.12463877556068298,-0.016189337000000026,0.19203082110490233,-0.07935025446698998,0.2237709228916983,0.16029071931810632,11272118,11041001,-0.47352758894301544,-0.9958165337276026
46.052411557,0.2620686267992264,0.06463877556068298,-0.022500515000000054,0.19328313727942487,-0.07519038284790135,0.2233592904185854,0.16320698414026433,11275018,11043273,-0.48335911921576225,-0.9970316555272019
46.099367619,0.2620686267992264,0.06463877556068298,0.024455547,0.19600064367326006,-0.07160495038078932,0.2246426238255758,0.16735866352094433,11277922,11045608,-0.4933213274375244,-0.9982353796768932
46.108762741,0.24836282630538128,0.011775861918340791,-0.015992403000000044,0.19600064367326006,-0.07160495038078932,0.2246426238255758,0.16735866352094433,11277922,11045608,-0.4933213274375244,-0.9982353796768932
46.150132418,0.26086282630538127,0.07177586191834079,-0.03400135000000004,0.19752500707158296,-0.06461652184934767,0.22337161581132203,0.1716783983318439,11280786,11047916,-0.5031592608875661,-0.9993975216322273
46.201919318,0.2733628263053813,0.1317758619183408,-0.022761582999999974,0.19836604792278634,-0.05972348681604733,0.22225544264920527,0.1744766531963674,11283639,11050216,-0.51296408512809,-1.0005294350319363
46.208795071,0.2733628263053813,0.1317758619183408,-0.01588582999999999,0.19836604792278634,-0.05972348681604733,0.22225544264920527,0.1744766531963674,11283639,11050216,-0.51296408512809,-1.0005294350319363
46.248574257,0.2858628263053813,0.19177586191834078,-0.026406765000000054,0.19991455337455913,-0.05793711487807031,0.22308939932578725,0.176739707423331,11286494,11052465,-0.5226788875195039,-1.0016223992853073
46.300050974,0.2858628263053813,0.19177586191834078,0.025069952,0.1982213415854175,-0.05734899324998547,0.22116093888541166,0.17528174428542329,11289349,11054706,-0.5323816294144551,-1.0026851279756064
46.308760882,0.2983628263053813,0.2517758619183408,-0.016086578000000018,0.1982213415854175,-0.05734899324998547,0.22116093888541166,0.17528174428542329,11289349,11054706,-0.5323816294144551,-1.0026851279756064
46.351613999,0.3108628263053813,0.3062342326322922,-0.02309608399999996,0.1980324169145193,-0.05542264952372582,0.22020147672400964,0.17586335710502898,11292198,11057116,-0.54239700528493,-1.0037607977618086
46.39836669,0.321182439229324,0.33741280454039657,-0.026607751999999985,0.20028391470411575,-0.05246402119596656,0.22126952318250237,0.17929830622572912,11295053,11059626,-0.5526160491979036,-1.004841268145878
46.408795119,0.321182439229324,0.33741280454039657,-0.016179323000000023,0.20028391470411575,-0.05246402119596656,0.22126952318250237,0.17929830622572912,11295053,11059626,-0.5526160491979036,-1.004841268145878
46.449813843,0.3239020624276814,0.2774128045403966,-0.025623083000000046,0.20308590551836705,-0.04299869754366907,0.22028538453583468,0.18588642650089943,11297914,11062288,-0.5631371005086601,-1.0059435335183362
46.501546145,0.3239020624276814,0.2774128045403966,0.026109219,0.20649389682465247,-0.03350836507255161,0.22028538453583468,0.18588642650089943,11300786,11065018,-0.5738094007968831,-1.007054309024086
46.508793593,0.32255601025027747,0.2911821420969454,-0.01618885999999997,0.20649389682465247,-0.03350836507255161,0.22202045419316688,0.19987939770160842,11303703,11067779,-0.5738094007968831,-1.007054309024086
46.547828675,0.32255601025027747,0.2911821420969454,0.022846222,0.21094992594738765,-0.027676320614448066,0.22202045419316688,0.19987939770160842,11303703,11067779,-0.5846273257219794,-1.0081720733074913
46.599390984,0.3211128706700388,0.31710958371713205,0.024295092,0.21394833682601372,-0.021791088990214258,0.22202045419316688,0.19987939770160842,11306639,11070557,-0.5955146870286936,-1.009288687728829
46.608802796,0.3211128706700388,0.31710958371713205,0.033706904,0.21394833682601372,-0.021791088990214258,0.22266477242209942,0.20523190122992802,11306639,11070557,-0.5955146870286936,-1.009288687728829
46.650965929,0.31811173562268014,0.34107758046537284,0.026074648,0.21636973050150365,-0.01792660038264296,0.22266477242209942,0.20523190122992802,11309547,11073367,-0.6064101930276625,-1.0104009710330293
46.7027874,0.32183446200787946,0.28107758046537284,0.028054953,0.21449618006776203,-0.014253813245787908,0.2201977053660772,0.20879465476944686,11312445,11076205,-0.6173403176978484,-1.0115136155010718
46.708755494,0.3208798134212523,0.2968359674814611,-0.016105413000000013,0.21449618006776203,-0.014253813245787908,0.2201977053660772,0.20879465476944686,11312445,11076205,-0.6173403176978484,-1.0115136155010718
46.749344588,0.31965120290158155,0.31897632674659626,-0.025408505999999997,0.21681975707027132,-0.010354309176178814,0.22096148074074284,0.2126780333997998,11315325,11079068,-0.6282838717311519,-1.0126267269580524
46.800593377,0.31838734930318924,0.34172984432634546,-0.024271488000000008,0.21856664899356393,-0.006774952944551688,0.2212766301713846,0.21585666781574325,11318205,11081950,-0.6392636204536367,-1.0137436261575257
46.808776379,0.31838734930318924,0.34172984432634546,-0.016088486000000013,0.21856664899356393,-0.006774952944551688,0.2212766301713846,0.21585666781574325,11318205,11081950,-0.6392636204536367,-1.0137436261575257
46.852199555,0.28588734930318926,0.28172984432634546,-0.022686242999999995,0.22005705275315834,-0.003985817533607959,0.22165137976660151,0.21846272573971515,11321108,11084850,-0.6503215126676278,-1.0148683138978016
46.898721695,0.28588734930318926,0.28172984432634546,0.023835897,0.22280286865425408,-0.0024011534259747377,0.22376333002464396,0.22184240728386417,11324022,11087763,-0.6614251434295669,-1.0159975999433253
46.908847809,0.2533873493031893,0.22172984432634546,-0.021630287000000026,0.22280286865425408,-0.0024011534259747377,0.22376333002464396,0.22184240728386417,11324022,11087763,-0.6614251434295669,-1.0159975999433253
46.950405836,0.23917302153539113,0.16172984432634546,-0.024269819999999998,0.22215470323313552,-0.001637067438520906,0.22280953020854388,0.22149987625772716,11326873,11090596,-0.6722563756710518,-1.0170982386971286
47.001951456,0.23837070882707087,0.10172984432634546,-0.023086547999999985,0.2208773003310296,-0.0014327851639463554,0.22145041439660812,0.22030418626545104,11329700,11093405,-0.6829962348112045,-1.0181886571377163
47.008793831,0.23837070882707087,0.10172984432634546,-0.01624417300000003,0.2208773003310296,-0.0014327851639463554,0.22145041439660812,0.22030418626545104,11329700,11093405,-0.6829962348112045,-1.0181886571377163
47.048505783,0.23730719262353295,0.12224041699939947,-0.026513099999999956,0.2205409253308479,-0.00266505282056035,0.22160694645907206,0.21947490420262378,11332474,11096045,-0.6933137247725528,-1.0192295043699042
47.100474358,0.23730719262353295,0.12224041699939947,0.025455475,0.2154968379826619,-0.006074946880292656,0.22160694645907206,0.21947490420262378,11335234,11098636,-0.7035119844451931,-1.0202499872058284
47.108866215,0.23616850632049916,0.14841928999420906,-0.01577282000000002,0.2154968379826619,-0.006074946880292656,0.21792681673477896,0.21306685923054483,11335234,11098636,-0.7035119844451931,-1.0202499872058284
47.151618243,0.24866850632049917,0.20841928999420906,-0.03240776000000001,0.2113917342025168,-0.010655059374407097,0.21565375795227965,0.20712971045275397,11338017,11101214,-0.7137303014102767,-1.021262346998416
47.20361948,0.26116850632049915,0.26841928999420905,-0.021012067999999995,0.20562274379194068,-0.014153657153528343,0.211284206653352,0.19996128093052934,11340813,11103787,-0.7239649435499302,-1.0222652892771686
47.208740473,0.26116850632049915,0.26841928999420905,-0.015891074999999977,0.20562274379194068,-0.014153657153528343,0.211284206653352,0.19996128093052934,11340813,11103787,-0.7239649435499302,-1.0222652892771686
47.249728918,0.27366850632049916,0.32841928999420905,-0.02502799099999997,0.20607310550997732,-0.01620133146354185,0.21255363809539407,0.1995925729245606,11343576,11106395,-0.7342041400343948,-1.023261005810864
47.301479817,0.27366850632049916,0.32841928999420905,0.026722908,0.20609947569117443,-0.016358850584992958,0.21255363809539407,0.1995925729245606,11346340,11109019,-0.7444764123877295,-1.0242529878055422
47.308780194,0.28616850632049917,0.38841928999420905,-0.016041278999999964,0.20609947569117443,-0.016358850584992958,0.21414752768598305,0.20307065464160784,11349092,11111847,-0.7444764123877295,-1.0242529878055422
47.348045588,0.28616850632049917,0.38841928999420905,0.023224115,0.20860909116379545,-0.013846091305469016,0.21414752768598305,0.20307065464160784,11349092,11111847,-0.7551143599626947,-1.0252841902746637
47.399855137,0.2986685063204992,0.41635859743915427,0.024783373,0.21141767707376702,-0.008383997704078383,0.21414752768598305,0.20307065464160784,11351854,11114758,-0.7659288559081477,-1.0263402956293695
47.408876658,0.2986685063204992,0.41635859743915427,0.033804894,0.21141767707376702,-0.008383997704078383,0.21477127615539837,0.20806407799213567,11351854,11114758,-0.7659288559081477,-1.0263402956293695
47.451622248,0.3111685063204992,0.35635859743915427,0.025846958,0.21427893924177016,0.0027512285143324253,0.21477127615539837,0.20806407799213567,11354619,11117811,-0.7770182625679827,-1.027438688821317
47.498584986,0.31540289337855243,0.35495722293420084,0.023837328,0.21818512480531754,0.010630662243358673,0.2139328599079741,0.22243738970266103,11357395,11120908,-0.7882107845369001,-1.0285646708353917
47.508775711,0.31477879241867773,0.3704130393833017,-0.01642012599999998,0.21818512480531754,0.010630662243358673,0.2139328599079741,0.22243738970266103,11357395,11120908,-0.7882107845369001,-1.0285646708353917
47.549375058,0.31382033826246974,0.3877136329694212,-0.025449991000000005,0.22175826835135193,0.018730711112291236,0.21426598390643545,0.22925055279626844,11360233,11124031,-0.7995694430496614,-1.0297230266815351
47.600819826,0.31820747692750856,0.3277136329694212,-0.023904562000000018,0.2249601021207699,0.02292472172330546,0.2157902134314477,0.23412999081009206,11363096,11127162,-0.8109894787570885,-1.0309024515058127
47.608769894,0.31820747692750856,0.3277136329694212,-0.01595449400000004,0.2249601021207699,0.02292472172330546,0.2157902134314477,0.23412999081009206,11363096,11127162,-0.8109894787570885,-1.0309024515058127
47.652598858,0.31820747692750856,0.3277136329694212,0.02787447,0.22429501653984382,0.024892652485917696,0.21433795554547674,0.2342520775342109,11365941,11130332,-0.8224476688183806,-1.0321038416465975
47.699331522,0.31887167244556885,0.32497044289192767,0.024422407,0.22705263005786983,0.027083340482500703,0.21433795554547674,0.2342520775342109,11368787,11133517,-0.8339343673360726,-1.033327075272674
47.708773136,0.3180970257987817,0.3389303486655971,-0.015909911000000054,0.22705263005786983,0.027083340482500703,0.21621929386486954,0.2378859662508701,11368787,11133517,-0.8339343673360726,-1.033327075272674
47.750810385,0.3171877870542694,0.35530491208572157,-0.023979663999999956,0.22903994590504653,0.028629964403298833,0.217587960143727,0.24049193166636607,11371681,11136703,-0.8455126561355438,-1.0345764375742965
47.802131892,0.28468778705426945,0.29530491208572157,-0.022963762000000054,0.23103960625845313,0.02885976064588215,0.21949570200010027,0.242583510516806,11374600,11139901,-0.8571597152451552,-1.0358489642301028
47.808700085,0.28468778705426945,0.29530491208572157,-0.016395569000000054,0.23103960625845313,0.02885976064588215,0.21949570200010027,0.242583510516806,11374600,11139901,-0.8571597152451552,-1.0358489642301028
47.848831416,0.28468778705426945,0.29530491208572157,0.023735762,0.23407798791326434,0.029511086271778036,0.22227355340455313,0.24588242242197555,11377501,11143134,-0.8688370997663148,-1.0371435933297426
47.900194884,0.2521877870542695,0.23530491208572157,0.025319338,0.234993954082241,0.030150765329521358,0.22293364795043244,0.24705426021404953,11380406,11146393,-0.8805693735920094,-1.0384644435469546
47.908776045,0.2403563558318901,0.17530491208572158,-0.016781806999999982,0.234993954082241,0.030150765329521358,0.22293364795043244,0.24705426021404953,11380406,11146393,-0.8805693735920094,-1.0384644435469546
47.951571226,0.2528563558318901,0.23530491208572157,-0.023319245000000044,0.23382649068252093,0.029848615650835963,0.22188704442218654,0.2457659369428553,11383206,11149427,-0.8916721328664812,-1.039727021240236
47.998520851,0.2653563558318901,0.29530491208572157,-0.02615618799999997,0.2333838010812517,0.028727442450318733,0.2218928241011242,0.2448747780613792,11385976,11152399,-0.9025985986742618,-1.0409802579392633
48.008758784,0.2653563558318901,0.29530491208572157,-0.015918254999999992,0.2333838010812517,0.028727442450318733,0.2218928241011242,0.2448747780613792,11385976,11152399,-0.9025985986742618,-1.0409802579392633
48.05028987,0.2778563558318901,0.35530491208572157,-0.02456593500000004,0.2273904797463795,0.024169785124341196,0.21772256569664303,0.23705839379611598,11388737,11155307,-0.9133852789914308,-1.0422251548823362
48.101439,0.2778563558318901,0.35530491208572157,0.026583195,0.22327808739768454,0.020209205531771593,0.21772256569664303,0.23705839379611598,11391504,11158206,-0.9241654624583983,-1.043476207165923
48.108901978,0.2903563558318901,0.29530491208572157,-0.01592349999999998,0.22327808739768454,0.020209205531771593,0.2151944051849759,0.23136176961039318,11391504,11158206,-0.9241654624583983,-1.043476207165923
48.148229361,0.30285635583189013,0.2891076027330266,-0.03498458900000001,0.2232969830671532,0.020154661244937214,0.21523511856917832,0.2313588475651281,11394258,11161304,-0.9352973877090607,-1.0447866667918686
48.199543238,0.31535635583189014,0.30098993317828715,-0.025299072000000034,0.22366584080547955,0.02404966874461824,0.21404597330763225,0.23328570830332684,11397020,11164488,-0.946605410085059,-1.0461410293229196
48.20877719,0.31535635583189014,0.30098993317828715,-0.016065120000000044,0.22366584080547955,0.02404966874461824,0.21404597330763225,0.23328570830332684,11397020,11164488,-0.946605410085059,-1.0461410293229196
48.251301051,0.3233878109532322,0.31334247898174283,-0.02340984300000004,0.22561587197337482,0.03009336980644449,0.21357852405079703,0.23765321989595262,11399837,11167712,-0.9580913986740871,-1.0475394183323152
48.298459053,0.3233878109532322,0.31334247898174283,0.023748159,0.22874232194596184,0.0336567603883595,0.21527961779061802,0.24220502610130562,11402683,11170949,-0.9696545868469135,-1.0489691816753581
48.308764696,0.3300512663484153,0.25334247898174284,-0.016077281000000054,0.22874232194596184,0.0336567603883595,0.21527961779061802,0.24220502610130562,11402683,11170949,-0.9696545868469135,-1.0489691816753581
48.349683762,0.3295294544723125,0.2388432686484967,-0.025057553999999982,0.2310478331430203,0.03599182307075968,0.21665110391471643,0.24544456237132417,11405577,11174263,-0.9814524293803962,-1.0504520555086887
48.400918246,0.3295794336766245,0.2509153821299426,-0.02399039199999997,0.2339974406036892,0.037308446784827566,0.2190740618897582,0.24892081931762025,11408509,11177600,-0.9933632714525809,-1.0519726018920996
48.40878129,0.3295794336766245,0.2509153821299426,-0.01612734800000004,0.2339974406036892,0.037308446784827566,0.2190740618897582,0.24892081931762025,11408509,11177600,-0.9933632714525809,-1.0519726018920996
48.452612162,0.32884171494740183,0.2640478383755991,-0.022107600999999977,0.23401121357792787,0.03708394838315438,0.21917763422466613,0.24884479293118963,11411508,11180959,-1.005440533523877,-1.053535556817192
48.499163151,0.32884171494740183,0.2640478383755991,0.024443388,0.23845902518471018,0.036195416653509484,0.22398085852330638,0.25293719184611396,11414546,11184328,-1.0176083613301867,-1.0551298448683881
48.508768559,0.32799230750727454,0.27915988682661763,-0.01591539399999997,0.23845902518471018,0.036195416653509484,0.22398085852330638,0.25293719184611396,11414546,11184328,-1.0176083613301867,-1.0551298448683881
48.550961256,0.33502999162289954,0.21915988682661763,-0.024071454999999964,0.2413259970893769,0.03546068012096712,0.22714172504099006,0.25551026913776376,11417557,11187731,-1.0297864658390603,-1.056748736769638
48.602477074,0.334490206566811,0.2026055592889472,-0.022168398000000034,0.24357438436029316,0.0358514857691487,0.2292337900526337,0.25791497866795265,11420576,11191164,-1.0420334676146927,-1.0584015017520065
48.608774662,0.334490206566811,0.2026055592889472,-0.015870810000000013,0.24357438436029316,0.0358514857691487,0.2292337900526337,0.25791497866795265,11420576,11191164,-1.0420334676146927,-1.0584015017520065
48.648877859,0.30199020656681097,0.1426055592889472,-0.026057004999999966,0.24703202124730136,0.036384435672118035,0.23247824697845415,0.2615857955161486,11423622,11194591,-1.054317285427995,-1.0600820595170648
48.700281144,0.30199020656681097,0.1426055592889472,0.02534628,0.2481274407158136,0.03680885336281192,0.23247824697845415,0.2615857955161486,11426699,11198037,-1.066692976587431,-1.061797468298932
48.708784819,0.269490206566811,0.0826055592889472,-0.015855551000000023,0.2481274407158136,0.03680885336281192,0.23340389937068884,0.2628509820609384,11426699,11198037,-1.066692976587431,-1.061797468298932
48.751749993,0.2540069908600527,0.022605559288947197,-0.023009776999999954,0.24829176606787337,0.03511323709255047,0.23424647123085318,0.26233706090489356,11429744,11201362,-1.0787761332774488,-1.063488843556716
48.799381495,0.25486877558572985,-0.0373944407110528,-0.02543950100000003,0.24902343712777347,0.03334169832704223,0.23568675779695658,0.26236011645859036,11432781,11204651,-1.0907737914317255,-1.0651830145099987
48.808783293,0.25486877558572985,-0.0373944407110528,-0.01603770299999996,0.24902343712777347,0.03334169832704223,0.23568675779695658,0.26236011645859036,11432781,11204651,-1.0907737914317255,-1.0651830145099987
48.849967718,0.25486877558572985,-0.0373944407110528,0.025146722,0.2456482878972086,0.028889774656110055,0.2340923780347646,0.25720419775965264,11435770,11207841,-1.10249105667234,-1.0668490956550558
48.902161599,0.25427800432902536,-0.05260849760163522,0.026930333,0.24184691566127703,0.02498640280923666,0.2340923780347646,0.25720419775965264,11438740,11210993,-1.1140987895597532,-1.068509924280839
48.908751965,0.25363536559622113,-0.0380487757832797,-0.016867160999999964,0.24184691566127703,0.02498640280923666,0.23185235453758238,0.2518414767849717,11438740,11210993,-1.1140987895597532,-1.068509924280839
48.948112488,0.26613536559622114,0.0219512242167203,-0.026947021999999987,0.2413997132244523,0.021160665366647576,0.23293544707779326,0.24986397937111132,11441752,11214046,-1.1255981232783732,-1.0701575471112803
49.000113011,0.27863536559622115,0.0819512242167203,-0.02471423100000003,0.23736885188813636,0.014810033412943416,0.231444838522959,0.24329286525331373,11444770,11217062,-1.137038696215899,-1.071796638891468
49.008707524,0.27863536559622115,0.0819512242167203,-0.016119718000000005,0.23736885188813636,0.014810033412943416,0.231444838522959,0.24329286525331373,11444770,11217062,-1.137038696215899,-1.071796638891468
49.051277161,0.29113536559622116,0.1419512242167203,-0.02394247100000002,0.23588575650770538,0.00995183607949493,0.2319050220759074,0.23986649093950335,11447789,11220167,-1.1486492247375908,-1.0734649599412267
49.097882748,0.29113536559622116,0.1419512242167203,0.022663116,0.23708022172693624,0.008104790900112999,0.23383830536689104,0.24032213808698144,11450808,11223300,-1.1603119220186044,-1.0751472755633693
49.108769656,0.25863536559622113,0.0819512242167203,-0.01630568499999996,0.23708022172693624,0.008104790900112999,0.23383830536689104,0.24032213808698144,11450808,11223300,-1.1603119220186044,-1.0751472755633693
49.149431467,0.2549722363183379,0.0219512242167203,-0.032987356999999995,0.23715396612924172,0.010071257512742626,0.23312546312414467,0.24118246913433877,11453823,11226504,-1.1721000910885364,-1.076858582077492
49.201126337,0.2585712510638671,-0.0380487757832797,-0.023606777999999995,0.23758141996536042,0.013016685736181866,0.23237474567088767,0.24278809425983316,11456843,11229741,-1.1839584940178416,-1.0785926681144558
49.208788634,0.2585712510638671,-0.0380487757832797,-0.01594448100000001,0.23758141996536042,0.013016685736181866,0.23237474567088767,0.24278809425983316,11456843,11229741,-1.1839584940178416,-1.0785926681144558
49.252731324,0.25924265914849476,-0.0980487757832797,-0.022211073999999997,0.23446296648795462,0.015828554879313735,0.2281315445362291,0.2407943884396801,11459820,11232935,-1.1956521244469251,-1.0803150715162704
49.29912448,0.25924265914849476,-0.0980487757832797,0.024182082,0.2359770732840107,0.01822066644337865,0.2281315445362291,0.2407943884396801,11462786,11236128,-1.2073211402152757,-1.0820468105425018
49.308794499,0.2587458287921904,-0.10579694077284252,-0.015925883999999946,0.2359770732840107,0.01822066644337865,0.22868880670665925,0.24326533986136217,11462786,11236128,-1.2073211402152757,-1.0820468105425018
49.351106406,0.25797357947011823,-0.08835298007890147,-0.02355194100000002,0.23602455848211618,0.016716503454219413,0.2293379571004284,0.24271115986380393,11465853,11239217,-1.2189842896913874,-1.0837789347259268
49.402750969,0.27047357947011824,-0.02835298007890147,-0.02208995800000002,0.2360973393705274,0.012224766206719515,0.2312074328878396,0.2409872458532152,11468964,11242290,-1.2307008043490977,-1.085516805397676
49.408819437,0.27047357947011824,-0.02835298007890147,-0.01602148999999997,0.2360973393705274,0.012224766206719515,0.2312074328878396,0.2409872458532152,11468964,11242290,-1.2307008043490977,-1.085516805397676
49.44887352,0.28297357947011825,0.03164701992109853,-0.026271819999999946,0.23823613649942654,0.00863516986215701,0.23478206855456374,0.24169020444428935,11472065,11245354,-1.2423816274332462,-1.0872472670639175
49.500723362,0.28297357947011825,0.03164701992109853,0.025578022,0.23779563540281473,0.0031507086380719307,0.23653535194758596,0.2390559188580435,11475175,11248428,-1.2540987488591968,-1.0889810420451638
49.508754492,0.29547357947011826,0.09164701992109853,-0.015933752000000023,0.23779563540281473,0.0031507086380719307,0.23653535194758596,0.2390559188580435,11475175,11248428,-1.2540987488591968,-1.0889810420451638
49.551919937,0.26297357947011823,0.03164701992109853,-0.02291297999999997,0.23853271019902653,0.002036242478627645,0.23771821320757547,0.23934720719047758,11478277,11251624,-1.2660310755619517,-1.0907521496817114
49.59843874,0.25871478125682057,-0.02835298007890147,-0.02625012400000004,0.2413688749817865,0.0029258065779516965,0.2401985523506058,0.24253919761296716,11481389,11254879,-1.278092902276843,-1.0925509210536533
49.608783961,0.25871478125682057,-0.02835298007890147,-0.015904903000000026,0.2413688749817865,0.0029258065779516965,0.2401985523506058,0.24253919761296716,11481389,11254879,-1.278092902276843,-1.0925509210536533
49.650061846,0.2631030931416462,0.03164701992109853,-0.025056362000000054,0.24206099292805358,0.007164347401060547,0.23919525396762936,0.2449267318884778,11484452,11258090,-1.289977287998726,-1.0943318413461267
49.701554299,0.2631030931416462,0.03164701992109853,0.026436091,0.24201815216942546,0.010146980661049632,0.2379593599050056,0.2460769444338453,11487513,11261291,-1.3018377487066042,-1.0961173067967378
49.70881629,0.26257074108893114,0.05777285795476628,-0.01589155200000003,0.24201815216942546,0.010146980661049632,0.2387652200872577,0.2483310210876455,11490565,11264493,-1.3018377487066042,-1.0961173067967378
49.748259068,0.26257074108893114,0.05777285795476628,0.023551226,0.2435481205874516,0.011957251250484732,0.2387652200872577,0.2483310210876455,11490565,11264493,-1.3136817732594397,-1.0979089988631066
49.799743176,0.2621073254493903,-0.002227142045233721,0.024802923,0.242030284471214,0.012781130233406289,0.23691783237785147,0.2471427365645765,11493621,11267690,-1.3255226917764846,-1.099708399494827
49.808761835,0.2621073254493903,-0.002227142045233721,0.033821582,0.242030284471214,0.012781130233406289,0.23691783237785147,0.2471427365645765,11493621,11267690,-1.3255226917764846,-1.099708399494827
49.851334334,0.26150948044622785,-0.06222714204523372,0.026451111,0.24111849612347408,0.012784195353028084,0.23600481798226283,0.2462321742646853,11496697,11270875,-1.3373778174009612,-1.1015162901716682
49.898017407,0.264829741710558,-0.002227142045233721,0.023247481,0.24243960726297914,0.01241657861501877,0.23600481798226283,0.2462321742646853,11499784,11274053,-1.3492397275604049,-1.10333050484821
49.908786536,0.26517468440054853,0.022053768068615143,-0.01641440400000005,0.24243960726297914,0.01241657861501877,0.23747297581697163,0.24740623870898665,11499784,11274053,-1.3492397275604049,-1.10333050484821
49.949419976,0.2645923632726465,0.035646165299007326,-0.025260448000000046,0.24160238799678607,0.010946476316002242,0.2372237974703852,0.24598097852318698,11502878,11277233,-1.361117928788279,-1.1051522174119162
50.001053572,0.26397002444441386,0.050165739203719806,-0.023663997999999964,0.24123212599347368,0.009748161525122492,0.2373328613834247,0.24513139060352268,11505978,11280415,-1.3730105588243264,-1.1069809226603555
50.008765698,0.26397002444441386,0.050165739203719806,-0.015951872000000034,0.24123212599347368,0.009748161525122492,0.2373328613834247,0.24513139060352268,11505978,11280415,-1.3730105588243264,-1.1069809226603555
50.052328349,0.26397002444441386,0.050165739203719806,0.027610779,0.2379719439309144,0.009397089784307158,0.23421310801719153,0.24173077984463726,11509065,11283623,-1.384926735775928,-1.1088203168044422
50.099226475,0.2633582538543562,-0.009834260796280192,0.024139166,0.2394944675393627,0.010073306854310286,0.23421310801719153,0.24173077984463726,11512146,11286842,-1.3968511584716534,-1.1106690520721716
50.108798981,0.26675156305859243,-0.014705323128374803,-0.01632237400000003,0.2394944675393627,0.010073306854310286,0.2354651447976386,0.24352379028108684,11512146,11286842,-1.3968511584716534,-1.1106690520721716
50.15063262,0.2671176232814835,-0.00020511237655140846,-0.03134107600000002,0.24064682849132565,0.01062555386280327,0.23639660694620435,0.24489705003644696,11515253,11290043,-1.408789888883824,-1.1125255089167516
50.202284098,0.266552341216578,0.012960632685965257,-0.022404431999999974,0.24112770335054662,0.010499797470720218,0.23692778436225853,0.2453276223388347,11518365,11293247,-1.4207429403267255,-1.114389586119474
50.208814144,0.266552341216578,0.012960632685965257,-0.015874386000000018,0.24112770335054662,0.010499797470720218,0.23692778436225853,0.2453276223388347,11518365,11293247,-1.4207429403267255,-1.114389586119474
50.249037505,0.26591709070572545,0.02774911043049022,-0.026200770999999956,0.24324498401994518,0.010014182104911493,0.23923931117798058,0.24725065686190978,11521495,11296440,-1.432708675785595,-1.116259339085666
50.3016603,0.26591709070572545,0.02774911043049022,0.026422024,0.24208714417476418,0.00874654251328738,0.23923931117798058,0.24725065686190978,11521495,11296440,-1.444702150585323,-1.1181376627302666
50.308756113,0.2698989361982354,-0.03225088956950978,-0.016128778999999982,0.24208714417476418,0.00874654251328738,0.23858852716944923,0.24558576118007913,11524628,11299645,-1.444702150585323,-1.1181376627302666
50.351939679,0.26942608688702796,-0.03400513271932504,-0.022764204999999982,0.2425124019855397,0.008309409123200967,0.2391886383362593,0.24583616563482008,11527738,11302863,-1.4566757308152107,-1.1200192151985078
50.39866519,0.26895678242603077,-0.023090037316579992,-0.02605748200000002,0.24455127171689822,0.008728770085352916,0.24105976368275706,0.2480427797510394,11530840,11306101,-1.4686707867612703,-1.1219121476429745
50.408759594,0.26895678242603077,-0.023090037316579992,-0.015963077999999964,0.24455127171689822,0.008728770085352916,0.24105976368275706,0.2480427797510394,11530840,11306101,-1.4686707867612703,-1.1219121476429745
50.450017214,0.2684393632368372,-0.008965942259058224,-0.02490377399999999,0.24512131080539962,0.009158154614214709,0.24145804895971373,0.2487845726510855,11533998,11309315,-1.4807258749855803,-1.1238178669967624
50.501367569,0.2684393632368372,-0.008965942259058224,0.026446581,0.24457052292596715,0.008683935988491216,0.24145804895971373,0.2487845726510855,11537174,11312529,-1.4928146691852393,-1.1257311694586039
50.508893252,0.2714863432239176,-0.06896594225905822,-0.015784502000000034,0.24457052292596715,0.008683935988491216,0.24109694853057065,0.24804409732136362,11537174,11312529,-1.4928146691852393,-1.1257311694586039
50.548187256,0.2717479651321147,-0.06684769323306794,-0.026777029000000008,0.24643963192225987,0.008026248171146,0.24322913265380147,0.24965013119071827,11540332,11315753,-1.504887724223167,-1.1276458921824017
50.599562645,0.27123719051406303,-0.05498765999246491,-0.02518439299999997,0.24597816377937465,0.006907194095042146,0.2432152861413578,0.2487410414173915,11543492,11318982,-1.5169733874253173,-1.1295667082821053
50.608818055,0.27123719051406303,-0.05498765999246491,-0.015928983000000008,0.24597816377937465,0.006907194095042146,0.2432152861413578,0.2487410414173915,11543492,11318982,-1.5169733874253173,-1.1295667082821053
50.651219607,0.27060775247983404,-0.0403784372611663,-0.023573637000000036,0.2455731698375265,0.005697053618886269,0.243294348389972,0.247851991285081,11546695,11322182,-1.5290855611856022,-1.1314915594060129
50.702915669,0.27060775247983404,-0.0403784372611663,0.028122425,0.24210867052009008,0.0036068750828257418,0.243294348389972,0.247851991285081,11549923,11325378,-1.5412377551653298,-1.133420861427196
50.708848,0.26971570388116617,-0.024526663269102023,-0.016246556999999995,0.24210867052009008,0.0036068750828257418,0.24066592048695978,0.24355142055322038,11553140,11328587,-1.5412377551653298,-1.133420861427196
50.749270201,0.2727220615447154,-0.08452666326910202,-0.025412321000000015,0.24400621562885505,0.0013648651247955002,0.24346026957893685,0.24455216167877325,11553140,11328587,-1.5533938064389838,-1.1353502984354755
50.801111222,0.2721403042463822,-0.08084514892206829,-0.02354216499999995,0.24513801315622635,-5.436478049507254e-05,0.24515975906842438,0.24511626724402832,11556369,11331800,-1.5655802730368258,-1.1372836058576248
50.808933974,0.2721403042463822,-0.08084514892206829,-0.015719413000000015,0.24513801315622635,-5.436478049507254e-05,0.24515975906842438,0.24511626724402832,11556369,11331800,-1.5655802730368258,-1.1372836058576248
50.852412939,0.27196391068213827,-0.06461928125243221,-0.022441625999999992,0.24616266959182478,-0.0010532694510927837,0.2465839773722619,0.24574136181138767,11559614,11334998,-1.5777690662188006,-1.1392144702658302
50.898860216,0.27196391068213827,-0.06461928125243221,0.024005651,0.2487640579941392,-0.00205289513903896,0.24958521604975478,0.24794289993852361,11562877,11338198,-1.5899962789100601,-1.141147639834493
50.908765793,0.27125490695737886,-0.048173902164573734,-0.015957832999999977,0.2487640579941392,-0.00205289513903896,0.24958521604975478,0.24794289993852361,11562877,11338198,-1.5899962789100601,-1.141147639834493
50.950710059,0.27455701955780054,-0.10817390216457373,-0.02437376899999999,0.24838676630975476,-0.0034337098520445877,0.2497602502505726,0.24701328236893694,11566131,11341402,-1.602214494342949,-1.143076388578572
51.008785963,0.27396574275737895,-0.09907108236185269,-0.015885115000000005,0.24759428171062603,-0.00410451169667328,0.24923608638929534,0.24595247703195672,11569395,11344624,-1.6144860737193778,-1.1450110318571538
51.003134251,0.27396574275737895,-0.09907108236185269,-0.021536827000000036,0.24759428171062603,-0.00410451169667328,0.24923608638929534,0.24595247703195672,11569395,11344624,-1.6144860737193778,-1.1450110318571538
51.048748017,0.2732844762317146,-0.08327584563202406,-0.025954723000000013,0.2498176160287045,-0.004957360443794134,0.25180056020622216,0.24783467185118685,11572680,11347818,-1.6267452499674995,-1.1469382454411823
51.100878001,0.2732844762317146,-0.08327584563202406,0.026175261,0.2491403391784749,-0.005912086612243628,0.25180056020622216,0.24783467185118685,11575976,11351025,-1.6390506608288662,-1.1488673539126966
51.108788491,0.272113325008837,-0.06770645912443907,-0.01606464299999999,0.2491403391784749,-0.005912086612243628,0.25150517382337234,0.24677550453357744,11575976,11351025,-1.6390506608288662,-1.1488673539126966
51.151618958,0.2747761455436109,-0.12770645912443906,-0.03382778200000003,0.2501738528159523,-0.007053774991824038,0.2529953628126819,0.2473523428192227,11579272,11354239,-1.651370074892783,-1.1507937018263887
51.199900866,0.2741544143361257,-0.11509928014657034,-0.02475166299999998,0.2515128001855795,-0.00766863883426519,0.25458025571928555,0.2484453446518734,11582571,11357454,-1.6636978328019014,-1.1527162749323439
51.208832264,0.2741544143361257,-0.11509928014657034,-0.015820265,0.2515128001855795,-0.00766863883426519,0.25458025571928555,0.2484453446518734,11582571,11357454,-1.6636978328019014,-1.1527162749323439
51.250034333,0.2737890860308944,-0.10000785853199123,-0.025628565999999964,0.2511368070908578,-0.007497127685168366,0.2541356581649251,0.24813795601679042,11585850,11360672,-1.6759939777615889,-1.1546302390138297
51.301296711,0.2737890860308944,-0.10000785853199123,0.025633812,0.25045066391315246,-0.0071754284605648685,0.2533208352973784,0.24758049252892653,11589131,11363886,-1.688286950772592,-1.1565396701059059
51.30876875,0.2731237441839145,-0.08457147679541144,-0.01591110200000001,0.25045066391315246,-0.0071754284605648685,0.2533208352973784,0.24758049252892653,11589131,11363886,-1.688286950772592,-1.1565396701059059
51.348471642,0.2760071404501068,-0.14228861880595756,-0.026687145000000023,0.25169405187123745,-0.007405503771509107,0.2546562533798411,0.24873185036263382,11592442,11367093,-1.7006244082127886,-1.1584497190511513
51.400013209,0.2753310037498987,-0.12659973935377522,-0.024855851999999956,0.2507385149961901,-0.008584378388248291,0.25417226635148943,0.2473047636408908,11595778,11370286,-1.712983993980258,-1.1603545287089934
51.40879345,0.2753310037498987,-0.12659973935377522,-0.01607561099999999,0.2507385149961901,-0.008584378388248291,0.25417226635148943,0.2473047636408908,11595778,11370286,-1.712983993980258,-1.1603545287089934
51.451329708,0.2745840505971796,-0.10927634748023307,-0.023430108999999977,0.25049417038057387,-0.010753522946135366,0.25479557955902804,0.24619276120211975,11599140,11373475,-1.7253868053919492,-1.1622554829293297
51.502509833,0.2745840505971796,-0.10927634748023307,0.027750016,0.24769533460343462,-0.013118640160520167,0.2529427906676427,0.24244787853922656,11602522,11376658,-1.7378179322313703,-1.164148654869228
51.508808375,0.272983091414769,-0.09214326458817679,-0.016052484000000034,0.24769533460343462,-0.013118640160520167,0.2529427906676427,0.24244787853922656,11605861,11379855,-1.7378179322313703,-1.164148654869228
51.549078942,0.272983091414769,-0.09214326458817679,0.024218083,0.24986322286933346,-0.01464531333681622,0.2529427906676427,0.24244787853922656,11605861,11379855,-1.7501954249808667,-1.166025048220985
51.601041079,0.2721996455808835,-0.07394706194213674,0.026347876,0.2505367367198047,-0.015035543118156504,0.2565509539670673,0.24452251947254208,11609206,11383056,-1.762593148016372,-1.1678957641981373
51.608957053,0.2721996455808835,-0.07394706194213674,0.03426385,0.2505367367198047,-0.015035543118156504,0.2565509539670673,0.24452251947254208,11609206,11383056,-1.762593148016372,-1.1678957641981373
51.652206898,0.27466543813559313,-0.13125189335183107,0.027501345,0.25075100390036104,-0.014113678375759359,0.2563964752506648,0.2451055325500573,11612534,11386264,-1.7749730029172637,-1.1697565090509374
51.698779822,0.2739888200534795,-0.11559976021581286,0.023917914,0.25280355474892474,-0.01333973197092695,0.2563964752506648,0.2451055325500573,11615857,11389485,-1.7873689191009925,-1.171613477227259
51.708780527,0.27330235185615276,-0.09964361702945734,-0.015922784999999995,0.25280355474892474,-0.01333973197092695,0.2581394475372955,0.24746766196055395,11615857,11389485,-1.7873689191009925,-1.171613477227259
51.750320673,0.27249190910105714,-0.08081597605461355,-0.02449059499999995,0.2524579893699931,-0.01303854447577038,0.25767340716030124,0.24724257157968493,11619225,11392680,-1.7998023643877175,-1.1734655377241656
51.801917076,0.27471104039268934,-0.13470895659808635,-0.02337336599999995,0.25221807904523785,-0.013720081454174915,0.2577061116269078,0.2467300464635679,11622607,11395882,-1.8122771904710944,-1.1753127727453745
51.808835984,0.27471104039268934,-0.13470895659808635,-0.016454458000000005,0.25221807904523785,-0.013720081454174915,0.2577061116269078,0.2467300464635679,11622607,11395882,-1.8122771904710944,-1.1753127727453745
51.848258734,0.27399205377569974,-0.11798248571991599,-0.02674508099999995,0.2541867200682627,-0.014316484791944625,0.2599133139850406,0.24846012615148488,11625974,11399088,-1.8247325926783853,-1.1771473197408953
51.900223971,0.27399205377569974,-0.11798248571991599,0.025220156,0.25335057257455856,-0.014917622882168503,0.2599133139850406,0.24846012615148488,11629344,11402309,-1.8372234130156027,-1.1789779791343598
51.90879941,0.27274319349319565,-0.10190444003164045,-0.016044139999999985,0.25335057257455856,-0.014917622882168503,0.25931762172742595,0.24738352342169115,11629344,11402309,-1.8372234130156027,-1.1789779791343598
51.951601029,0.27191151234833794,-0.08254487747322414,-0.023109912999999982,0.2530570830967466,-0.015460109736687051,0.25924112699142143,0.2468730392020718,11632733,11405504,-1.8497026608395408,-1.1807951023505485
51.998032332,0.2740810890037688,-0.13307183694187874,-0.026795864000000003,0.2550063796146325,-0.016304128369246246,0.261528030962331,0.24848472826693402,11636139,11408704,-1.8622253995875544,-1.1826059455686038
52.008776427,0.2740810890037688,-0.13307183694187874,-0.01605176900000005,0.2550063796146325,-0.016304128369246246,0.261528030962331,0.24848472826693402,11636139,11408704,-1.8622253995875544,-1.1826059455686038
52.04985714,0.2730540933387037,-0.11630987360201639,-0.025252818999999982,0.2542310191066119,-0.017362793991638724,0.2611761367032674,0.2472859015099564,11639529,11411911,-1.874732657235931,-1.1844033624596397
52.101525069,0.2730540933387037,-0.11630987360201639,0.02641511,0.2536754252389306,-0.01764131942316463,0.2611761367032674,0.2472859015099564,11642916,11415124,-1.887247096513347,-1.1861911704512584
52.108779908,0.2722824467115172,-0.09832308548938562,-0.015904664999999985,0.2536754252389306,-0.01764131942316463,0.26073195300819646,0.24661889746966476,11642916,11415124,-1.887247096513347,-1.1861911704512584
52.153029681,0.27081703879729885,-0.0798493658348064,-0.03266453700000005,0.24968233721017688,-0.017571358063367334,0.2567108804355238,0.24265379398482995,11646327,11418326,-1.899787971900147,-1.187969950053465
52.204846859,0.2728689443953349,-0.1277684338453322,-0.020271539999999977,0.24758610137076378,-0.018047672565408776,0.2548051703969273,0.24036703234460027,11649744,11421523,-1.912332610877207,-1.1897357843688092
52.208748103,0.2728689443953349,-0.1277684338453322,-0.01637029599999995,0.24758610137076378,-0.018047672565408776,0.2548051703969273,0.24036703234460027,11649744,11421523,-1.912332610877207,-1.1897357843688092
52.250977278,0.2721070466971065,-0.1099671566427809,-0.023914098999999966,0.2506166027316852,-0.018865374457212383,0.25816275251457016,0.24307045294880025,11653148,11424736,-1.9248845503963645,-1.1914909404547938
52.303524495,0.2721070466971065,-0.1099671566427809,0.028633118,0.2514790717973845,-0.01888091066056901,0.2590314360616121,0.2439267075331569,11656545,11427950,-1.9374266401858837,-1.1932335152615257
52.308777809,0.26930273591933057,-0.09626303344459952,-0.016240597000000023,0.2514790717973845,-0.01888091066056901,0.2590314360616121,0.2439267075331569,11656545,11427950,-1.9374266401858837,-1.1932335152615257
52.348967076,0.26845580154719173,-0.07636482888117035,-0.025783538999999966,0.2546835085774304,-0.019160420878519754,0.26234767692883826,0.24701934022602245,11659953,11431154,-1.9499723236243733,-1.1949640993205861
52.400473833,0.28095580154719174,-0.016364828881170357,-0.024451018000000047,0.25663501076040407,-0.01931706228937742,0.26436183567615507,0.24890818584465313,11663370,11434352,-1.9625255080293547,-1.1966823053849016
52.408787251,0.28095580154719174,-0.016364828881170357,-0.016137599999999974,0.25663501076040407,-0.01931706228937742,0.26436183567615507,0.24890818584465313,11663370,11434352,-1.9625255080293547,-1.1966823053849016
52.452095032,0.29345580154719175,0.04363517111882964,-0.022601128000000026,0.2561682314072761,-0.01947155149515021,0.2639568520053362,0.24837961080921603,11666763,11437558,-1.9750498592861871,-1.1983851414333315
52.498565913,0.29345580154719175,0.04363517111882964,0.023869753,0.2577617710893958,-0.01950349214077801,0.265563167945707,0.2499603742330846,11670166,11440775,-1.9876155832657416,-1.2000822054183609
52.508772612,0.30595580154719176,-0.016364828881170357,-0.01590681100000002,0.2577617710893958,-0.01950349214077801,0.265563167945707,0.2499603742330846,11670166,11440775,-1.9876155832657416,-1.2000822054183609
52.55041337,0.27345580154719173,-0.07636482888117035,-0.024385452999999946,0.25639885842911425,-0.016978362390922576,0.26319020338548327,0.2496075134727452,11673558,11444105,-2.0003754291293285,-1.201801629405478
52.601621867,0.26674157080145267,-0.1274898001293524,-0.02308082499999997,0.2570435685304125,-0.013113727725099639,0.26228905962045235,0.25179807744037264,11676958,11447491,-2.013256877513543,-1.203536560441184
52.608804942,0.26674157080145267,-0.1274898001293524,-0.015897750000000044,0.2570435685304125,-0.013113727725099639,0.26228905962045235,0.25179807744037264,11676958,11447491,-2.013256877513543,-1.203536560441184
52.648211241,0.2792415708014527,-0.0674898001293524,-0.027260304000000013,0.25926840358705355,-0.011838231480578582,0.264003696179285,0.2545331109948221,11680386,11450760,-2.0259706825493904,-1.2052390581197634
52.69971633,0.2792415708014527,-0.0674898001293524,0.024244785,0.25899784658436154,-0.01172112515253003,0.264003696179285,0.2545331109948221,11683820,11454006,-2.038653737832609,-1.2069258171388293
52.708815337,0.2917415708014527,-0.09703827830413037,-0.015969038000000046,0.25899784658436154,-0.01172112515253003,0.2636862966453736,0.25430939652334955,11683820,11454006,-2.038653737832609,-1.2069258171388293
52.751487255,0.3042415708014527,-0.07695262736556274,-0.023485183999999992,0.2578830839782878,-0.014254003582756247,0.2635846854113903,0.2521814825451853,11687265,11457255,-2.0513649551724176,-1.2086041820952396
52.799138308,0.3167415708014527,-0.016952627365562745,-0.025701284000000046,0.2587198091435487,-0.015945441743330097,0.26509798584088073,0.25234163244621666,11690722,11460512,-2.064115756762165,-1.2102753510505588
52.808770419,0.3167415708014527,-0.016952627365562745,-0.016069172999999992,0.2587198091435487,-0.015945441743330097,0.26509798584088073,0.25234163244621666,11690722,11460512,-2.064115756762165,-1.2102753510505588
52.849516869,0.3167415708014527,-0.016952627365562745,0.024677277,0.2584705894755981,-0.01750136331308827,0.2654711348008334,0.2514700441503628,11694219,11463798,-2.076999298024431,-1.2119506784803296
52.901050091,0.3292415708014527,0.04304737263443725,0.026104927,0.2592269977349553,-0.01881762423244747,0.2654711348008334,0.2514700441503628,11697741,11467093,-2.089949240962074,-1.2136203282376288
52.908774376,0.34057428380057037,0.06934490560692752,-0.017809152999999966,0.2592269977349553,-0.01881762423244747,0.2667540474279343,0.2516999480419763,11697741,11467093,-2.089949240962074,-1.2136203282376288
52.952592373,0.33765078169036467,0.009344905606927523,-0.02232003199999999,0.25822468851291525,-0.01734260495968573,0.26516173049678954,0.25128764652904095,11701266,11470558,-2.1032283154101594,-1.2153285348220515
52.999373913,0.3401669883866017,0.036476443304269246,-0.025317668999999987,0.26218059995625953,-0.013952798427311619,0.2677617193271842,0.2565994805853349,11704818,11474090,-2.1166861296951853,-1.2170584241648004
53.00877738,0.3401669883866017,0.036476443304269246,-0.015914202000000044,0.26218059995625953,-0.013952798427311619,0.2677617193271842,0.2565994805853349,11704818,11474090,-2.1166861296951853,-1.2170584241648004
53.050752402,0.3393134094407347,0.05268416823182587,-0.024199961999999964,0.2662711477112717,-0.00960282221875608,0.2701122765987741,0.26243001882376926,11708409,11477627,-2.130227982522418,-1.2187955566207966
53.102235794,0.3393134094407347,0.05268416823182587,0.02728343,0.2695999976491224,-0.007254293053050587,0.2701122765987741,0.26243001882376926,11712025,11481180,-2.1438482540396753,-1.2205385722239066
53.108757496,0.32874656870202795,0.05537367513300373,-0.01609253899999996,0.2695999976491224,-0.007254293053050587,0.27250171487034264,0.26669828042790217,11712025,11481180,-2.1438482540396753,-1.2205385722239066
53.148736716,0.3278539830777368,0.07276449170586041,-0.035701035999999964,0.2737948508576332,-0.005758573428963354,0.27609828022921856,0.2714914214860479,11715628,11484759,-2.1574934246397843,-1.2222831804188483
53.203674794,0.3205742123035223,0.012764491705860415,-0.02115392599999999,0.27206687404420393,-0.004364934382840371,0.27381284779734005,0.27032090029106776,11719228,11488361,-2.1711765767321,-1.2240327779355098
53.208743573,0.3205742123035223,0.012764491705860415,-0.016085146999999966,0.27206687404420393,-0.004364934382840371,0.27381284779734005,0.27032090029106776,11719228,11488361,-2.1711765767321,-1.2240327779355098
53.252080202,0.3198236528757082,0.024091726907328415,-0.02256011999999996,0.27347377533522355,-0.002846501781915492,0.27461237604798977,0.2723351746224574,11722805,11491929,-2.1847515087435747,-1.2257679432944264
53.298651219,0.3198236528757082,0.024091726907328415,0.024010897,0.2762041896293413,-0.0020044011150401053,0.27700595007535733,0.27540242918332525,11726378,11495493,-2.1983113160733954,-1.227500581478962
53.308837891,0.3190287366183378,0.040017669895196395,-0.015930891000000003,0.2762041896293413,-0.0020044011150401053,0.27700595007535733,0.27540242918332525,11726378,11495493,-2.1983113160733954,-1.227500581478962
53.350051164999996,0.31586330076830993,0.05345200619183865,-0.02501654600000003,0.27783539217902525,-0.0017648637924554123,0.2785413376960074,0.2771294466620431,11729943,11499031,-2.2118067485796926,-1.229223220753766
53.401641608,0.31819229768726653,0.006482282866874467,-0.024940489999999982,0.276864065041829,-0.0018958708307868777,0.27762241337414373,0.2761057167095142,11733517,11502565,-2.225312010832823,-1.2309444859053553
53.408765316,0.31819229768726653,0.006482282866874467,-0.01781678200000003,0.276864065041829,-0.0018958708307868777,0.27762241337414373,0.2761057167095142,11733517,11502565,-2.225312010832823,-1.2309444859053553
53.448477745,0.3062687481567636,0.0022904640771015394,-0.026602030000000054,0.2771060219789814,-0.0021179484274872623,0.27795320134997625,0.27625884260798644,11737076,11506102,-2.238794653927987,-1.2326614248202552
53.500092984,0.3062687481567636,0.0022904640771015394,0.025013209,0.2748472988577555,-0.0021127196606848114,0.27795320134997625,0.27625884260798644,11740633,11509655,-2.2523039304510437,-1.234381492403474
53.508789063,0.3055117298340122,0.018065418067780725,-0.015886307000000044,0.2748472988577555,-0.0021127196606848114,0.2756923867220294,0.27400221099348154,11740633,11509655,-2.2523039304510437,-1.234381492403474
53.551385641,0.3046267531712898,0.03649810423081812,-0.02334547099999995,0.2736758086937098,-0.0024858659831782787,0.27467015508698106,0.27268146230043844,11744205,11513161,-2.265752946217053,-1.2360895681659978
53.598930598,0.29489887840378415,-0.02350189576918188,-0.02586078599999997,0.2744258230379585,-0.003147520788984934,0.2756848313535525,0.27316681472236454,11747779,11516664,-2.2792006417196125,-1.237792830762351
53.608774662,0.29489887840378415,-0.02350189576918188,-0.01601672200000004,0.2744258230379585,-0.003147520788984934,0.2756848313535525,0.27316681472236454,11747779,11516664,-2.2792006417196125,-1.237792830762351
53.649769068,0.2941478933632617,-0.015771703369394485,-0.024943351999999974,0.273136823283088,-0.004452060906835337,0.27491764764582216,0.2713559989203539,11751338,11520171,-2.2926278580886486,-1.2394901026116916
53.701112509,0.2941478933632617,-0.015771703369394485,0.026400089,0.27231734562050747,-0.004852021152593339,0.2742581540815448,0.27037653715947013,11754893,11523682,-2.3060554317606097,-1.2411845454214445
53.708809376,0.29100539572546436,-0.0035499316541454107,-0.01601862899999995,0.27231734562050747,-0.004852021152593339,0.2742581540815448,0.27037653715947013,11754893,11523682,-2.3060554317606097,-1.2411845454214445
53.752781868,0.2901565997429968,0.01491082302925062,-0.02200341299999997,0.2683191096114794,-0.004937541249033922,0.270294126111093,0.26634409311186585,11758440,11527163,-2.3194113257033395,-1.2428656548667745
53.799437046,0.2814420517256631,-0.04508917697074938,-0.02544498500000003,0.2691224779254178,-0.005623883196196056,0.27137203120389625,0.2668729246469394,11761992,11530623,-2.3327375511248447,-1.2445370665518978
53.808771372,0.2814420517256631,-0.04508917697074938,-0.01611065899999997,0.2691224779254178,-0.005623883196196056,0.27137203120389625,0.2668729246469394,11761992,11530623,-2.3327375511248447,-1.2445370665518978
53.850735665,0.28070812018643443,-0.03618636273453646,-0.02456879599999995,0.2692435841721771,-0.006261469806676245,0.2717481720948476,0.2667389962495066,11765525,11534094,-2.3460490677003163,-1.2462026194231606
53.902798176,0.28070812018643443,-0.03618636273453646,0.027493715,0.2688833269088292,-0.006216017149144673,0.27136973376848705,0.2663969200491713,11769049,11537579,-2.35937039810248,-1.2478668735743472
53.908746481,0.2799605255035824,-0.019357612589502082,-0.01624298099999999,0.2688833269088292,-0.006216017149144673,0.27136973376848705,0.2663969200491713,11769049,11537579,-2.35937039810248,-1.2478668735743472
53.948988915,0.27490302918474746,-0.009362283185817555,-0.025899409999999956,0.27085661008537765,-0.006592688214449721,0.27349368537115754,0.26821953479959776,11772581,11541015,-2.372614562926212,-1.249515304421613
54.000520468,0.27494566703741524,0.05063771681418244,-0.02417111400000005,0.2695083542540374,-0.006920367103892128,0.27227650109559426,0.26674020741248056,11776113,11544453,-2.3858632700275413,-1.2511582451513337
54.008756161,0.27494566703741524,0.05063771681418244,-0.015935421000000005,0.2695083542540374,-0.006920367103892128,0.27227650109559426,0.26674020741248056,11776113,11544453,-2.3858632700275413,-1.2511582451513337
54.051948309,0.27414382281008043,0.11063771681418244,-0.022703409000000008,0.26882319738213806,-0.007678049410659721,0.27189441714640195,0.26575197761787417,11779617,11547879,-2.399036553572446,-1.2527868371482715
54.098653317,0.27414382281008043,0.11063771681418244,0.024001599,0.2702171373403941,-0.007908601235508059,0.27189441714640195,0.26575197761787417,11783119,11551314,-2.4122236658079337,-1.2544128435045991
54.108748198,0.26119660880876766,0.17063771681418244,-0.01629757899999995,0.2702171373403941,-0.007908601235508059,0.2733805778345973,0.26705369684619085,11783119,11551314,-2.4122236658079337,-1.2544128435045991
54.150462866,0.26119660880876766,0.17063771681418244,0.025417089,0.2680929753521531,-0.005413174035754087,0.27025824496645473,0.26592770573785146,11786542,11554808,-2.4253722064279306,-1.2560386322673525
54.208838225,0.25830515908670254,0.29063771681418243,-0.015875577999999946,0.2680929753521531,-0.005413174035754087,0.2603570902682169,0.2590224873905003,11789965,11558324,-2.4253722064279306,-1.2560386322673525
54.2116251,0.25830515908670254,0.29063771681418243,-0.01308870299999998,0.2596897888293586,-0.0016682535971457302,0.2603570902682169,0.2590224873905003,11789965,11558324,-2.4385618392808714,-1.2576754658059257
54.248146057,0.24458399484171242,0.35063771681418243,-0.02714395599999997,0.26441337342683957,0.002245506933295574,0.2635151706535213,0.2653115762001578,11793311,11561861,-2.45164353705499,-1.2593110546760589
54.300050021,0.24458399484171242,0.35063771681418243,0.024760008,0.2645911483633333,0.008250256217762278,0.2612910458762284,0.26789125085043825,11796639,11565392,-2.464678030393027,-1.2609536115024575
54.308790923,0.2440175752712421,0.2915894379458363,-0.016174076999999953,0.2645911483633333,0.008250256217762278,0.2612910458762284,0.26789125085043825,11796639,11565392,-2.464678030393027,-1.2609536115024575
54.351644278,0.24127526467753124,0.29605842687202627,-0.02378320700000003,0.2717545308771451,0.017064551459578595,0.2649287102933136,0.2785803514609765,11799811,11568984,-2.477528706919381,-1.2625992661478582
54.404148817,0.23915389781153715,0.35107061841441733,-0.022481203000000005,0.2714665261556073,0.024125881683935146,0.26181617348203323,0.28111687882918135,11802932,11572608,-2.490339296302544,-1.2642711584228432
54.408769131,0.23915389781153715,0.35107061841441733,-0.017860889000000046,0.2714665261556073,0.024125881683935146,0.26181617348203323,0.28111687882918135,11802932,11572608,-2.490339296302544,-1.2642711584228432
54.449594736,0.2388052459853848,0.3601048974536276,-0.025483131999999964,0.26597973092368643,0.03287998254674372,0.25282773790498897,0.27913172394238395,11806080,11576194,-2.5031254647600627,-1.2659671447568681
54.501070023,0.2388052459853848,0.3601048974536276,0.025992155,0.26287030356007246,0.03794108044909483,0.25282773790498897,0.27913172394238395,11809228,11579778,-2.5159042681018793,-1.267689310221353
54.508768797,0.22574892230517576,0.35965216223083807,-0.016100883999999982,0.26287030356007246,0.03794108044909483,0.24769387138043453,0.2780467357397104,11809228,11579778,-2.5159042681018793,-1.267689310221353
54.552842141,0.22543061760359198,0.3690326399937428,-0.021856545999999977,0.26154307675876076,0.040923935703564215,0.2451735024773351,0.2779126510401865,11812329,11583389,-2.528640875877797,-1.269437468675648
54.599257946,0.2093815240027442,0.4290326399937428,-0.025893688999999998,0.2625813767539205,0.04367966408413318,0.24510951112026724,0.2800532423875738,11815412,11587005,-2.5413483205365575,-1.271214679467486
54.608788967,0.2093815240027442,0.4290326399937428,-0.01636266799999997,0.2625813767539205,0.04367966408413318,0.24510951112026724,0.2800532423875738,11815412,11587005,-2.5413483205365575,-1.271214679467486
54.650804758,0.20904812344330467,0.4890326399937428,-0.023916959999999987,0.2598223540133338,0.047365671292693284,0.2408760854962565,0.2787686225304111,11818441,11590613,-2.5539332262493417,-1.273010340608723
54.702345133,0.20904812344330467,0.4890326399937428,0.027623415,0.2579591392342843,0.050510139249342924,0.2408760854962565,0.2787686225304111,11821459,11594216,-2.5664827259767575,-1.2748368341910314
54.708774329,0.2086884775350334,0.5490326399937429,-0.01589012099999998,0.2579591392342843,0.050510139249342924,0.236232629230609,0.2798437902327902,11824342,11597838,-2.5664827259767575,-1.2748368341910314
54.749192,0.2055699556057969,0.6090326399937429,-0.02564477899999995,0.2580382097316996,0.05451395125272651,0.236232629230609,0.2798437902327902,11824342,11597838,-2.578805931029393,-1.2766749466523375
54.800661803,0.1974347078620696,0.669032639993743,-0.024338006999999995,0.2547389731603458,0.060480619723610914,0.23054672527090145,0.2789312210497902,11827188,11601481,-2.591091738147646,-1.278555439035571
54.808820963,0.1974347078620696,0.669032639993743,-0.01617884700000005,0.2547389731603458,0.060480619723610914,0.23054672527090145,0.2789312210497902,11827188,11601481,-2.591091738147646,-1.278555439035571
54.852072001,0.1886852050661361,0.729032639993743,-0.022788523999999977,0.2520611252783823,0.06924319794132078,0.224363846101854,0.2797584044549106,11829933,11605190,-2.60330251497149,-1.2804821745534425
54.898657084,0.1886852050661361,0.729032639993743,0.023796559,0.25241070351510864,0.0766548666981031,0.224363846101854,0.2797584044549106,11832659,11608930,-2.6155264786424337,-1.2824718689560768
54.908807278,0.18853850284351256,0.7890326399937431,-0.01587629300000004,0.25241070351510864,0.0766548666981031,0.22174875683586742,0.2830726501943499,11832659,11608930,-2.6155264786424337,-1.2824718689560768
54.950431586,0.18854332207410576,0.8490326399937431,-0.02431654900000002,0.24965505365106952,0.08771074551618747,0.21457075544459453,0.2847393518575445,11835234,11612693,-2.6274971700255563,-1.2844903053052368
55.001689196,0.17375146086781715,0.9090326399937432,-0.02335071600000005,0.2473653071423848,0.09778410714733163,0.20825166428345215,0.28647895000131746,11837765,11616462,-2.6393839873925655,-1.2865671422270606
55.008831025,0.17375146086781715,0.9090326399937432,-0.016208887000000005,0.2473653071423848,0.09778410714733163,0.20825166428345215,0.28647895000131746,11837765,11616462,-2.6393839873925655,-1.2865671422270606
55.048875571,0.17463466183888254,0.9690326399937432,-0.02587223000000005,0.24414812319387716,0.11502991793977894,0.19813615601796558,0.29016009036978874,11839477,11620328,-2.6498890120537175,-1.2885144208089088
55.100289584,0.17463466183888254,0.9690326399937432,0.025541783,0.2332661583797221,0.14772840616263966,0.17417479591466623,0.29235752084477795,11840902,11624235,-2.6599079146470634,-1.29049503180363
55.108989239,0.17585398357341955,1.0290326399937433,-0.015681743999999997,0.2332661583797221,0.14772840616263966,0.17417479591466623,0.29235752084477795,11840902,11624235,-2.6599079146470634,-1.29049503180363
55.152138949,0.18199997946637428,1.0890326399937433,-0.03387427300000001,0.22077322047574818,0.1851739140148726,0.14670365486979914,0.29484278608169723,11842208,11628161,-2.669713760627817,-1.2925616779445352
55.199804306,0.18347690053414267,1.1490326399937434,-0.024835586999999992,0.21431935319732437,0.20995814503213875,0.13033609518446887,0.29830261121017987,11843471,11632108,-2.6794511191213983,-1.2947449572961451
55.208769799,0.18347690053414267,1.1490326399937434,-0.015870093999999946,0.21431935319732437,0.20995814503213875,0.13033609518446887,0.29830261121017987,11843471,11632108,-2.6794511191213983,-1.2947449572961451
55.251927853,0.18502192156111677,1.099238692122138,-0.02287220999999995,0.20703004618753842,0.22993963637241785,0.11505419163857128,0.29900590073650557,11844717,11636105,-2.6892203618883204,-1.297070953945928
55.303148985,0.18502192156111677,1.099238692122138,0.028348922,0.20352881293705985,0.24366018715805535,0.1060647380738377,0.300992887800282,11845956,11640122,-2.6989819440731244,-1.2995327833952888
55.308756113,0.17924260250737248,1.159238692122138,-0.01609349299999996,0.20352881293705985,0.24366018715805535,0.1060647380738377,0.300992887800282,11845956,11640122,-2.6989819440731244,-1.2995327833952888
55.349040747,0.18082269413485155,1.219238692122138,-0.02584123599999999,0.20398468502141925,0.255037595660907,0.10196964675705644,0.30599972328578207,11847192,11644204,-2.708823812848788,-1.3021580164835727
55.400783301,0.18691567387349595,1.2047304108139847,-0.024118423,0.20448923218240633,0.2634596750459814,0.09910536216401379,0.3098731022007989,11848432,11648330,-2.718716960002041,-1.3049439243594683
55.408810377,0.18691567387349595,1.2047304108139847,-0.016091347000000034,0.20448923218240633,0.2634596750459814,0.09910536216401379,0.3098731022007989,11848432,11648330,-2.718716960002041,-1.3049439243594683
55.452534914,0.1887385976707289,1.1457120372343845,-0.022180796000000003,0.204952485221141,0.27139028158941464,0.09639637258537515,0.3135085978569069,11849586,11652521,-2.7285299939012426,-1.3078619391687405
55.500513316,0.1887385976707289,1.1457120372343845,0.025797606,0.20598878890076686,0.278969102535981,0.09639637258537515,0.3135085978569069,11850694,11656740,-2.738265574698653,-1.3109154901562556
55.508769036,0.1958056984092639,1.0857120372343845,-0.01624035800000001,0.20598878890076686,0.278969102535981,0.09440114788637442,0.3175764299151593,11850694,11656740,-2.738265574698653,-1.3109154901562556
55.551495791,0.18987552506673774,1.1457120372343845,-0.023423909999999992,0.2048602673410689,0.2854125434531863,0.09069524995979439,0.3190252847223434,11851822,11660951,-2.7479768445369706,-1.3141196290688075
55.602690697,0.19177660376051053,1.2057120372343846,-0.022480249000000008,0.2047914521607851,0.29000542091010734,0.08878928379674214,0.320793620524828,11852975,11665180,-2.7577176935099117,-1.3174934102026186
55.608784438,0.19177660376051053,1.2057120372343846,-0.016386507999999966,0.2047914521607851,0.29000542091010734,0.08878928379674214,0.320793620524828,11852975,11665180,-2.7577176935099117,-1.3174934102026186
55.649626017,0.19659385123619524,1.1497494585547532,-0.025724649000000044,0.20634438509162722,0.29461322158021386,0.0884990964595417,0.32418967372371277,11854121,11669414,-2.7674039914020336,-1.321009545361319
55.701335192,0.19659385123619524,1.1497494585547532,0.025984526,0.20642347005805445,0.2954617260215324,0.08823877964944146,0.3246081604666674,11855261,11673668,-2.7770618512911724,-1.3246792434158596
55.708746672,0.19860085835202787,1.0897494585547531,-0.016037463999999946,0.20642347005805445,0.2954617260215324,0.08823877964944146,0.3246081604666674,11855261,11673668,-2.7770618512911724,-1.3246792434158596
55.753229857,0.20619201541019605,1.029749458554753,-0.021681547000000023,0.20622391989538674,0.2965248800975663,0.08761396785636022,0.32483387193441327,11856388,11677956,-2.7867004409859457,-1.3285095539557403
55.799880267,0.20158865873778434,0.969749458554753,-0.024837731999999946,0.207889716861704,0.3002076927542244,0.08780663976001421,0.32797279396339374,11857507,11682260,-2.7962936470516957,-1.3324922887251405
55.80879283,0.20158865873778434,0.969749458554753,-0.01592516899999996,0.207889716861704,0.3002076927542244,0.08780663976001421,0.32797279396339374,11857507,11682260,-2.7962936470516957,-1.3324922887251405
55.852608204,0.20365350824490439,0.909749458554753,-0.02220010800000005,0.20712198427534467,0.2995248474256079,0.08731204530510148,0.32693192324558784,11858685,11686528,-2.8058673077149163,-1.3366340179804514
55.898352385,0.20365350824490439,0.909749458554753,0.023544073,0.20920127870506444,0.30127766917437876,0.08869021103531291,0.32971234637481595,11859909,11690800,-2.8154668334887796,-1.3409543346686899
55.908870697,0.2096301680212186,0.969749458554753,-0.017938852999999977,0.20920127870506444,0.30127766917437876,0.08869021103531291,0.32971234637481595,11859909,11690800,-2.8154668334887796,-1.3409543346686899
55.950934649,0.2116888515692917,0.977061432207705,-0.02426910400000004,0.21025764046629836,0.3000229980637686,0.09024844124079093,0.3302668396918058,11861144,11695036,-2.82495990770432,-1.3453918694078368
56.001816035,0.21377464202578322,0.9170614322077051,-0.02283501600000004,0.21061547675081496,0.29572362043138667,0.09232602857826028,0.32890492492336965,11862380,11699274,-2.8343933841080666,-1.3499679109810718
56.008765459,0.21377464202578322,0.9170614322077051,-0.01588559199999995,0.21061547675081496,0.29572362043138667,0.09232602857826028,0.32890492492336965,11862380,11699274,-2.8343933841080666,-1.3499679109810718
56.048469782,0.21467921596455963,0.857061432207705,-0.02682352099999996,0.21236259336170768,0.29581196933343534,0.09403780562833353,0.33068738109508183,11863600,11703547,-2.8437914646016313,-1.3546977280202497
56.099927187,0.21467921596455963,0.857061432207705,0.024633884,0.2121186967900204,0.29495590342587313,0.09413633541967115,0.33010105816036966,11864810,11707847,-2.8531474009891564,-1.359581145847618
56.108790636,0.21692832406399512,0.797061432207705,-0.01646327999999997,0.2121186967900204,0.29495590342587313,0.09413633541967115,0.33010105816036966,11864810,11707847,-2.8531474009891564,-1.359581145847618
56.151676655,0.2227543679286702,0.857061432207705,-0.03144788799999998,0.21565399347526298,0.2832512500648139,0.10235349344933742,0.32895449350118855,11866777,11712088,-2.8636280007774,-1.3651976422046976
56.198109866,0.22368851373945461,0.8877815909497996,-0.02701449300000003,0.2228776616580586,0.2696679853404228,0.11501046752188951,0.33074485579422774,11869066,11716334,-2.874604767284747,-1.3712131074882121
56.208761216,0.22368851373945461,0.8877815909497996,-0.01636314299999997,0.2228776616580586,0.2696679853404228,0.11501046752188951,0.33074485579422774,11869066,11716334,-2.874604767284747,-1.3712131074882121
56.249686718,0.2245845637420136,0.8622708213585054,-0.025341272999999997,0.233465510489473,0.23689240695479216,0.13870854770755614,0.32822247327138987,11871365,11720558,-2.8855055655521324,-1.3773182656431178
56.301487208,0.2245845637420136,0.8622708213585054,0.026459217,0.2411209187112819,0.21375829546106956,0.15561760052685408,0.32662423689570974,11873671,11724785,-2.8963663690246757,-1.383532948981476
56.308770419,0.21885175735225684,0.9222708213585054,-0.016234396999999956,0.2411209187112819,0.21375829546106956,0.15561760052685408,0.32662423689570974,11873671,11724785,-2.8963663690246757,-1.383532948981476
56.352887869,0.21986379044061635,0.9822708213585054,-0.021779537000000015,0.24151901183826696,0.20023518020102862,0.16142493975785552,0.32161308391867843,11875875,11729081,-2.907109829737223,-1.3898241759340082
56.39964366,0.22370161301441263,0.9680238633787733,-0.02526927000000001,0.24518740886523557,0.19883204030133528,0.16565459274470146,0.3247202249857697,11878052,11733418,-2.917810644898641,-1.3962399734132576
56.408791781,0.22370161301441263,0.9680238633787733,-0.016121148999999946,0.24518740886523557,0.19883204030133528,0.16565459274470146,0.3247202249857697,11878052,11733418,-2.917810644898641,-1.3962399734132576
56.451165676,0.22597939237208206,0.9080238633787734,-0.023610831000000054,0.24273817132546427,0.21535681687593983,0.15659544457508834,0.3288808980758402,11879357,11737834,-2.9271237866474666,-1.402014097916672
56.503110886,0.22597939237208206,0.9080238633787734,0.028334379,0.23473454989940207,0.2439420030595116,0.1371577486755974,0.3323113511232067,11880322,11742277,-2.9358352807510295,-1.407618169489571
56.508744002,0.2287466509467592,0.8480238633787733,-0.015974998000000018,0.23473454989940207,0.2439420030595116,0.1371577486755974,0.3323113511232067,11881975,11746680,-2.9358352807510295,-1.407618169489571
56.549745798000004,0.2281996683599065,0.9080238633787734,-0.025068284000000052,0.23286740278456633,0.2600357902464329,0.12885308668599316,0.3368817188831395,11881975,11746680,-2.9455071262674233,-1.4140216473939267
56.600777626,0.22963851111477165,0.9680238633787734,-0.02411246300000003,0.2310556406783041,0.26761655200461637,0.12400901987645754,0.33810226148015066,11883969,11751097,-2.955666592721416,-1.42091883011933
56.60879159,0.22963851111477165,0.9680238633787734,-0.016098499000000044,0.2310556406783041,0.26761655200461637,0.12400901987645754,0.33810226148015066,11883969,11751097,-2.955666592721416,-1.42091883011933
56.652436734,0.23487596778370237,1.0280238633787735,-0.022829294,0.23636333128732695,0.2565843880132219,0.13372957608203817,0.33899708649261573,11885998,11755534,-2.9658323271300238,-1.4279928682573433
56.699168682,0.23487596778370237,1.0280238633787735,0.023902654,0.241713092371208,0.25101682173158074,0.14130636367857569,0.3421198210638403,11888028,11759982,-2.9759341884069372,-1.4351974791567226
56.708768845,0.2280636216724449,1.0880238633787735,-0.01587462399999995,0.241713092371208,0.25101682173158074,0.14130636367857569,0.3421198210638403,11888028,11759982,-2.9759341884069372,-1.4351974791567226
56.751058817,0.22958167223142326,1.0764028234164096,-0.023655415000000013,0.24418569796560585,0.24364766104404129,0.14672663354798934,0.3416447623832224,11889985,11764477,-2.9859075573934386,-1.4424949167644296
56.802886248,0.23516404446175868,1.0356476269647188,-0.021925211,0.2454039848559201,0.24212613738810485,0.14855352990067816,0.34225443981116205,11891920,11769005,-2.995806399523377,-1.4499282739645822
56.808762551,0.23516404446175868,1.0356476269647188,-0.01604890800000003,0.2454039848559201,0.24212613738810485,0.14855352990067816,0.34225443981116205,11891920,11769005,-2.995806399523377,-1.4499282739645822
56.849114895,0.23796373304245866,0.9756476269647187,-0.025575161000000013,0.24508410338020553,0.2539918465429015,0.14348736476304494,0.34668084199736615,11893047,11773611,-3.004476102377745,-1.4566673857281662
56.900677443,0.23796373304245866,0.9756476269647187,0.025987387,0.23636460033736761,0.28269252121308286,0.14348736476304494,0.34668084199736615,11893836,11778257,-3.012575765831393,-1.4632068998059562
56.908782959,0.24130286995254535,0.9156476269647187,-0.01586937899999996,0.23636460033736761,0.28269252121308286,0.12328759185213448,0.3494416088226008,11893836,11778257,-3.012575765831393,-1.4632068998059562
56.95211339,0.24589400223123,0.8556476269647186,-0.02287530900000001,0.22988885258438282,0.3060007017310088,0.1074885718919793,0.35228913327678635,11895355,11782864,-3.0215952255867258,-1.4707120244496745
56.998821259,0.2478535768952335,0.9156476269647187,-0.02585792499999995,0.23093297442291988,0.3130498404240284,0.10571303825330855,0.35615291059253124,11897216,11787463,-3.0310018645037653,-1.4787503568783038
57.008759499,0.2478535768952335,0.9156476269647187,-0.01591968499999996,0.23093297442291988,0.3130498404240284,0.10571303825330855,0.35615291059253124,11897216,11787463,-3.0310018645037653,-1.4787503568783038
57.050381184,0.24973995504065138,0.9113312213596845,-0.024284124000000018,0.23702181160793492,0.2944812429252765,0.1192293144378243,0.35481430877804554,11899141,11792059,-3.0403927733293337,-1.486985372483642
57.101920843,0.24973995504065138,0.9113312213596845,0.027255535,0.24276852665375306,0.2778262029465602,0.13163804547512897,0.35389900783237715,11901096,11796660,-3.04972843119046,-1.4953835435181597
57.108818055,0.25925121983956406,0.8721096177191763,-0.016299485999999974,0.24276852665375306,0.2778262029465602,0.13976085756404028,0.35616267778654664,11903034,11801277,-3.04972843119046,-1.4953835435181597
57.148630381,0.25925121983956406,0.8721096177191763,0.02351284,0.24796176767529346,0.2705022752781329,0.13976085756404028,0.35616267778654664,11903034,11801277,-3.058954182615771,-1.5038994812278932
57.200543404,0.25522600768590625,0.8121096177191762,0.020464182,0.2493981444144543,0.26403399531543525,0.14378454628828016,0.3550117425406284,11904970,11805920,-3.0681021472527576,-1.5125659021871192
57.208755017,0.25522600768590625,0.8121096177191762,0.028675795,0.2493981444144543,0.26403399531543525,0.14378454628828016,0.3550117425406284,11904970,11805920,-3.0681021472527576,-1.5125659021871192
57.25220728,0.2621447532847694,0.7521096177191762,0.026706934,0.2502495872669963,0.2613418199685611,0.1457128592795719,0.3547863152544208,11906905,11810568,-3.077142250187598,-1.521355771158183
57.298414469,0.2642267705689324,0.6921096177191761,0.023729086,0.2531164010774476,0.262546486284809,0.148097806563524,0.3581349955913712,11908842,11815240,-3.086101712316666,-1.5302984565410844
57.308752299,0.26635580898765665,0.6321096177191761,-0.015950679000000023,0.2531164010774476,0.262546486284809,0.148097806563524,0.3581349955913712,11908842,11815240,-3.086101712316666,-1.5302984565410844
57.350322724,0.27133582584220506,0.690083391683552,-0.024674415000000005,0.25325295247794266,0.2599385729533409,0.14927752329660632,0.35722838165927906,11910863,11819844,-3.094971304760862,-1.5393731870121186
57.401507616,0.2733017831386542,0.6467953816357551,-0.023214817000000054,0.25404607127389683,0.2561471163212965,0.15158722474537822,0.35650491780241544,11912923,11824428,-3.103755695475565,-1.5485807814937922
57.408800125,0.2733017831386542,0.6467953816357551,-0.01592230800000005,0.25404607127389683,0.2561471163212965,0.15158722474537822,0.35650491780241544,11912923,11824428,-3.103755695475565,-1.5485807814937922
57.447984934,0.2733017831386542,0.6467953816357551,0.023262501,0.2565557195332527,0.25527008219437136,0.15444768665550412,0.35866375241100124,11914977,11829033,-3.1124465367615195,-1.5579160190216583
57.499487877,0.2803593702075635,0.6097122173824878,0.023952007,0.2565444227355897,0.2506484133124783,0.15444768665550412,0.35866375241100124,11917036,11833649,-3.1210430341243423,-1.5673796496504036
57.508816004,0.2824448107776905,0.5644728357371903,-0.015871048000000054,0.2565444227355897,0.2506484133124783,0.15628505741059837,0.356803788060581,11917036,11833649,-3.1210430341243423,-1.5673796496504036
57.551492215,0.2805346919800959,0.6059106837462069,-0.02326488400000004,0.25631552325943613,0.24717370480125997,0.15744604133893214,0.3551850051799401,11919143,11838257,-3.129576413964774,-1.5770028737454236
57.602627039,0.2480346919800959,0.5459106837462069,-0.022842408000000036,0.2532044611385917,0.24117596239092584,0.15673407618222135,0.349674846094962,11921269,11842877,-3.1380331250470506,-1.586772211280671
57.60876298,0.2480346919800959,0.5459106837462069,-0.016706467000000003,0.2532044611385917,0.24117596239092584,0.15673407618222135,0.349674846094962,11921269,11842877,-3.1380331250470506,-1.586772211280671
57.649393082,0.21932592556719135,0.4859106837462069,-0.025292157999999954,0.2554077811253803,0.24022495146893003,0.1593178005378083,0.35149776171295233,11923394,11847491,-3.1463641492950774,-1.5966314023572779
57.70068121,0.21932592556719135,0.4859106837462069,0.02599597,0.2573562832575225,0.24005946711580184,0.1613324964112018,0.35338007010384326,11925522,11852109,-3.1545855617119347,-1.6065995664850719
57.708779335,0.22095731439290553,0.4259106837462069,-0.015836238999999974,0.2573562832575225,0.24005946711580184,0.1613324964112018,0.35338007010384326,11925522,11852109,-3.1545855617119347,-1.6065995664850719
57.752598524,0.2261148268452673,0.39954044471151484,-0.023182868999999995,0.2561226847046477,0.23809779178976967,0.16088356798873987,0.3513618014205556,11927546,11856536,-3.162337252624765,-1.616221657508759
57.798839331,0.22777920290501266,0.3508640632399963,-0.02591943699999999,0.25629693455156155,0.23790734668917443,0.16113399587589178,0.3514598732272313,11929538,11860885,-3.1698495349573435,-1.6257650686914276
57.808772326,0.22777920290501266,0.3508640632399963,-0.01598644199999999,0.25629693455156155,0.23790734668917443,0.16113399587589178,0.3514598732272313,11929538,11860885,-3.1698495349573435,-1.6257650686914276
57.850487709,0.22938875288001556,0.30379112673506914,-0.024467468999999964,0.2511496870406441,0.23215479825066088,0.15828776774037978,0.3440116063409085,11931576,11865206,-3.1772780691590414,-1.6354173545025996
57.902410984,0.22938875288001556,0.30379112673506914,0.027455806,0.24782528372290902,0.22675745099352412,0.15712230332549937,0.33852826412031867,11933635,11869513,-3.184610336168642,-1.645159756127456
57.908761025,0.2367011224861125,0.36379112673506914,-0.016086100999999964,0.24782528372290902,0.22675745099352412,0.15712230332549937,0.33852826412031867,11933635,11869513,-3.184610336168642,-1.645159756127456
57.948416233,0.2364527098378295,0.30379112673506914,-0.02628183399999995,0.24833460242336375,0.22406175038028292,0.15870990227125056,0.3379593025754769,11935758,11873776,-3.1918651077634688,-1.655007622733637
58.000248671,0.24155508140513782,0.36379112673506914,-0.024693489000000013,0.24674635507436565,0.21657064758862854,0.16011809603891422,0.33337461410981706,11937903,11878020,-3.199023895649394,-1.6649325683520781
58.008809567,0.24155508140513782,0.36379112673506914,-0.01613259300000003,0.24674635507436565,0.21657064758862854,0.16011809603891422,0.33337461410981706,11937903,11878020,-3.199023895649394,-1.6649325683520781
58.051888466,0.24316547169093047,0.42379112673506913,-0.022744894000000015,0.24639311485359128,0.2106093740643912,0.1621493652278348,0.33063686447934776,11940059,11882284,-3.206116384922165,-1.6749777731245137
58.098519087,0.24316547169093047,0.42379112673506913,0.023885727,0.2482029051082268,0.2088470562835574,0.16466408259480383,0.3317417276216498,11942222,11886565,-3.2131327652057813,-1.6851322107020377
58.108757735,0.244812160654254,0.3833803007293569,-0.015907764000000046,0.2482029051082268,0.2088470562835574,0.16466408259480383,0.3317417276216498,11942222,11886565,-3.2131327652057813,-1.6851322107020377
58.149636269,0.212312160654254,0.3577167088362041,-0.032615185000000047,0.24799356397406871,0.20833487235776124,0.1646596150309642,0.3313275129171732,11944324,11890921,-3.2200541450455025,-1.6953840086514984
58.201449633,0.179812160654254,0.3031837959931125,-0.023215293999999997,0.24815822173754848,0.21075415844349119,0.163856558360152,0.33245988511494495,11946418,11895318,-3.2268968396378717,-1.70576428213768
58.208795309,0.179812160654254,0.3031837959931125,-0.015869617999999974,0.24815822173754848,0.21075415844349119,0.163856558360152,0.33245988511494495,11946418,11895318,-3.2268968396378717,-1.70576428213768
58.247840882,0.1699884673574822,0.24875696895574428,-0.027202128999999964,0.2503804946135317,0.21421295190744608,0.16469531385055325,0.3360656753765101,11948536,11899700,-3.2336359324105106,-1.7162326207476069
58.299386025,0.1699884673574822,0.24875696895574428,0.024343014,0.24986556875472324,0.21618267373375402,0.16469531385055325,0.3360656753765101,11950649,11904082,-3.2402557952070072,-1.726765451758318
58.308816672,0.1756751016807643,0.19299273182079113,-0.016016483000000026,0.24986556875472324,0.21618267373375402,0.16339249926122162,0.33633863824822485,11950649,11904082,-3.2402557952070072,-1.726765451758318
58.350963116,0.17631859125258656,0.16712035519094537,-0.02372622499999999,0.24779378972237806,0.2148705271578418,0.16184557885924133,0.3337420005855148,11952661,11908220,-3.2464221714547294,-1.736802096298838
58.402814865,0.17764023869175047,0.11398171578598049,-0.02185106299999995,0.23996240877740174,0.20798649204426026,0.15676781195969763,0.32315700559510585,11954627,11912250,-3.252337133812363,-1.7466463562298822
58.408804417,0.17764023869175047,0.11398171578598049,-0.015861510999999995,0.23996240877740174,0.20798649204426026,0.15676781195969763,0.32315700559510585,11954627,11912250,-3.252337133812363,-1.7466463562298822
58.449098826,0.183066229816221,0.06257072528923296,-0.025855779000000023,0.2364314428953086,0.20306719712152416,0.15520456404669894,0.3176583217439183,11956640,11916234,-3.258159894666427,-1.7565476535048936
58.500556231,0.183066229816221,0.06257072528923296,0.025601626,0.2337432873458348,0.19752284051814817,0.15473415113857553,0.31275242355309407,11956640,11916234,-3.2638997905877822,-1.7665171139903373
58.508787871,0.1843665765231044,0.12257072528923296,-0.015881060999999974,0.2337432873458348,0.19752284051814817,0.15473415113857553,0.31275242355309407,11958681,11920199,-3.2638997905877822,-1.7665171139903373
58.552197457,0.18559464433627257,0.18257072528923296,-0.022457360999999953,0.23252058114003338,0.19068531528084645,0.1562464550276948,0.30879470725237196,11960792,11924103,-3.2695623540387335,-1.776550499905123
58.598581314,0.1901701956197727,0.17984680218023075,-0.02652597499999998,0.23376041833564365,0.1867359569737296,0.1590660355461518,0.3084548011251355,11962932,11927992,-3.2751536740198457,-1.7866544197280232
58.608783722,0.1901701956197727,0.17984680218023075,-0.01632356700000004,0.23376041833564365,0.1867359569737296,0.1590660355461518,0.3084548011251355,11962932,11927992,-3.2751536740198457,-1.7866544197280232
58.650281191,0.19154568590511065,0.1269005474952012,-0.025108338000000008,0.232574357232731,0.18063597389285307,0.1603199676755898,0.30482874678987226,11965007,11931940,-3.280648676696604,-1.7967979748904384
58.701736927,0.19154568590511065,0.1269005474952012,0.026347398,0.2320740890142201,0.17945262891327612,0.16029303744890966,0.30385514057953056,11967048,11935918,-3.286045773948538,-1.8069852902534367
58.708773613,0.1958946813233414,0.070704760995427,-0.016345739999999997,0.2320740890142201,0.17945262891327612,0.16029303744890966,0.30385514057953056,11967048,11935918,-3.286045773948538,-1.8069852902534367
58.748340607,0.1973511542542241,0.015468103532095823,-0.026344060999999974,0.23356198964216268,0.1801920345386731,0.16148517582669344,0.30563880345763195,11969135,11939864,-3.291364315977437,-1.8172440509874666
58.799952031,0.1966912202573107,-0.040496064823361544,-0.02481150600000004,0.2327389390439398,0.1801603359570656,0.16067480466111356,0.30480307342676605,11971246,11943809,-3.29661249351871,-1.8275884097138366
58.808764458,0.1966912202573107,-0.040496064823361544,-0.01599907899999997,0.2327389390439398,0.1801603359570656,0.16067480466111356,0.30480307342676605,11971246,11943809,-3.29661249351871,-1.8275884097138366
58.851800919,0.1641912202573107,-0.08182638521777308,-0.023024081999999946,0.23231173050726148,0.1764268991737234,0.1617409708377721,0.30288249017675084,11973435,11947691,-3.3017894304555404,-1.838000700484637
58.898059368,0.1641912202573107,-0.08182638521777308,0.023234367,0.23424133861712787,0.17396434764113983,0.1617409708377721,0.30288249017675084,11975669,11951548,-3.3069020787631445,-1.8484873429757802
58.908765793,0.1316912202573107,-0.1337485678742617,-0.015895843999999992,0.23424133861712787,0.17396434764113983,0.16465559956067194,0.3038270776735838,11975669,11951548,-3.3069020787631445,-1.8484873429757802
58.949563026999996,0.0991912202573107,-0.0737485678742617,-0.02517700199999995,0.2329987436000197,0.1653173921412496,0.16687178674351985,0.29912570045651954,11977869,11955267,-3.311796101126643,-1.8587137272295673
59.001023293,0.09392518446791237,-0.013748567874261708,-0.023870229999999992,0.23130430780209946,0.15742167771863733,0.16833563671464452,0.2942729788895544,11980062,11958923,-3.316561333465008,-1.8688528023110909
59.008743525,0.09392518446791237,-0.013748567874261708,-0.016149998000000054,0.23130430780209946,0.15742167771863733,0.16833563671464452,0.2942729788895544,11980062,11958923,-3.316561333465008,-1.8688528023110909
59.052724123,0.09333316758160519,0.04625143212573829,-0.02204251300000004,0.2233932546220575,0.14849605451175613,0.16399483281735505,0.28279167642675995,11982076,11962399,-3.320967352201518,-1.8784006400733886
59.099305868,0.09333316758160519,0.04625143212573829,0.024539232,0.21902032148068182,0.14474423372213585,0.16112262799182747,0.27691801496953616,11984030,11965811,-3.3252085967229696,-1.8877626637968234
59.108786822,0.09138502995990033,0.10625143212573829,-0.015994309999999956,0.21902032148068182,0.14474423372213585,0.16112262799182747,0.27691801496953616,11984030,11965811,-3.3252085967229696,-1.8877626637968234
59.151029587,0.09067573008995687,0.16625143212573829,-0.031688452000000034,0.21318841302792274,0.14407825842175356,0.15555710965922132,0.27081971639662417,11985887,11969236,-3.329314138919588,-1.8970092192076224
59.203257084,0.08993365663522089,0.22625143212573828,-0.02140593599999996,0.20840249204190214,0.14550475698740878,0.15020058924693863,0.26660439483686565,11987721,11972673,-3.3333401835141854,-1.9062676941311272
59.20868516,0.08993365663522089,0.22625143212573828,-0.01597786000000001,0.20840249204190214,0.14550475698740878,0.15020058924693863,0.26660439483686565,11987721,11972673,-3.3333401835141854,-1.9062676941311272
59.249103308,0.08993365663522089,0.22625143212573828,0.024440288,0.2074105126467402,0.1492101929074983,0.1477264354837409,0.26709458980973955,11989494,11976122,-3.337255061185024,-1.9154718155608033
59.300389529,0.08695686712964366,0.2862514321257383,0.025260449,0.20469401309304341,0.15383942318953153,0.1477264354837409,0.26709458980973955,11991251,11979575,-3.3410862378208344,-1.9246862034810563
59.308689595,0.08615636687759988,0.3462514321257383,-0.015974283000000034,0.20469401309304341,0.15383942318953153,0.1431582438172308,0.266229782368856,11991251,11979575,-3.3410862378208344,-1.9246862034810563
59.352258683,0.08360965617479417,0.33287369366932285,-0.022672652999999987,0.20276999221669012,0.16043382025927147,0.13859646411298152,0.2669435203203987,11992895,11983090,-3.3447980151411505,-1.9338440145550004
59.398753882,0.08268459609563256,0.27287369366932285,-0.030349493000000005,0.20294144551282967,0.1674329548039688,0.13596826359124214,0.2699146274344172,11994496,11986633,-3.348413929162958,-1.9430092196850246
59.408777714,0.08268459609563256,0.27287369366932285,-0.020325660999999995,0.20294144551282967,0.1674329548039688,0.13596826359124214,0.2699146274344172,11994496,11986633,-3.348413929162958,-1.9430092196850246
59.45036316,0.08268459609563256,0.27287369366932285,0.021259785,0.2001698103654587,0.17545046823739424,0.129989623070501,0.2703499976604164,11996054,11990180,-3.351915637542571,-1.9521387020516405
59.504379034,0.08171431629347149,0.21287369366932285,0.028665065,0.19714646055191742,0.18078012798470394,0.12483440935803583,0.269458511745799,11997602,11993747,-3.3553356071389673,-1.9613195601989186
59.508750916,0.07789214554135618,0.15287369366932285,-0.016065358999999946,0.19714646055191742,0.18078012798470394,0.12391364153797488,0.27213651591912186,11999184,11997196,-3.3553356071389673,-1.9613195601989186
59.548463345,0.07789214554135618,0.15287369366932285,0.02364707,0.19802507872854835,0.1852785929764337,0.12391364153797488,0.27213651591912186,11999184,11997196,-3.3586185504250397,-1.9703793589162637
59.599994898,0.07693974261143607,0.09287369366932285,0.025308132,0.19627415377768143,0.18410237845185556,0.12391364153797488,0.27213651591912186,12000783,12000617,-3.3618153222391336,-1.9794475840512913
59.608734608,0.07693974261143607,0.09287369366932285,0.034047842,0.19627415377768143,0.18410237845185556,0.1226332023969392,0.26991510515842365,12000783,12000617,-3.3618153222391336,-1.9794475840512913
59.651512385,0.07409602720594737,0.032873693669322857,0.026707649,0.19585726697582279,0.17957895706646174,0.12402568414923809,0.2676888498024075,12002431,12003924,-3.364899497272354,-1.988423175667757
59.698892594,0.07317756331137075,-0.02712630633067714,0.024178505,0.19609650546621582,0.17569332358914183,0.1258191760305591,0.26637383490187255,12004102,12007191,-3.3679046424272605,-1.9973912011920634
59.708995581,0.07044401516338007,-0.08712630633067714,-0.01584935200000004,0.19609650546621582,0.17569332358914183,0.1258191760305591,0.26637383490187255,12004102,12007191,-3.3679046424272605,-1.9973912011920634
59.749744416,0.06955226295730225,-0.14712630633067714,-0.024988412000000015,0.19294603325380283,0.16440524220819974,0.12718393637052292,0.2587081301370827,12005820,12010364,-3.3708192255759077,-2.0062943912125064
59.801577092,0.06689614235142424,-0.20712630633067713,-0.024215458999999995,0.19056931196887422,0.15416312040119687,0.12890406380839547,0.25223456012935297,12007563,12013495,-3.3736646464254605,-2.015185743719298
59.808737994,0.06689614235142424,-0.20712630633067713,-0.017054557000000026,0.19056931196887422,0.15416312040119687,0.12890406380839547,0.25223456012935297,12007563,12013495,-3.3736646464254605,-2.015185743719298
59.85336113,0.06603248762091705,-0.26712630633067713,-0.021504878999999977,0.18608448481953255,0.14171872984385953,0.12939699288198872,0.24277197675707635,12009344,12016514,-3.3764149089155255,-2.023958560236262
59.899220229,0.06603248762091705,-0.26712630633067713,0.02435422,0.18565199721126846,0.13288358911505846,0.13249856156524506,0.23880543285729183,12011138,12019493,-3.3791001577624282,-2.0326974071938118
59.909206391,0.06514936911932553,-0.32712630633067713,-0.01563596700000003,0.18565199721126846,0.13288358911505846,0.13249856156524506,0.23880543285729183,12011138,12019493,-3.3791001577624282,-2.0326974071938118
59.951126099,0.03264936911932553,-0.38712630633067713,-0.02383923499999996,0.18452036406458316,0.12286789060577497,0.13537320782227316,0.23366752030689314,12012985,12022372,-3.3817161732118097,-2.041363235491581
60.002828598,0.00014936911932553198,-0.4471263063306771,-0.021891117000000015,0.1834008628060386,0.11358045286776634,0.13796868165893206,0.22883304395314513,12014851,12025212,-3.38428084382037,-2.050004446222008
60.008716584,0.00014936911932553198,-0.4471263063306771,-0.016003130999999948,0.1834008628060386,0.11358045286776634,0.13796868165893206,0.22883304395314513,12014851,12025212,-3.38428084382037,-2.050004446222008
60.050145865,0.0,-0.5071263063306771,-0.024761915000000023,0.17984653992699048,0.09881243040504313,0.14032156776497323,0.21937151208900774,12016700,12027189,-3.3863616266414804,-2.0570310676179013
60.101495028,0.0,-0.5071263063306771,0.026587248,0.16778028861578864,0.0673585605498923,0.14083686439583173,0.19472371283574558,12018538,12028833,-3.3882612636510108,-2.063424155588301
60.108920098,0.0,-0.5249999999999999,-0.015927075999999984,0.16778028861578864,0.0673585605498923,0.14083686439583173,0.19472371283574558,12018538,12028833,-3.3882612636510108,-2.063424155588301
60.153398037,0.0,-0.5249999999999999,-0.03402733800000002,0.15288914512625512,0.030864852305218134,0.14054320420416788,0.1652350860483424,12020361,12030290,-3.390061249304197,-2.069443218313119
60.20370245,0.0,-0.5249999999999999,-0.021123886000000036,0.14000619917586962,0.0029430524868922364,0.13882897818111273,0.14118342017062652,12022181,12031670,-3.391829701313242,-2.0753117616781345
60.208748818,0.0,-0.5249999999999999,-0.016077518000000013,0.14000619917586962,0.0029430524868922364,0.13882897818111273,0.14118342017062652,12022181,12031670,-3.391829701313242,-2.0753117616781345
60.251466036,0.0,-0.5249999999999999,-0.023227691999999966,0.13252755173839376,-0.016442041227162675,0.13910436822925884,0.1259507352475287,12023997,12033035,-3.3936002474217224,-2.0811416505126354
60.298480034,0.0,-0.5249999999999999,0.023786306,0.12910300806145109,-0.027737714509711367,0.13910436822925884,0.1259507352475287,12025816,12034402,-3.3953862102829886,-2.0869768511300952
60.308708191,0.0,-0.5249999999999999,-0.01623749799999996,0.12910300806145109,-0.027737714509711367,0.14019809386533563,0.11800792225756654,12025816,12034402,-3.3953862102829886,-2.0869768511300952
60.349976302,0.0,-0.5249999999999999,-0.02513670899999998,0.12684474229805592,-0.03475632372445487,0.14074727178783786,0.11294221280827396,12027618,12035768,-3.3971741927641546,-2.0927753642696922
60.401695013,0.0,-0.5249999999999999,-0.02321958599999996,0.12504276224125707,-0.03840107980617277,0.14040319416372618,0.10968233031878796,12029416,12037133,-3.398971353102467,-2.098561011927462
60.408706427,0.0,-0.5249999999999999,-0.01620817200000002,0.12504276224125707,-0.03840107980617277,0.14040319416372618,0.10968233031878796,12029416,12037133,-3.398971353102467,-2.098561011927462
60.448685408,0.0,-0.5249999999999999,0.023770809,0.1241066856646665,-0.04049222806207963,0.14030357688949835,0.10790979443983464,12031214,12038479,-3.4007701608895977,-2.1043080256225783
60.500347853,0.0,-0.5249999999999999,0.025174856,0.12236243026802333,-0.04160168289856648,0.13900310342744993,0.10572175710859674,12033012,12039813,-3.402574818766712,-2.1100291086164398
60.508706093,0.0,-0.5249999999999999,-0.01606178300000005,0.12236243026802333,-0.04160168289856648,0.13900310342744993,0.10572175710859674,12033012,12039813,-3.402574818766712,-2.1100291086164398
60.552909613,0.0,-0.5249999999999999,-0.02185106299999995,0.12075945267604227,-0.04290210669567099,0.13792029535431066,0.10359860999777387,12034808,12041120,-3.4043760340981195,-2.115693016514861
60.598893404,0.0,-0.5249999999999999,-0.025933742999999954,0.12090881196082995,-0.04454335199294508,0.13872615275800798,0.10309147116365192,12036608,12042408,-3.4061823558847544,-2.121325133303964
60.608779669,0.0,-0.5249999999999999,-0.01604747799999995,0.12090881196082995,-0.04454335199294508,0.13872615275800798,0.10309147116365192,12036608,12042408,-3.4061823558847544,-2.121325133303964
60.650588751,0.0,-0.5249999999999999,0.025761604,0.11948605453440563,-0.046356514916189966,0.1380286605008816,0.10094344856792964,12038392,12043669,-3.407977427698553,-2.1268743455018164
60.702624083,0.0,-0.5249999999999999,0.026454926,0.11845806671679919,-0.048078283814697205,0.13768938024267807,0.09922675319092031,12040173,12044916,-3.4097765821975385,-2.1323879944142807
60.708757639,0.0,0.0,-0.01587343200000002,0.11845806671679919,-0.048078283814697205,0.13768938024267807,0.09922675319092031,12040173,12044916,-3.4097765821975385,-2.1323879944142807
60.783207178,0.0,0.0,0.008419513,0.10752924345341833,-0.04538237328796221,0.1256821927686032,0.08937629413823343,12041949,12046129,-3.4115672302659243,-2.1378258210614067
60.796244383,0.0,0.0,0.021456718,0.11169459271700516,-0.049123214602279724,0.13134387855791704,0.09204530687609326,12043731,12047318,-3.413362435695618,-2.143225824880553
60.808779002,0.0,0.0,0.033991337,0.11169459271700516,-0.049123214602279724,0.13134387855791704,0.09204530687609326,12043731,12047318,-3.413362435695618,-2.143225824880553
60.851326466,0.0,0.0,0.076538801,0.11269430284295107,-0.03492968660863245,0.12666617748640405,0.09872242819949809,12044868,12049065,-3.415089753321863,-2.148472767799616
60.90875268,0.0,0.0,0.133965015,0.11269430284295107,-0.03492968660863245,0.12666617748640405,0.09872242819949809,12044868,12049065,-3.415089753321863,-2.148472767799616
60.912049055,0.0,0.0,0.13726139,0.12037671512823218,0.0010753464713572289,0.11398395525652914,0.14059711474170128,12046484,12053133,-3.4167811086202993,-2.1537112896495527
60.946028948,0.0,0.0,0.171241283,0.12729053499911522,0.033266449356465166,0.11398395525652914,0.14059711474170128,12046484,12053133,-3.418403965671354,-2.158843009954329
61.003654003,0.0,0.0,0.228866338,0.11795852614198307,0.0709473555316404,0.08957958392932691,0.14633746835463923,12047244,12055163,-3.419984256987691,-2.1639479101630026
61.009235144,0.0,0.0,0.234447479,0.11795852614198307,0.0709473555316404,0.08957958392932691,0.14633746835463923,12047244,12055163,-3.419984256987691,-2.1639479101630026
61.071426392,0.0,0.0,0.296638727,0.11008306078913116,0.08938349051372876,0.07432966458363965,0.14583645699462267,12048024,12057142,-3.4215179805689173,-2.1690049781964986
61.108797551,0.0,0.0,0.334009886,0.11008306078913116,0.08938349051372876,0.07432966458363965,0.14583645699462267,12048024,12057142,-3.4215179805689173,-2.1690049781964986
61.120342017,0.0,0.0,0.345554352,0.10162598516003682,0.09398433518292797,0.06274651652746639,0.14524891301958603,12049641,12061009,-3.4230236634259383,-2.1740704657597143
61.143718958,0.0,0.0,0.368931293,0.1039977147735262,0.10312799561514954,0.06274651652746639,0.14524891301958603,12049641,12061009,-3.4244845861517392,-2.1790812445008827
61.194005013,0.0,0.0,0.419217348,0.10683530572171021,0.10781952264753197,0.06370749666269741,0.149963114780723,12050468,12062901,-3.425916776144303,-2.184088359144574
61.208750248,0.0,0.0,0.433962583,0.10683530572171021,0.10781952264753197,0.06370749666269741,0.149963114780723,12050468,12062901,-3.425916776144303,-2.184088359144574
61.244517804,0.0,0.0,0.469730139,0.11289726873122269,0.11315475273107459,0.06763536763879285,0.15815916982365252,12051297,12064741,-3.427298818767372,-2.1890101456688273
61.29535985,0.0,0.0,0.520572185,0.11511835369568767,0.1136126387637817,0.06967329819017498,0.16056340920120035,12052122,12066570,-3.428649549408984,-2.1939108217288394
61.308719159,0.0,0.0,0.533931494,0.11511835369568767,0.1136126387637817,0.06967329819017498,0.16056340920120035,12052122,12066570,-3.428649549408984,-2.1939108217288394
61.364116192,0.0,0.0,0.589328527,0.10347966156896757,0.10019665110158303,0.06340100112833436,0.14355832200960078,12052943,12068353,-3.4299526694038,-2.1987252254245386
61.408849001,0.0,0.0,0.634061336,0.10347966156896757,0.10019665110158303,0.06340100112833436,0.14355832200960078,12052943,12068353,-3.4299526694038,-2.1987252254245386
61.439337254,0.0,0.0,0.664549589,0.09169687600623204,0.08736057772233827,0.05946200928349044,0.13045405592884335,12054589,12071880,-3.4312338751551925,-2.2035455072097303
61.445908785,0.0,0.0,0.67112112,0.09495803260616689,0.08874005830669114,0.05946200928349044,0.13045405592884335,12054589,12071880,-3.4324766477161597,-2.2083065878876607
61.508823157,0.0,0.0,0.734035492,0.09495803260616689,0.08874005830669114,0.05946200928349044,0.13045405592884335,12055401,12073622,-3.4324766477161597,-2.2083065878876607
61.519298554,0.0,0.0,0.744510889,0.09514453895657493,0.08783946143847811,0.06000875438118368,0.13028032353196617,12055401,12073622,-3.433691073228312,-2.2130453244563184
61.595247031,0.0,0.0,0.820459366,0.0945825008702934,0.08655390688452975,0.059960938116481496,0.1292040636241053,12056208,12075335,-3.4348690360155936,-2.217726131252846
61.599632979,0.0,0.0,0.824845314,0.10665671527976067,0.09695264686981006,0.06787565653183665,0.1454377740276847,12057015,12077046,-3.4360258069623075,-2.2224082743529983
61.608729124,0.0,0.0,0.833941459,0.10665671527976067,0.09695264686981006,0.06787565653183665,0.1454377740276847,12057015,12077046,-3.4360258069623075,-2.2224082743529983
61.671265841,0.0,0.0,0.896478176,0.10122766697284824,0.09173587346606171,0.06453331758642356,0.13792201635927293,12057799,12078729,-3.4371393905217613,-2.2270004208343455
61.70882392,0.0,0.0,0.934036255,0.10122766697284824,0.09173587346606171,0.06453331758642356,0.13792201635927293,12057799,12078729,-3.4371393905217613,-2.2270004208343455
61.743234635,0.0,0.0,0.96844697,0.09887385206057406,0.08978313600971338,0.07041927909216136,0.15089990853928392,12059328,12082027,-3.4382176990841478,-2.231532095919105
61.745519162,0.0,0.0,0.970731497,0.11065959381572264,0.10060078680890319,0.07041927909216136,0.15089990853928392,12059328,12082027,-3.439260980402333,-2.2359992170254213
61.808988095,0.0,0.0,1.03420043,0.11065959381572264,0.10060078680890319,0.07041927909216136,0.15089990853928392,12059328,12082027,-3.439260980402333,-2.2359992170254213
61.819569588,0.0,0.0,1.044781923,0.10278951707104725,0.09348527765774992,0.07041927909216136,0.15089990853928392,12060093,12083649,-3.440282497668925,-2.2404556461521437
61.887246132,0.0,0.0,1.112458467,0.09923179131567525,0.08990096369270707,0.06327140583859242,0.13519217679275808,12060847,12085247,-3.441271282159338,-2.2448507637471526
61.894669772,0.0,0.0,1.119882107,0.10850614780076137,0.09812361833610903,0.06925670046631775,0.14775559513520498,12061593,12086842,-3.4422376498449507,-2.249229290779247
61.90893054,0.0,0.0,1.134142875,0.10850614780076137,0.09812361833610903,0.06925670046631775,0.14775559513520498,12061593,12086842,-3.4422376498449507,-2.249229290779247
61.959398508,0.0,0.0,1.184610843,0.10284561406303094,0.0928480872879536,0.0657063791478495,0.1399848489782124,12062333,12088412,-3.4431740415860705,-2.2535535922104533
62.008855582,0.0,0.0,1.234067917,0.10284561406303094,0.0928480872879536,0.0657063791478495,0.1399848489782124,12062333,12088412,-3.4431740415860705,-2.2535535922104533
62.022779942,0.0,0.0,1.247992277,0.10072509653987707,0.09122636385009417,0.06724596385196213,0.1442854340342045,12063755,12091517,-3.444086125046266,-2.2578498043441986
62.044307709,0.0,0.0,1.269520044,0.10576569894308331,0.09629933772780294,0.06724596385196213,0.1442854340342045,12063755,12091517,-3.4449579772620433,-2.262038996563964
62.108814717,0.0,0.0,1.334027052,0.10576569894308331,0.09629933772780294,0.06724596385196213,0.1442854340342045,12063755,12091517,-3.4449579772620433,-2.262038996563964
62.11288023,0.0,0.0,1.338092565,0.09602152100225514,0.08831599829383596,0.06724596385196213,0.1442854340342045,12064444,12093041,-3.445805034636985,-2.2661922296500063
62.16783166,0.0,0.0,1.393043995,0.09228559339832046,0.08545974601753555,0.06069512168472076,0.13134792031978954,12065136,12094545,-3.4466295540819525,-2.270316795180039
62.193884611,0.0,0.0,1.419096946,0.09520193251768799,0.08824645769338155,0.059903349440335374,0.1305005155950406,12065830,12096031,-3.4474325320141093,-2.2744143839435487
62.208834887,0.0,0.0,1.434047222,0.09520193251768799,0.08824645769338155,0.059903349440335374,0.1305005155950406,12065830,12096031,-3.4474325320141093,-2.2744143839435487
62.247443438,0.0,0.0,1.472655773,0.09407249929254521,0.08651909256341149,0.05946486226718062,0.1286801363179098,12066514,12097483,-3.448204532919133,-2.2784321352963683
62.308933974,0.0,0.0,1.534146309,0.09407249929254521,0.08651909256341149,0.05946486226718062,0.1286801363179098,12066514,12097483,-3.448204532919133,-2.2784321352963683
62.319446087,0.0,0.0,1.544658422,0.088362314740239,0.08075717712140697,0.05605944389167621,0.1206651855888018,12067190,12098933,-3.448958093238366,-2.28243389731848
62.378632784,0.0,0.0,1.603845119,0.07832240296739439,0.07137067481713086,0.04977413304054204,0.10687067289424673,12068518,12101807,-3.4496910049583707,-2.2864063860407424
62.394056797,0.0,0.0,1.6192691319999999,0.08027878406229493,0.07335129246663848,0.05093826707563953,0.10961930104895032,12068518,12101807,-3.450403683417559,-2.290351416249536
62.408830881,0.0,0.0,1.634043216,0.08027878406229493,0.07335129246663848,0.05093826707563953,0.10961930104895032,12068518,12101807,-3.450403683417559,-2.290351416249536
62.467653036,0.0,0.0,1.692865371,0.08044882439983289,0.07405946171828007,0.05082503971252086,0.11007260908714492,12069151,12103213,-3.4510837441851163,-2.2941972071111922
62.508813382,0.0,0.0,1.734025717,0.08044882439983289,0.07405946171828007,0.05082503971252086,0.11007260908714492,12069151,12103213,-3.4510837441851163,-2.2941972071111922
62.539564371,0.0,0.0,1.7647767060000001,0.0771315745460153,0.07187678429494589,0.05299823468644209,0.11692930882293268,12070380,12105977,-3.4517393879793965,-2.2979869907931416
62.543251276,0.0,0.0,1.768463611,0.08496377175468739,0.07991384267061323,0.05299823468644209,0.11692930882293268,12070380,12105977,-3.4523739017203554,-2.3017356964476683
62.608834029,0.0,0.0,1.834046364,0.08496377175468739,0.07991384267061323,0.05299823468644209,0.11692930882293268,12070380,12105977,-3.4523739017203554,-2.3017356964476683
62.615400553,0.0,0.0,1.840612888,0.08156332202462796,0.07710282771388036,0.05072219093907582,0.1124044531101801,12071000,12107335,-3.452992973227434,-2.305473393539473
62.695358038,0.0,0.0,1.9205703729999999,0.07766170721375823,0.07295949551138413,0.05072219093907582,0.1124044531101801,12071627,12108674,-3.453595619545098,-2.3091904912627736
62.698090554,0.0,0.0,1.923302889,0.08565059533656341,0.0797776613144549,0.05373953081078144,0.11756165986234537,12072257,12110012,-3.4541862608910914,-2.3129133941620865
62.708778143,0.0,0.0,1.9339904780000001,0.08565059533656341,0.0797776613144549,0.05373953081078144,0.11756165986234537,12072257,12110012,-3.4541862608910914,-2.3129133941620865
62.745360613,0.0,0.0,1.970572948,0.08600564180252196,0.07887911446020157,0.05445399601844132,0.11755728758660258,12072877,12111323,-3.4547537077441355,-2.316568201040868
62.80881095,0.0,0.0,2.034023285,0.08600564180252196,0.07887911446020157,0.05445399601844132,0.11755728758660258,12072877,12111323,-3.4547537077441355,-2.316568201040868
62.843513012,0.0,0.0,2.068725347,0.08108063241863622,0.07366460848683518,0.05618953746841328,0.11986581456567859,12074084,12113894,-3.4553022944267817,-2.320179396547426
62.847705603,0.0,0.0,2.072917938,0.08802767601704593,0.07959534637158164,0.05618953746841328,0.11986581456567859,12074084,12113894,-3.455828968589301,-2.3237241568527027
62.908815146,0.0,0.0,2.134027481,0.08802767601704593,0.07959534637158164,0.05618953746841328,0.11986581456567859,12074084,12113894,-3.455828968589301,-2.3237241568527027
62.915834189,0.0,0.0,2.141046524,0.07685035892335579,0.06986657768575666,0.05618953746841328,0.11986581456567859,12074657,12115167,-3.4563368795562224,-2.327223274769498
62.987343788,0.0,0.0,2.212556123,0.07538879551860908,0.06978289524924951,0.048903727849053114,0.10479698999765845,12075206,12116428,-3.456823185412924,-2.3306558321451467
62.996474028,0.0,0.0,2.221686363,0.0826436974769281,0.07790942619811234,0.051479926997683154,0.11380746795617303,12075740,12117675,-3.457290165323635,-2.3340350067817406
63.008812666,0.0,0.0,2.234025001,0.0826436974769281,0.07790942619811234,0.051479926997683154,0.11380746795617303,12075740,12117675,-3.457290165323635,-2.3340350067817406
63.060366631,0.0,0.0,2.285578966,0.07738861449743914,0.07444186363192734,0.04761186904466821,0.10716535995021008,12076275,12118904,-3.4577415628630406,-2.337383445085307
63.109060288,0.0,0.0,2.334272623,0.07738861449743914,0.07444186363192734,0.04761186904466821,0.10716535995021008,12076275,12118904,-3.4577415628630406,-2.337383445085307
63.13128376,0.0,0.0,2.356496095,0.07435431403327893,0.07206593309140884,0.048630610177613234,0.11028612332648853,12077366,12121330,-3.458182183360026,-2.3407333185738146
63.145184279,0.0,0.0,2.370396614,0.07945836675205088,0.07706939143609412,0.048630610177613234,0.11028612332648853,12077366,12121330,-3.458609485376481,-2.344063676182181
63.199811221,0.0,0.0,2.425023556,0.07617139359277136,0.07318547097952367,0.048630610177613234,0.11028612332648853,12077905,12122527,-3.4590222499578003,-2.347363054023665
63.209174633,0.0,0.0,2.434386968,0.07617139359277136,0.07318547097952367,0.0468972052009619,0.10544558198458084,12077905,12122527,-3.4590222499578003,-2.347363054023665
63.27153039,0.0,0.0,2.496742725,0.07390131493239464,0.0704890824652608,0.04570568194629032,0.10209694791849896,12078441,12123710,-3.4594208487601725,-2.3506313728815025
63.308795929,0.0,0.0,2.534008264,0.07390131493239464,0.0704890824652608,0.04523390139893983,0.10047593151260403,12078976,12124875,-3.4594208487601725,-2.3506313728815025
63.316142321,0.0,0.0,2.541354656,0.07285491645577194,0.06905253764208025,0.04523390139893983,0.10047593151260403,12078976,12124875,-3.4598052894677256,-2.3538647416757907
63.347327948,0.0,0.0,2.572540283,0.069833756039659,0.0657909309343098,0.04351738366593507,0.09615012841338291,12079500,12126026,-3.4601745099804937,-2.357051683822336
63.40873003,0.0,0.0,2.6339423650000002,0.069833756039659,0.0657909309343098,0.04351738366593507,0.09615012841338291,12079500,12126026,-3.4601745099804937,-2.357051683822336
63.412447214,0.0,0.0,2.637659549,0.06916853353728199,0.0649479366871656,0.04318935886241575,0.09514770821214823,12080015,12127165,-3.4605296966816823,-2.3601997456221775
63.483225108,0.0,0.0,2.7084374430000002,0.06352122543789067,0.05979932591381309,0.04108467782411496,0.09108443749789266,12080997,12129376,-3.4608663943913642,-2.363265068611314
63.496618271,0.0,0.0,2.721830606,0.06608455766100381,0.06249969959222213,0.04108467782411496,0.09108443749789266,12080997,12129376,-3.4611885974016423,-2.366279944317667
63.508820534,0.0,0.0,2.734032869,0.06608455766100381,0.06249969959222213,0.04108467782411496,0.09108443749789266,12080997,12129376,-3.4611885974016423,-2.366279944317667
63.547566653,0.0,0.0,2.772778988,0.06667841778107028,0.06357448207573839,0.04124862495077493,0.09210821061136565,12081477,12130458,-3.4614979492509357,-2.3692557289454346
63.607282877,0.0,0.0,2.832495212,0.06457423862985223,0.06171908957038443,0.04124862495077493,0.09210821061136565,12081477,12130458,-3.4617969944101823,-2.37221331617084
63.609329939,0.0,0.0,2.834542274,0.06457423862985223,0.06171908957038443,0.04232948523076507,0.09474253086984077,12082436,12132585,-3.4617969944101823,-2.37221331617084
63.645871878,0.0,0.0,2.871084213,0.06853600805030292,0.06551630704884463,0.04232948523076507,0.09474253086984077,12082436,12132585,-3.462084451296467,-2.3751374111124606
63.709046126,0.0,0.0,2.9342584609999998,0.06853600805030292,0.06551630704884463,0.04232948523076507,0.09474253086984077,12082436,12132585,-3.462084451296467,-2.3751374111124606
63.712579728,0.0,0.0,2.937792063,0.061774425817832615,0.05891222087012826,0.038209537469781306,0.08533931416588392,12082906,12133639,-3.4623619093860367,-2.378043231416746
63.787933588,0.0,0.0,3.013145923,0.05576599402143674,0.05314450340862236,0.034508192657987796,0.07702379538488568,12083373,12134681,-3.46262871354635,-2.38092119664237
63.795693875,0.0,0.0,3.02090621,0.05839386489523455,0.05557964069267151,0.036162008618165944,0.08062572117230316,12083837,12135710,-3.462884984116508,-2.3837693504190987
63.808820725,0.0,0.0,3.03403306,0.05839386489523455,0.05557964069267151,0.036162008618165944,0.08062572117230316,12083837,12135710,-3.462884984116508,-2.3837693504190987
63.859477282,0.0,0.0,3.084689617,0.058356050859326096,0.05553498173815849,0.0361420581640627,0.0805700435545895,12084291,12136726,-3.463129759267328,-2.3865742966198296
63.908807993,0.0,0.0,3.134020328,0.058356050859326096,0.05553498173815849,0.0361420581640627,0.0805700435545895,12084291,12136726,-3.463129759267328,-2.3865742966198296
63.935643435,0.0,0.0,3.16085577,0.0578700186494821,0.05521265541588855,0.039568979169448876,0.08853155569606794,12085178,12138725,-3.4633643765051083,-2.3893493565402184
63.944392205,0.0,0.0,3.16960454,0.0640502674327584,0.06120322065827383,0.039568979169448876,0.08853155569606794,12085178,12138725,-3.4635882712725623,-2.3920830248597595
64.007813931,0.0,0.0,3.233026266,0.06021890202714737,0.05758678698908773,0.03718418723151228,0.08325361682278247,12085618,12139700,-3.4638025873289346,-2.394784798316931
64.010024309,0.0,0.0,3.235236644,0.06021890202714737,0.05758678698908773,0.03718418723151228,0.08325361682278247,12085618,12139700,-3.4638025873289346,-2.394784798316931
64.083771944,0.0,0.0,3.308984279,0.057704543334558406,0.054904024624913145,0.03574293348459315,0.07966615318452366,12086050,12140646,-3.464004822846404,-2.397416430419182
64.093093396,0.0,0.0,3.318305731,0.062278332670386086,0.059032818891097565,0.03866520511394706,0.08589146022682512,12086472,12141578,-3.464197220736674,-2.400002706148578
64.108840466,0.0,0.0,3.334052801,0.062278332670386086,0.059032818891097565,0.03866520511394706,0.08589146022682512,12086472,12141578,-3.464197220736674,-2.400002706148578
64.159708023,0.0,0.0,3.384920358,0.05731417682484534,0.0540310810626659,0.035701744399778974,0.0789266092499117,12086890,12142492,-3.4643804492102714,-2.402547402029759
64.208811283,0.0,0.0,3.434023618,0.05731417682484534,0.0540310810626659,0.035701744399778974,0.0789266092499117,12086890,12142492,-3.4643804492102714,-2.402547402029759
64.223788739,0.0,0.0,3.449001074,0.056256941326346364,0.052739916593381814,0.03735335766399951,0.08201078087886596,12087722,12144309,-3.464557706467146,-2.4050925208219023
64.243765831,0.0,0.0,3.468978166,0.059682069271432735,0.055821779018583054,0.03735335766399951,0.08201078087886596,12087722,12144309,-3.4647270023862515,-2.407609386715023
64.304249525,0.0,0.0,3.52946186,0.056462998776944065,0.05300409726305295,0.03526135987172289,0.07766463768216525,12088124,12145222,-3.464889891555845,-2.4101228365851535
64.309906483,0.0,0.0,3.535118818,0.056462998776944065,0.05300409726305295,0.03526135987172289,0.07766463768216525,12088124,12145222,-3.464889891555845,-2.4101228365851535
64.387727976,0.0,0.0,3.612940311,0.05173262990462661,0.04906525919936972,0.03526135987172289,0.07766463768216525,12088520,12146127,-3.4650449852131326,-2.412609912692766
64.392945767,0.0,0.0,3.6181581019999998,0.05510181218570587,0.052768542776687834,0.033994395075030735,0.076209229296381,12088914,12147030,-3.4651935584123477,-2.4150897116261176
64.408926964,0.0,0.0,3.634139299,0.05510181218570587,0.052768542776687834,0.033994395075030735,0.076209229296381,12088914,12147030,-3.4651935584123477,-2.4150897116261176
64.460424424,0.0,0.0,3.685636759,0.05168086017050658,0.04973252945024929,0.03178784839040687,0.0715738719506063,12089310,12147909,-3.4653339730515222,-2.4175277789373193
64.510076523,0.0,0.0,3.735288858,0.05168086017050658,0.04973252945024929,0.03178784839040687,0.0715738719506063,12089310,12147909,-3.4653339730515222,-2.4175277789373193
64.5280087,0.0,0.0,3.753221035,0.05187708664810789,0.04961044755094013,0.03497655464284824,0.07770389110669257,12090089,12149585,-3.46546587375762,-2.419908774300522
64.543542862,0.0,0.0,3.768755197,0.056340222874770404,0.05340917057980541,0.03497655464284824,0.07770389110669257,12090089,12149585,-3.465589190600896,-2.4222230990059166
64.599742651,0.0,0.0,3.824954986,0.053587142372187535,0.050115959874061235,0.03354075842256304,0.07363352632181203,12090466,12150406,-3.4657064125762247,-2.4245147261319686
64.608783722,0.0,0.0,3.8339960570000002,0.053587142372187535,0.050115959874061235,0.03354075842256304,0.07363352632181203,12090466,12150406,-3.4657064125762247,-2.4245147261319686
64.657069683,0.0,0.0,3.8822820179999997,0.05070477356285624,0.047156335384063046,0.03354075842256304,0.07363352632181203,12090838,12151225,-3.4658180729330486,-2.426793207337189
64.703859568,0.0,0.0,3.929071903,0.05139487102887118,0.04777184330427457,0.032286133707161345,0.070503608350581,12091211,12152049,-3.465925350180749,-2.429083404052275
64.708732605,0.0,0.0,3.93394494,0.05139487102887118,0.04777184330427457,0.032286133707161345,0.070503608350581,12091571,12152869,-3.465925350180749,-2.429083404052275
64.746118069,0.0,0.0,3.971330404,0.04927706930492945,0.04626570702406881,0.030770786495301926,0.06778335211455698,12091571,12152869,-3.4660261306678475,-2.431341302464433
64.797869444,0.0,0.0,4.023081779,0.04763602486998536,0.04519671319699137,0.029557339591188815,0.06571471014878191,12091918,12153674,-3.466119685206001,-2.4335458341027847
64.80915308,0.0,0.0,4.034365415,0.04763602486998536,0.04519671319699137,0.029557339591188815,0.06571471014878191,12091918,12153674,-3.466119685206001,-2.4335458341027847
64.880950451,0.0,0.0,4.106162786,0.04307894031589403,0.04147936223144866,0.029557339591188815,0.06571471014878191,12092262,12154466,-3.4662072766367777,-2.435719940151832
64.896777392,0.0,0.0,4.121989727,0.044191731133791545,0.04291879587512241,0.027024212783742584,0.061359249483840514,12092605,12155243,-3.4662891796430437,-2.4378635998275144
64.90879345,0.0,0.0,4.134005785,0.044191731133791545,0.04291879587512241,0.027024212783742584,0.061359249483840514,12092605,12155243,-3.4662891796430437,-2.4378635998275144
64.964261532,0.0,0.0,4.189473867,0.04173115889205576,0.04041461789293864,0.025565311734880303,0.05789700604923122,12092951,12156005,-3.466365980554722,-2.439984448915575
65.008824826,0.0,0.0,4.234037161,0.04173115889205576,0.04041461789293864,0.025565311734880303,0.05789700604923122,12092951,12156005,-3.466365980554722,-2.439984448915575
65.039750338,0.0,0.0,4.264962673,0.041064416571449894,0.03928462879099233,0.02847686049510833,0.06328288357769639,12093644,12157514,-3.466438713590099,-2.442107357908116
65.04486537,0.0,0.0,4.270077705,0.045879872036402355,0.04350752885323507,0.02847686049510833,0.06328288357769639,12093644,12157514,-3.466506299462642,-2.44419977519578
65.108813048,0.0,0.0,4.334025383,0.045879872036402355,0.04350752885323507,0.02847686049510833,0.06328288357769639,12093644,12157514,-3.466506299462642,-2.44419977519578
65.119475603,0.0,0.0,4.344687938,0.043492543523565116,0.0410604741698988,0.02847686049510833,0.06328288357769639,12093978,12158266,-3.4665692910589776,-2.4462789220706322
65.163404703,0.0,0.0,4.388617038,0.04274399573479859,0.04033947017698769,0.026608207664003517,0.058879783805593666,12094305,12159000,-3.466626873693187,-2.4483103225287772
65.193995953,0.0,0.0,4.419208288,0.04742571992703444,0.044901816784100566,0.029464993213394214,0.06538644664067467,12094629,12159716,-3.4666795789058877,-2.4503016186312196
65.20881939,0.0,0.0,4.434031725,0.04742571992703444,0.044901816784100566,0.029464993213394214,0.06538644664067467,12094629,12159716,-3.4666795789058877,-2.4503016186312196
65.260136128,0.0,0.0,4.485348463,0.04519019829136079,0.04289515748158728,0.028032135298725877,0.062348261283995704,12094943,12160419,-3.4667274912674877,-2.4522489690793705
65.308818341,0.0,0.0,4.534030676,0.04519019829136079,0.04289515748158728,0.024863176329249965,0.05546871997411549,12095247,12161112,-3.4667274912674877,-2.4522489690793705
65.335323334,0.0,0.0,4.560535669,0.04016594815168273,0.038256929556081905,0.024863176329249965,0.05546871997411549,12095247,12161112,-3.4667709053141817,-2.4541581077297483
65.344973564,0.0,0.0,4.570185899,0.041250449580020776,0.03945994629419865,0.025466471062341317,0.057034428097700235,12095547,12161794,-3.466810226490925,-2.456038598202327
65.407917738,0.0,0.0,4.633130073,0.03992829750049999,0.03850025891467912,0.02452819393462834,0.05532840106637164,12095845,12162473,-3.4668459341002267,-2.4579095821347328
65.410553456,0.0,0.0,4.635765791,0.03992829750049999,0.03850025891467912,0.02452819393462834,0.05532840106637164,12095845,12162473,-3.4668459341002267,-2.4579095821347328
65.479153633,0.0,0.0,4.704365968,0.039554894465243295,0.03825410796639117,0.026457564569259698,0.05971725521721084,12096448,12163817,-3.4668782640704974,-2.459780627479374
65.493143797,0.0,0.0,4.718356132,0.04308740989323527,0.04157461330993893,0.026457564569259698,0.05971725521721084,12096448,12163817,-3.466907124500809,-2.4616383203021166
65.508765221,0.0,0.0,4.733977556,0.04308740989323527,0.04157461330993893,0.026457564569259698,0.05971725521721084,12096448,12163817,-3.466907124500809,-2.4616383203021166
65.547418595,0.0,0.0,4.77263093,0.04156041340521343,0.03987263892742572,0.025611357834243138,0.05750946897618372,12096740,12164469,-3.4669320947828672,-2.46344626502765
65.608814478,0.0,0.0,4.834026813,0.04156041340521343,0.03987263892742572,0.025611357834243138,0.05750946897618372,12096740,12164469,-3.4669320947828672,-2.46344626502765
65.627588034,0.0,0.0,4.852800369,0.03940744175331873,0.03778235676398918,0.02429449904772306,0.054520384458914405,12097024,12165121,-3.4669536945481103,-2.4652389290329366
65.708837509,0.0,0.0,4.9340498440000005,0.03940744175331873,0.03778235676398918,0.02429449904772306,0.054520384458914405,12097024,12165121,-3.4669536945481103,-2.4652389290329366
65.711324215,0.0,0.0,4.93653655,0.03140257249842696,0.030245843874994825,0.019205182585308192,0.04329904650344939,12097584,12166373,-3.4669718360241437,-2.4669894908378738
65.716834784,0.0,0.0,4.942047119,0.03125211454437879,0.030117329897676494,0.019205182585308192,0.04329904650344939,12097584,12166373,-3.466986859754067,-2.4687094349740004
65.783201218,0.0,0.0,5.008413553,0.032204523148459174,0.030924036215546385,0.01983490866224062,0.04457413763467773,12097861,12166995,-3.4669990556593784,-2.4704313169128325
65.797206879,0.0,0.0,5.022419214,0.03611772542552533,0.03464106773681059,0.022261298330801087,0.04997415252024956,12098141,12167626,-3.467008481667806,-2.47217620112252
65.808848143,0.0,0.0,5.034060478,0.03611772542552533,0.03464106773681059,0.022261298330801087,0.04997415252024956,12098141,12167626,-3.467008481667806,-2.47217620112252
65.863451243,0.0,0.0,5.088663578,0.04027293545375207,0.03874121801100897,0.024776448249348486,0.05576942265815567,12098411,12168250,-3.4670148291913776,-2.473888537595351
65.908851385,0.0,0.0,5.13406372,0.04175078514020023,0.04040519833158597,0.025588705807565847,0.05791286447283462,12098672,12168867,-3.4670181963493767,-2.475570236408686
65.908327818,0.0,0.0,5.133540153,0.04175078514020023,0.04040519833158597,0.025588705807565847,0.05791286447283462,12098672,12168867,-3.4670181963493767,-2.475570236408686
65.946627617,0.0,0.0,5.171839952,0.04164891816844762,0.04069524608788328,0.025370819733294307,0.05792701660360093,12098932,12169467,-3.4670188126781563,-2.477217461667481
66.007816553,0.0,0.0,5.233028888,0.03825086160171184,0.037397969345141446,0.023291673863655257,0.05321004933976842,12099193,12170038,-3.467017043379675,-2.4788110554658167
66.009079934,0.0,0.0,5.234292269,0.03825086160171184,0.037397969345141446,0.023291673863655257,0.05321004933976842,12099193,12170038,-3.467017043379675,-2.4788110554658167
66.087613583,0.0,0.0,5.312825918,0.03310004650007593,0.03192665379056396,0.02068820976020913,0.046135253658636494,12099712,12171154,-3.467013095469659,-2.480375914591219
66.096903086,0.0,0.0,5.322115421,0.03341173170942281,0.031808804873034204,0.02068820976020913,0.046135253658636494,12099712,12171154,-3.4670068770030777,-2.4819426817345205
66.10876751,0.0,0.0,5.333979845,0.03341173170942281,0.031808804873034204,0.02068820976020913,0.046135253658636494,12099712,12171154,-3.4670068770030777,-2.4819426817345205
66.155825854,0.0,0.0,5.381038189,0.03267294738340989,0.030553860973522126,0.020451402994001038,0.04489449177281874,12099972,12171714,-3.466998387122772,-2.4835132690288924
66.208832026,0.0,0.0,5.434044361,0.03267294738340989,0.030553860973522126,0.020451402994001038,0.04489449177281874,12099972,12171714,-3.466998387122772,-2.4835132690288924
66.224227667,0.0,0.0,5.449440002,0.0334023289217574,0.030874052615474906,0.021052707875567435,0.04575194996794736,12100231,12172263,-3.466987872415429,-2.4850608590098653
66.299976111,0.0,0.0,5.525188446,0.027926231375866674,0.025650740315175478,0.021052707875567435,0.04575194996794736,12100719,12173343,-3.466975490772556,-2.486573957241545
66.302132368,0.0,0.0,5.527344703,0.029356907391067923,0.02709799290408219,0.018517710229435047,0.0401961045527008,12100719,12173343,-3.466961142348383,-2.4880640525112856
66.308808327,0.0,0.0,5.534020662,0.029356907391067923,0.02709799290408219,0.018517710229435047,0.0401961045527008,12100719,12173343,-3.466961142348383,-2.4880640525112856
66.37589264,0.0,0.0,5.601104975,0.02939349828368802,0.027420822857850337,0.018425169140547887,0.04036182742682816,12100956,12173869,-3.466945048251802,-2.4895253975650857
66.396449566,0.0,0.0,5.6216619009999995,0.031590933005875226,0.029570081192782493,0.01976290052876223,0.04341896548298822,12101193,12174383,-3.4669272994453615,-2.490963737195821
66.408843279,0.0,0.0,5.634055614,0.031590933005875226,0.029570081192782493,0.01976290052876223,0.04341896548298822,12101193,12174383,-3.4669272994453615,-2.490963737195821
66.459345579,0.0,0.0,5.684557914,0.03375679870972849,0.03158259635255711,0.021123760168705638,0.04638983725075133,12101429,12174884,-3.466908090383649,-2.4923752403324224
66.508808375,0.0,0.0,5.73402071,0.03375679870972849,0.03158259635255711,0.020331475293743413,0.044127731402295256,12101661,12175375,-3.466908090383649,-2.4923752403324224
66.515368224,0.0,0.0,5.740580559,0.03222960334801933,0.029745320135689802,0.020331475293743413,0.044127731402295256,12101661,12175375,-3.4668875289275594,-2.4937599062194535
66.546100617,0.0,0.0,5.771312952,0.0326395379204861,0.029943902112700357,0.020661977075405957,0.04461709876556624,12101892,12175878,-3.4668648237529816,-2.49516561056551
66.600294114,0.0,0.0,5.825506449,0.03138671201461425,0.02871471727354197,0.019900825105197466,0.042872598924031044,12102127,12176383,-3.4668401007334,-2.4965827749033123
66.608731985,0.0,0.0,5.83394432,0.03138671201461425,0.02871471727354197,0.019900825105197466,0.042872598924031044,12102127,12176383,-3.4668401007334,-2.4965827749033123
66.656172514,0.0,0.0,5.881384849,0.02997515139937263,0.02738670018338142,0.019020471326020062,0.0409298314727252,12102351,12176865,-3.466814843304758,-2.4979347961133214
66.708794117,0.0,0.0,5.934006452,0.02997515139937263,0.02738670018338142,0.019020471326020062,0.0409298314727252,12102351,12176865,-3.466814843304758,-2.4979347961133214
66.743678093,0.0,0.0,5.968890428,0.025752159801722786,0.023569446747530715,0.01646354119683663,0.03573942539656231,12102770,12177791,-3.466789020841079,-2.499233165871157
66.748378277,0.0,0.0,5.973590612,0.02610148329669947,0.0240948552496571,0.01646354119683663,0.03573942539656231,12102770,12177791,-3.466762057687555,-2.5005104386616606
66.808731556,0.0,0.0,6.033943891,0.025783654181043662,0.02409869191511584,0.016144177414997327,0.03542313094709,12102976,12178255,-3.4667333882171327,-2.501793421867576
66.808149577,0.0,0.0,6.033361912,0.025783654181043662,0.02409869191511584,0.016144177414997327,0.03542313094709,12102976,12178255,-3.4667333882171327,-2.501793421867576
66.891344548,0.0,0.0,6.116556883,0.025802357555857924,0.0242715050083516,0.016093755552517283,0.035510959559198564,12103182,12178703,-3.466703952187859,-2.503045733398815
66.897391081,0.0,0.0,6.122603416,0.028983447009071565,0.027199445788244885,0.01810366869377361,0.03986322532436952,12103389,12179143,-3.46667344898257,-2.5042846077224192
66.90877223,0.0,0.0,6.133984565,0.028983447009071565,0.027199445788244885,0.01810366869377361,0.03986322532436952,12103389,12179143,-3.46667344898257,-2.5042846077224192
66.963782549,0.0,0.0,6.188994884,0.02672923095518496,0.024789928655222664,0.01681325949309589,0.03664520241727402,12103595,12179584,-3.466641551710472,-2.505523446936866
67.008821488,0.0,0.0,6.234033823,0.02672923095518496,0.024789928655222664,0.016901219758743688,0.036547329864010325,12103803,12180033,-3.466641551710472,-2.505523446936866
67.031208039,0.0,0.0,6.256420374,0.026724274811377006,0.024557637631583296,0.016901219758743688,0.036547329864010325,12103803,12180033,-3.4666077097215706,-2.5067813953724074
67.047322035,0.0,0.0,6.27253437,0.02904918434918611,0.026644592857544055,0.018391347206168487,0.03970702149220373,12104005,12180477,-3.466573001054621,-2.5080182428763163
67.103828669,0.0,0.0,6.3290410040000005,0.02788609743541761,0.02584041298834949,0.018391347206168487,0.03970702149220373,12104199,12180915,-3.4665376308206697,-2.5092282451355614
67.1087389,0.0,0.0,6.333951235,0.02788609743541761,0.02584041298834949,0.017549932240077813,0.038222262630757405,12104199,12180915,-3.4665376308206697,-2.5092282451355614
67.171472311,0.0,0.0,6.396684646,0.026932918845669923,0.025165642654538942,0.016866661783854344,0.0369991759074855,12104390,12181333,-3.4665022804350296,-2.510394174766189
67.208826542,0.0,0.0,6.434038877,0.026932918845669923,0.025165642654538942,0.016866661783854344,0.0369991759074855,12104390,12181333,-3.4665022804350296,-2.510394174766189
67.239799738,0.0,0.0,6.4650120730000005,0.023025805958454874,0.021520918900326962,0.014582978463365015,0.03184066245287015,12104767,12182131,-3.466466690006663,-2.5115294363803864
67.244750262,0.0,0.0,6.469962597,0.023211820458117583,0.021572104986881415,0.014582978463365015,0.03184066245287015,12104767,12182131,-3.466430660717159,-2.5126436041808615
67.30879283,0.0,0.0,6.534005165,0.023211820458117583,0.021572104986881415,0.014770212346075885,0.03170438937416761,12104955,12182521,-3.466430660717159,-2.5126436041808615
67.315773249,0.0,0.0,6.5409855839999995,0.023237300860121747,0.021167721285114658,0.014770212346075885,0.03170438937416761,12104955,12182521,-3.466393808778692,-2.513750079342668
67.387363434,0.0,0.0,6.612575769,0.02289713575435511,0.020432958902735922,0.014723952193260737,0.031070319315449478,12105144,12182904,-3.4663563222026053,-2.5148450342521254
67.394387484,0.0,0.0,6.619599819,0.025434043640644166,0.02229176487780038,0.016517337689524014,0.03435074959176432,12105334,12183285,-3.466317901490778,-2.515938040222572
67.408787966,0.0,0.0,6.634000301,0.025434043640644166,0.02229176487780038,0.016517337689524014,0.03435074959176432,12105334,12183285,-3.466317901490778,-2.515938040222572
67.459712506,0.0,0.0,6.684924841,0.02424631060995723,0.020898280771210406,0.015886998301473068,0.03260562291844139,12105523,12183666,-3.466278544952307,-2.5170290962743658
67.508811236,0.0,0.0,6.734023571,0.02424631060995723,0.020898280771210406,0.015886998301473068,0.03260562291844139,12105523,12183666,-3.466278544952307,-2.5170290962743658
67.535251379,0.0,0.0,6.760463714,0.02330751794454665,0.019930371309251627,0.016606341317083433,0.03393150703648625,12105889,12184429,-3.466238164436605,-2.518120114908133
67.544519425,0.0,0.0,6.76973176,0.025268924176784842,0.021656457149253523,0.016606341317083433,0.03393150703648625,12105889,12184429,-3.466197533396221,-2.519190040185445
67.603774309,0.0,0.0,6.828986644,0.023865568794849128,0.020795790831229562,0.015547252462357303,0.03218388512734095,12106059,12184796,-3.4661575318837214,-2.5202178202141146
67.608808756,0.0,0.0,6.834021091,0.023865568794849128,0.020795790831229562,0.015547252462357303,0.03218388512734095,12106059,12184796,-3.4661575318837214,-2.5202178202141146
67.683451653,0.0,0.0,6.908663988,0.022594373086924094,0.020045239729682383,0.01457627719505114,0.030612468978797047,12106228,12185159,-3.4661169569668333,-2.5212359933432498
67.694566012,0.0,0.0,6.919778347,0.024129116564428343,0.021723505511747378,0.015439714359729392,0.032818518769127294,12106396,12185526,-3.466075177573629,-2.522259868703422
67.708804608,0.0,0.0,6.934016943,0.024129116564428343,0.021723505511747378,0.015439714359729392,0.032818518769127294,12106396,12185526,-3.466075177573629,-2.522259868703422
67.759422303,0.0,0.0,6.984634638,0.022109063929481,0.020143613327319513,0.014051618598553195,0.030166509260408807,12106561,12185890,-3.4660329020435827,-2.523272221524516
67.808819533,0.0,0.0,7.034031868,0.022109063929481,0.020143613327319513,0.014051618598553195,0.030166509260408807,12106561,12185890,-3.4660329020435827,-2.523272221524516
67.839495421,0.0,0.0,7.064707756,0.020970095443557976,0.01935054855122671,0.0143765491291163,0.031460267433996554,12106890,12186620,-3.465989488650733,-2.524288360452728
67.844178915,0.0,0.0,7.06939125,0.022918408281556425,0.021354647881100315,0.0143765491291163,0.031460267433996554,12106890,12186620,-3.4659453529039816,-2.5252987166780536
67.908798695,0.0,0.0,7.13401103,0.022918408281556425,0.021354647881100315,0.013375473121386025,0.02924315898729068,12107057,12186973,-3.4659453529039816,-2.5252987166780536
67.915780545,0.0,0.0,7.14099288,0.021309316054338355,0.019834607332380818,0.013375473121386025,0.02924315898729068,12107057,12186973,-3.465900999657778,-2.526293725367118
67.991135598,0.0,0.0,7.216347933,0.020570086035515606,0.018909240715159367,0.013006389749451858,0.028133782321579353,12107223,12187316,-3.4658567591840637,-2.5272676486490337
67.993902684,0.0,0.0,7.219115019,0.022835048118538256,0.02067118775678612,0.014566573015823807,0.031103523221252705,12107390,12187656,-3.4658118889294487,-2.5282377082826972
68.008769274,0.0,0.0,7.233981609,0.022835048118538256,0.02067118775678612,0.014566573015823807,0.031103523221252705,12107390,12187656,-3.4658118889294487,-2.5282377082826972
68.063912869,0.0,0.0,7.289125204,0.021292969869527396,0.018976950818636734,0.013702189542072703,0.02888375019698209,12107546,12187985,-3.4657681969940466,-2.5291656387228745
68.109155417,0.0,0.0,7.334367752,0.021292969869527396,0.018976950818636734,0.013702189542072703,0.02888375019698209,12107546,12187985,-3.4657681969940466,-2.5291656387228745
68.14315939,0.0,0.0,7.368371725,0.020034165738266784,0.01792124846062387,0.013967473739619107,0.02990954803642097,12107838,12188650,-3.465724522171077,-2.5300763121186485
68.144974947,0.0,0.0,7.370187282,0.02193851088802004,0.01992759287100233,0.013967473739619107,0.02990954803642097,12107838,12188650,-3.465679546952973,-2.53099651066228
68.208791733,0.0,0.0,7.434004068,0.02193851088802004,0.01992759287100233,0.013967473739619107,0.02990954803642097,12107838,12188650,-3.465679546952973,-2.53099651066228
68.215672493,0.0,0.0,7.440884828,0.0202560339502744,0.018968284731080146,0.01266872005784234,0.027843347842706458,12107985,12188988,-3.4656333491335607,-2.5319243197204964
68.296115399,0.0,0.0,7.521327734,0.019294788010181953,0.0185329926233112,0.011881590960857471,0.02670798505950643,12108129,12189325,-3.4655866819652155,-2.53284443400978
