time_s,actual_linear_mps,actual_angular_radps,command_linear_mps,command_angular_radps,command_linear_abs_mps,command_angular_abs_radps,tracking_risk,dynamic_safe_margin_m,predicted_min_clearance_m
0.0,0.0,0.0,0.0,0.0,0.0,0.0,nan,nan,nan
0.04363107681274414,0.0,0.0,0.0,0.0,0.0,0.0,nan,nan,nan
0.09114360809326172,0.0,0.0,0.0,0.0,0.0,0.0,nan,nan,nan
0.09250998497009277,0.0,0.0,0.0,0.0,0.0,0.0,nan,nan,nan
0.14377188682556152,0.0,0.0,0.0,0.0,0.0,0.0,nan,nan,nan
0.1544051170349121,0.0,0.0,0.0,0.0,0.0,0.0,nan,nan,nan
0.19725489616394043,0.0,0.0,0.0,0.0,0.0,0.0,nan,nan,nan
0.24189257621765137,0.0,0.0,0.0,0.0,0.0,0.0,nan,nan,nan
0.2434077262878418,0.0,0.0,0.0,0.0,0.0,0.0,nan,nan,nan
0.30641841888427734,0.0,0.0,0.0,0.0,0.0,0.0,nan,nan,nan
0.3435952663421631,0.0,0.0,0.0,0.0,0.0,0.0,nan,nan,nan
0.35437941551208496,0.0,0.0,0.0,0.0,0.0,0.0,nan,nan,nan
0.39037466049194336,0.0,0.0,0.0,0.0,0.0,0.0,nan,nan,nan
0.4435744285583496,0.0,0.0,0.0,0.0,0.0,0.0,nan,nan,nan
0.4584341049194336,0.0,0.0,0.0,0.0,0.0,0.0,nan,nan,nan
0.517310380935669,0.0,0.0,0.0,0.0,0.0,0.0,nan,nan,nan
0.5355231761932373,0.0,0.0,0.0,0.0,0.0,0.0,nan,nan,nan
0.5435426235198975,0.0,0.0,0.0,0.0,0.0,0.0,nan,nan,nan
0.5980610847473145,0.0,0.0,0.0,0.0,0.0,0.0,nan,nan,nan
0.64357590675354,0.0,0.0,0.0,0.0,0.0,0.0,nan,nan,nan
0.6662850379943848,0.0,0.0,0.0,0.0,0.0,0.0,nan,nan,nan
0.6848139762878418,0.0,0.0,0.0,0.0,0.0,0.0,nan,nan,nan
0.735447883605957,0.0,0.0,0.0,0.0,0.0,0.0,nan,nan,nan
0.7435424327850342,0.0,0.0,0.0,0.0,0.0,0.0,nan,nan,nan
0.7946610450744629,0.0,0.0,0.0,0.0,0.0,0.0,nan,nan,nan
0.8435964584350586,0.0,0.0,0.0,0.0,0.0,0.0,nan,nan,nan
0.8457226753234863,0.0,0.0,0.0,0.0,0.0,0.0,nan,nan,nan
0.8855788707733154,0.0,0.0,0.0,0.0,0.0,0.0,nan,nan,nan
0.94356369972229,0.0,0.0,0.0,0.0,0.0,0.0,nan,nan,nan
0.9619953632354736,0.0,0.0,0.0,0.0,0.0,0.0,nan,nan,nan
1.0339629650115967,0.0,0.0,0.0,0.0,0.0,0.0,nan,nan,nan
1.043487787246704,0.0,0.0,0.0,0.0,0.0,0.0,nan,nan,nan
1.0397918224334717,0.0,0.0,0.0,0.0,0.0,0.0,nan,nan,nan
1.1103606224060059,0.0,0.0,0.0,0.0,0.0,0.0,nan,nan,nan
1.1441917419433594,0.0,0.0,0.0,0.0,0.0,0.0,nan,nan,nan
1.1597177982330322,0.0,0.0,0.0,0.0,0.0,0.0,nan,nan,nan
1.1898181438446045,0.0,0.0,0.0,0.0,0.0,0.0,nan,nan,nan
1.2436139583587646,0.0,0.0,0.0,0.0,0.0,0.0,nan,nan,nan
1.2464377880096436,0.0,0.0,0.0,0.0,0.0,0.0,nan,nan,nan
1.3021130561828613,0.0,0.0,0.0,0.0,0.0,0.0,nan,nan,nan
1.3342704772949219,0.0,0.0,0.0,0.0,0.0,0.0,nan,nan,nan
1.34358811378479,0.0,0.0,0.0,0.0,0.0,0.0,nan,nan,nan
1.394132137298584,0.0,0.0,0.0,0.0,0.0,0.0,nan,nan,nan
1.44356369972229,0.0,0.0,0.0,0.0,0.0,0.0,nan,nan,nan
1.4622128009796143,0.0,0.0,0.0,0.0,0.0,0.0,nan,nan,nan
1.5097649097442627,0.0,0.0,0.0,0.0,0.0,0.0,nan,nan,nan
1.540771245956421,0.0,0.0,0.0,0.0,0.0,0.0,nan,nan,nan
1.5435235500335693,0.0,0.0,0.0,0.0,0.0,0.0,nan,nan,nan
1.6097724437713623,0.0,0.0,0.0,0.0,0.0,0.0,nan,nan,nan
1.643568992614746,0.0,0.0,0.0,0.0,0.0,0.0,nan,nan,nan
1.6823811531066895,0.0,0.0,0.0,0.0,0.0,0.0,nan,nan,nan
1.6892421245574951,0.0,0.0,0.0,0.0,0.0,0.0,nan,nan,nan
1.7435836791992188,0.0,0.0,0.0,0.0,0.0,0.0,nan,nan,nan
1.7499589920043945,0.0,0.0,0.0,0.0,0.0,0.0,nan,nan,nan
1.8069524765014648,0.0,0.0,0.0,0.0,0.0,0.0,nan,nan,nan
1.8386096954345703,0.0,0.0,0.0,0.0,0.0,0.0,nan,nan,nan
1.8435187339782715,0.0,0.0,0.0,0.0,0.0,0.0,nan,nan,nan
1.8980095386505127,0.0,0.0,0.0,0.0,0.0,0.0,nan,nan,nan
1.9435579776763916,0.0,0.0,0.0,0.0,0.0,0.0,nan,nan,nan
1.9497854709625244,0.0,0.0,0.0,0.0,0.0,0.0,nan,nan,nan
1.9876680374145508,0.0,0.0,0.0,0.0,0.0,0.0,nan,nan,nan
2.043555736541748,0.0,0.0,0.0,0.0,0.0,0.0,nan,nan,nan
2.048556089401245,0.0,0.0,0.0,0.0,0.0,0.0,nan,nan,nan
2.1017048358917236,0.0,0.0,0.0,0.0,0.0,0.0,nan,nan,nan
2.137376070022583,0.0,0.0,0.0,0.0,0.0,0.0,nan,nan,nan
2.14350962638855,0.0,0.0,0.0,0.0,0.0,0.0,nan,nan,nan
2.205972671508789,0.0,0.0,0.0,0.0,0.0,0.0,nan,nan,nan
2.243590831756592,0.0,0.0,0.0,0.0,0.0,0.0,nan,nan,nan
2.2617318630218506,0.0,0.0,0.0,0.0,0.0,0.0,nan,nan,nan
2.2863025665283203,0.0,0.0,0.0,0.0,0.0,0.0,nan,nan,nan
2.343592405319214,0.0,0.0,0.0,0.0,0.0,0.0,nan,nan,nan
2.350586414337158,0.0,0.0,0.0,0.0,0.0,0.0,nan,nan,nan
2.406285285949707,0.0,0.0,0.0,0.0,0.0,0.0,nan,nan,nan
2.435619354248047,0.0,0.0,0.0,0.0,0.0,0.0,nan,nan,nan
2.44364070892334,0.0,0.0,0.0,0.0,0.0,0.0,nan,nan,nan
2.4875903129577637,0.0,0.0,0.0,0.0,0.0,0.0,nan,nan,nan
2.5436713695526123,0.0,0.0,0.0,0.0,0.0,0.0,nan,nan,nan
2.543137311935425,0.0,0.0,0.0,0.0,0.0,0.0,nan,nan,nan
2.6305973529815674,0.0,0.0,0.0,0.0,0.0,0.0,nan,nan,nan
2.637112855911255,0.0,0.0,0.0,0.0,0.0,0.0,nan,nan,nan
2.643564462661743,0.0,0.0,0.0,0.0,0.0,0.0,nan,nan,nan
2.6953704357147217,0.0,0.0,0.0,0.0,0.0,0.0,nan,nan,nan
2.7435081005096436,0.0,0.0,0.0,0.0,0.0,0.0,nan,nan,nan
2.7845566272735596,0.0,0.0,0.0,0.0,0.0,0.0,nan,nan,nan
2.7866408824920654,0.0,0.0,0.0,0.0,0.0,0.0,nan,nan,nan
2.840980291366577,0.0,0.0,0.0,0.0,0.0,0.0,nan,nan,nan
2.8434929847717285,0.0,0.0,0.0,0.0,0.0,0.0,nan,nan,nan
2.9300718307495117,0.0,0.0,0.0,0.0,0.0,0.0,nan,nan,nan
2.9395010471343994,0.0,0.0,0.0,0.0,0.0,0.0,nan,nan,nan
2.9436585903167725,0.0,0.0,0.0,0.0,0.0,0.0,nan,nan,nan
2.987001895904541,0.0,0.0,0.0,0.0,0.0,0.0,nan,nan,nan
3.043889284133911,0.0,0.0,0.0,0.0,0.0,0.0,nan,nan,nan
3.053819179534912,0.0,0.0,0.0,0.0,0.0,0.0,nan,nan,nan
3.0892763137817383,0.0,0.0,0.0,0.0,0.0,0.0,nan,nan,nan
3.1436076164245605,0.0,0.0,0.0,0.0,0.0,0.0,nan,nan,nan
3.1458117961883545,0.0,0.0,0.0,0.0,0.0,0.0,nan,nan,nan
3.201913356781006,0.0,0.0,0.0,0.0,0.0,0.0,nan,nan,nan
3.2435951232910156,0.0,0.0,0.0,0.0,0.0,0.0,nan,nan,nan
3.2539732456207275,0.0,0.0,0.0,0.0,0.0,0.0,nan,nan,nan
3.2941417694091797,0.0,0.0,0.0,0.0,0.0,0.0,nan,nan,nan
3.3435773849487305,0.0,0.0,0.0,0.0,0.0,0.0,nan,nan,nan
3.3547136783599854,0.0,0.0,0.0,0.0,0.0,0.0,nan,nan,nan
3.390599489212036,0.0,0.0,0.0,0.0,0.0,0.0,nan,nan,nan
3.4383432865142822,0.0,0.0,0.0,0.0,0.0,0.0,nan,nan,nan
3.4435157775878906,0.0,0.0,0.0,0.0,0.0,0.0,nan,nan,nan
3.5100574493408203,0.0,0.0,0.0,0.0,0.0,0.0,nan,nan,nan
3.5435914993286133,0.0,0.0,0.0,0.0,0.0,0.0,nan,nan,nan
3.555345058441162,0.0,0.0,0.0,0.0,0.0,0.0,nan,nan,nan
3.589993715286255,0.0,0.0,0.0,0.0,0.0,0.0,nan,nan,nan
3.6435647010803223,0.0,0.0,0.0,0.0,0.0,0.0,nan,nan,nan
3.6499412059783936,0.0,0.0,0.0,0.0,0.0,0.0,nan,nan,nan
3.7185139656066895,0.0,0.0,0.0,0.0,0.0,0.0,nan,nan,nan
3.743589401245117,0.0,0.0,0.0,0.0,0.0,0.0,nan,nan,nan
3.7778732776641846,0.0,0.0,0.0,0.0,0.0,0.0,nan,nan,nan
3.7904584407806396,0.0,0.0,0.0,0.0,0.0,0.0,nan,nan,nan
3.8436355590820312,0.0,0.0,0.0,0.0,0.0,0.0,nan,nan,nan
3.8659908771514893,0.0,0.0,0.0,0.0,0.0,0.0,nan,nan,nan
3.938800811767578,0.0,0.0,0.0,0.0,0.0,0.0,nan,nan,nan
3.94008207321167,0.0,0.0,0.0,0.0,0.0,0.0,nan,nan,nan
3.9441792964935303,0.0,0.0,0.0,0.0,0.0,0.0,nan,nan,nan
3.9984638690948486,0.0,0.0,0.0,0.0,0.0,0.0,nan,nan,nan
4.0436131954193115,0.0,0.0,0.0,0.0,0.0,0.0,nan,nan,nan
4.079103946685791,0.0,0.0,0.0,0.0,0.0,0.0,nan,nan,nan
4.084399461746216,0.0,0.0,0.0,0.0,0.0,0.0,nan,nan,nan
4.143760442733765,0.0,0.0,0.0,0.0,0.0,0.0,nan,nan,nan
4.150689601898193,0.0,0.0,0.0,0.0,0.0,0.0,nan,nan,nan
4.237555027008057,0.0,0.0,0.0,0.0,0.0,0.0,nan,nan,nan
4.2393622398376465,0.0,0.0,0.0,0.0,0.0,0.0,nan,nan,nan
4.243569374084473,0.0,0.0,0.0,0.0,0.0,0.0,nan,nan,nan
4.294615030288696,0.0,0.0,0.0,0.0,0.0,0.0,nan,nan,nan
4.3435752391815186,0.0,0.0,0.0,0.0,0.0,0.0,nan,nan,nan
4.383610010147095,0.0,0.0,0.0,0.0,0.0,0.0,nan,nan,nan
4.390229225158691,0.0,0.0,0.0,0.0,0.0,0.0,nan,nan,nan
4.443662643432617,0.0,0.0,0.0,0.0,0.0,0.0,nan,nan,nan
4.461662769317627,0.0,0.0,0.0,0.0,0.0,0.0,nan,nan,nan
4.505954742431641,0.0,0.0,0.0,0.0,0.0,0.0,nan,nan,nan
4.539140939712524,0.0,0.0,0.0,0.0,0.0,0.0,nan,nan,nan
4.543504953384399,0.0,0.0,0.0,0.0,0.0,0.0,nan,nan,nan
4.603331565856934,0.0,0.0,0.0,0.0,0.0,0.0,nan,nan,nan
4.643572807312012,0.0,0.0,0.0,0.0,0.0,0.0,nan,nan,nan
4.669821262359619,0.0,0.0,0.0,0.0,0.0,0.0,nan,nan,nan
4.688395261764526,0.0,0.0,0.0,0.0,0.0,0.0,nan,nan,nan
4.742304086685181,0.0,0.0,0.0,0.0,0.0,0.0,nan,nan,nan
4.744457244873047,0.0,0.0,0.0,0.0,0.0,0.0,nan,nan,nan
4.809679269790649,0.0,0.0,0.0,0.0,0.0,0.0,nan,nan,nan
4.843636989593506,0.0,0.0,0.0,0.0,0.0,0.0,nan,nan,nan
4.885270118713379,0.0,0.0,0.0,0.0,0.0,0.0,nan,nan,nan
4.888947486877441,0.0,0.0,0.0,0.0,0.0,0.0,nan,nan,nan
4.943570137023926,0.0,0.0,0.0,0.0,0.0,0.0,nan,nan,nan
4.953736305236816,0.0,0.0,0.0,0.0,0.0,0.0,nan,nan,nan
5.0223424434661865,0.0,0.0,0.0,0.0,0.0,0.0,nan,nan,nan
5.0393640995025635,0.0,0.0,0.0,0.0,0.0,0.0,nan,nan,nan
5.043472051620483,0.0,0.0,0.0,0.0,0.0,0.0,nan,nan,nan
5.103600025177002,0.0,0.0,0.0,0.0,0.0,0.0,nan,nan,nan
5.135191917419434,0.0,0.0,0.0,0.0,0.0,0.0,nan,nan,nan
5.143511533737183,0.0,0.0,0.0,0.0,0.0,0.0,nan,nan,nan
5.189805030822754,0.0,0.0,0.0,0.0,0.0,0.0,nan,nan,nan
5.243579149246216,0.0,0.0,0.0,0.0,0.0,0.0,nan,nan,nan
5.257863998413086,0.0,0.0,0.0,0.0,0.0,0.0,nan,nan,nan
5.290285348892212,0.0,0.0,0.0,0.0,0.0,0.0,nan,nan,nan
5.3436620235443115,0.0,0.0,0.0,0.0,0.0,0.0,nan,nan,nan
5.345760822296143,0.0,0.0,0.0,0.0,0.0,0.0,nan,nan,nan
5.401907205581665,0.0,0.0,0.0,0.0,0.0,0.0,nan,nan,nan
5.443773984909058,0.0,0.0,0.0,0.0,0.0,0.0,nan,nan,nan
5.449835538864136,0.0,0.0,0.0,0.0,0.0,0.0,nan,nan,nan
5.49102783203125,0.0,0.0,0.0,0.0,0.0,0.0,nan,nan,nan
5.543609142303467,0.0,0.0,0.0,0.0,0.0,0.0,nan,nan,nan
5.550054311752319,0.0,0.0,0.0,0.0,0.0,0.0,nan,nan,nan
5.606989622116089,0.0,0.0,0.0,0.0,0.0,0.0,nan,nan,nan
5.63619327545166,0.0,0.0,0.0,0.0,0.0,0.0,nan,nan,nan
5.64365291595459,0.0,0.0,0.0,0.0,0.0,0.0,nan,nan,nan
5.699023485183716,0.0,0.0,0.0,0.0,0.0,0.0,nan,nan,nan
5.743636131286621,0.0,0.0,0.0,0.0,0.0,0.0,nan,nan,nan
5.753698348999023,0.0,0.0,0.0,0.0,0.0,0.0,nan,nan,nan
5.802570819854736,0.0,0.0,0.0,0.0,0.0,0.0,nan,nan,nan
5.843552589416504,0.0,0.0,0.0,0.0,0.0,0.0,nan,nan,nan
5.844668388366699,0.0,0.0,0.0,0.0,0.0,0.0,nan,nan,nan
5.918392658233643,0.0,0.0,0.0,0.0,0.0,0.0,nan,nan,nan
5.938195705413818,0.0,0.0,0.0,0.0,0.0,0.0,nan,nan,nan
5.943557977676392,0.0,0.0,0.0,0.0,0.0,0.0,nan,nan,nan
5.989819765090942,0.0,0.0,0.0,0.0,0.0,0.0,nan,nan,nan
6.0435707569122314,0.0,0.0,0.0,0.0,0.0,0.0,nan,nan,nan
6.062474012374878,0.0,0.0,0.0,0.0,0.0,0.0,nan,nan,nan
6.1380064487457275,0.0,0.0,0.0,0.0,0.0,0.0,nan,nan,nan
6.143632650375366,0.0,0.0,0.0,0.0,0.0,0.0,nan,nan,nan
6.144311904907227,0.0,0.0,0.0,0.0,0.0,0.0,nan,nan,nan
6.211476564407349,0.0,0.0,0.0,0.0,0.0,0.0,nan,nan,nan
6.2436347007751465,0.0,0.0,0.0,0.0,0.0,0.0,nan,nan,nan
6.256330966949463,0.0,0.0,0.0,0.0,0.0,0.0,nan,nan,nan
6.289077997207642,0.0,0.0,0.0,0.0,0.0,0.0,nan,nan,nan
6.343587875366211,0.0,0.0,0.0,0.0,0.0,0.0,nan,nan,nan
6.3463134765625,0.0,0.0,0.0,0.0,0.0,0.0,nan,nan,nan
6.402377367019653,0.0,0.0,0.0,0.0,0.0,0.0,nan,nan,nan
6.437669277191162,0.0,0.0,0.0,0.0,0.0,0.0,nan,nan,nan
6.443613052368164,0.0,0.0,0.0,0.0,0.0,0.0,nan,nan,nan
6.496938228607178,0.0,0.0,0.0,0.0,0.0,0.0,nan,nan,nan
6.543590784072876,0.0,0.0,0.0,0.0,0.0,0.0,nan,nan,nan
6.5499022006988525,0.0,0.0,0.0,0.0,0.0,0.0,nan,nan,nan
6.633937835693359,0.0,0.0,0.0,0.0,0.0,0.0,nan,nan,nan
6.639277696609497,0.0,0.0,0.0,0.0,0.0,0.0,nan,nan,nan
6.643572568893433,0.0,0.0,0.0,0.0,0.0,0.0,nan,nan,nan
6.705029726028442,0.0,0.0,0.0,0.0,0.0,0.0,nan,nan,nan
6.7435784339904785,0.0,0.0,0.0,0.0,0.0,0.0,nan,nan,nan
6.766460180282593,0.0,0.0,0.0,0.0,0.0,0.0,nan,nan,nan
6.788549423217773,0.0,0.0,0.0,0.0,0.0,0.0,nan,nan,nan
6.843583106994629,0.0,0.0,0.0,0.0,0.0,0.0,nan,nan,nan
6.854252338409424,0.0,0.0,0.0,0.0,0.0,0.0,nan,nan,nan
6.92584490776062,0.0,0.0,0.0,0.0,0.0,0.0,nan,nan,nan
6.937503099441528,0.0,0.0,0.0,0.0,0.0,0.0,nan,nan,nan
6.943516492843628,0.0,0.0,0.0,0.0,0.0,0.0,nan,nan,nan
6.995002031326294,0.0,0.0,0.0,0.0,0.0,0.0,nan,nan,nan
7.043567895889282,0.0,0.0,0.0,0.0,0.0,0.0,nan,nan,nan
7.06593132019043,0.0,0.0,0.0,0.0,0.0,0.0,nan,nan,nan
7.127562522888184,0.0,0.0,0.0,0.0,0.0,0.0,nan,nan,nan
7.144517660140991,0.0,0.0,0.0,0.0,0.0,0.0,nan,nan,nan
7.143340110778809,0.0,0.0,0.0,0.0,0.0,0.0,nan,nan,nan
7.186081647872925,0.0,0.0,0.0,0.0,0.0,0.0,nan,nan,nan
7.243598461151123,0.0,0.0,0.0,0.0,0.0,0.0,nan,nan,nan
7.286085367202759,0.0,0.0,0.0,0.0,0.0,0.0,nan,nan,nan
7.288644313812256,0.0,0.0,0.0,0.0,0.0,0.0,nan,nan,nan
7.34359884262085,0.0,0.0,0.0,0.0,0.0,0.0,nan,nan,nan
7.348881244659424,0.0,0.0,0.0,0.0,0.0,0.0,nan,nan,nan
7.397692441940308,0.0,0.0,0.0,0.0,0.0,0.0,nan,nan,nan
7.437865972518921,0.0,0.0,0.0,0.0,0.0,0.0,nan,nan,nan
7.443531513214111,0.0,0.0,0.0,0.0,0.0,0.0,nan,nan,nan
7.505932092666626,0.0,0.0,0.0,0.0,0.0,0.0,nan,nan,nan
7.543582439422607,0.0,0.0,0.0,0.0,0.0,0.0,nan,nan,nan
7.553741931915283,0.0,0.0,0.0,0.0,0.0,0.0,nan,nan,nan
7.587630271911621,0.0,0.0,0.0,0.0,0.0,0.0,nan,nan,nan
7.643564462661743,0.0,0.0,0.0,0.0,0.0,0.0,nan,nan,nan
7.645874261856079,0.0,0.0,0.0,0.0,0.0,0.0,nan,nan,nan
7.718318462371826,0.0,0.0,0.0,0.0,0.0,0.0,nan,nan,nan
7.736796617507935,0.0,0.0,0.0,0.0,0.0,0.0,nan,nan,nan
7.7435290813446045,0.0,0.0,0.0,0.0,0.0,0.0,nan,nan,nan
7.79417085647583,0.0,0.0,0.0,0.0,0.0,0.0,nan,nan,nan
7.842178821563721,0.0,0.0,0.0,0.0,0.0,0.0,nan,nan,nan
7.843560695648193,0.0,0.0,0.0,0.0,0.0,0.0,nan,nan,nan
7.887384414672852,0.0,0.0,0.0,0.0,0.0,0.0,nan,nan,nan
7.939175128936768,0.0,0.0,0.0,0.0,0.0,0.0,nan,nan,nan
7.943518877029419,0.0,0.0,0.0,0.0,0.0,0.0,nan,nan,nan
8.010232925415039,0.0,0.0,0.0,0.0,0.0,0.0,nan,nan,nan
8.04360580444336,0.0,0.0,0.0,0.0,0.0,0.0,nan,nan,nan
8.05800175666809,0.0,0.0,0.0,0.0,0.0,0.0,nan,nan,nan
8.088642597198486,0.0,0.0,0.0,0.0,0.0,0.0,nan,nan,nan
8.143599271774292,0.0,0.0,0.0,0.0,0.0,0.0,nan,nan,nan
8.152489185333252,0.0,0.0,0.0,0.0,0.0,0.0,nan,nan,nan
8.198057651519775,0.0,0.0,0.0,0.0,0.0,0.0,nan,nan,nan
8.238905668258667,0.0,0.0,0.0,0.0,0.0,0.0,nan,nan,nan
8.243569374084473,0.0,0.0,0.0,0.0,0.0,0.0,nan,nan,nan
8.306929111480713,0.0,0.0,0.0,0.0,0.0,0.0,nan,nan,nan
8.343570232391357,0.0,0.0,0.0,0.0,0.0,0.0,nan,nan,nan
8.37082815170288,0.0,0.0,0.0,0.0,0.0,0.0,nan,nan,nan
8.3875892162323,0.0,0.0,0.0,0.0,0.0,0.0,nan,nan,nan
8.443578243255615,0.0,0.0,0.0,0.0,0.0,0.0,nan,nan,nan
8.463499784469604,0.0,0.0,0.0,0.0,0.0,0.0,nan,nan,nan
8.48879861831665,0.0,0.0,0.0,0.0,0.0,0.0,nan,nan,nan
8.541715383529663,0.0,0.0,0.0,0.0,0.0,0.0,nan,nan,nan
8.543677568435669,0.0,0.0,0.0,0.0,0.0,0.0,nan,nan,nan
8.614100694656372,0.0,0.0,0.0,0.0,0.0,0.0,nan,nan,nan
8.643567323684692,0.0,0.0,0.0,0.0,0.0,0.0,nan,nan,nan
8.658607482910156,0.0,0.0,0.0,0.0,0.0,0.0,nan,nan,nan
8.68808913230896,0.0,0.0,0.0,0.0,0.0,0.0,nan,nan,nan
8.743456840515137,0.0,0.0,0.0,0.0,0.0,0.0,nan,nan,nan
8.745596170425415,0.0,0.0,0.0,0.0,0.0,0.0,nan,nan,nan
8.797703504562378,0.0,0.0,0.0,0.0,0.0,0.0,nan,nan,nan
8.837106943130493,0.0,0.0,0.0,0.0,0.0,0.0,nan,nan,nan
8.84384799003601,0.0,0.0,0.0,0.0,0.0,0.0,nan,nan,nan
8.893868446350098,0.0,0.0,0.0,0.0,0.0,0.0,nan,nan,nan
8.943584203720093,0.0,0.0,0.0,0.0,0.0,0.0,nan,nan,nan
8.974302053451538,0.0,0.0,0.0,0.0,0.0,0.0,nan,nan,nan
8.98623275756836,0.0,0.0,0.0,0.0,0.0,0.0,nan,nan,nan
9.043570756912231,0.0,0.0,0.0,0.0,0.0,0.0,nan,nan,nan
9.046011924743652,0.0,0.0,0.0,0.0,0.0,0.0,nan,nan,nan
9.11797285079956,0.0,0.0,0.0,0.0,0.0,0.0,nan,nan,nan
9.135669708251953,0.0,0.0,0.0,0.0,0.0,0.0,nan,nan,nan
9.143554210662842,0.0,0.0,0.0,0.0,0.0,0.0,nan,nan,nan
9.185931205749512,0.0,0.0,0.0,0.0,0.0,0.0,nan,nan,nan
9.243593692779541,0.0,0.0,0.0,0.0,0.0,0.0,nan,nan,nan
9.258070707321167,0.0,0.0,0.0,0.0,0.0,0.0,nan,nan,nan
9.329994440078735,0.0,0.0,0.0,0.0,0.0,0.0,nan,nan,nan
9.33493685722351,0.0,0.0,0.0,0.0,0.0,0.0,nan,nan,nan
9.343523740768433,0.0,0.0,0.0,0.0,0.0,0.0,nan,nan,nan
9.406250953674316,0.0,0.0,0.0,0.0,0.0,0.0,nan,nan,nan
9.4435875415802,0.0,0.0,0.0,0.0,0.0,0.0,nan,nan,nan
9.47788667678833,0.0,0.0,0.0,0.0,0.0,0.0,nan,nan,nan
9.489202499389648,0.0,0.0,0.0,0.0,0.0,0.0,nan,nan,nan
9.543597221374512,0.0,0.0,0.0,0.0,0.0,0.0,nan,nan,nan
9.55089521408081,0.0,0.0,0.0,0.0,0.0,0.0,nan,nan,nan
9.621972560882568,0.0,0.0,0.0,0.0,0.0,0.0,nan,nan,nan
9.639123916625977,0.0,0.0,0.0,0.0,0.0,0.0,nan,nan,nan
9.643495321273804,0.0,0.0,0.0,0.0,0.0,0.0,nan,nan,nan
9.706238985061646,0.0,0.0,0.0,0.0,0.0,0.0,nan,nan,nan
9.743574619293213,0.0,0.0,0.0,0.0,0.0,0.0,nan,nan,nan
9.777605533599854,0.0,0.0,0.0,0.0,0.0,0.0,nan,nan,nan
9.788215160369873,0.0,0.0,0.0,0.0,0.0,0.0,nan,nan,nan
9.843657493591309,0.0,0.0,0.0,0.0,0.0,0.0,nan,nan,nan
9.855627298355103,0.0,0.0,0.0,0.0,0.0,0.0,nan,nan,nan
9.929831266403198,0.0,0.0,0.0,-1.0,0.0,1.0,nan,nan,nan
9.938396215438843,0.0,0.0,0.0,-1.0,0.0,1.0,nan,nan,nan
9.94352912902832,0.0,0.0,0.0,-1.0,0.0,1.0,nan,nan,nan
9.990325689315796,0.0,0.0,0.0,-1.0,0.0,1.0,nan,nan,nan
10.04357123374939,0.0,0.0,0.0,-1.0,0.0,1.0,nan,nan,nan
10.085856437683105,0.0,0.0,0.0,-1.0,0.0,1.0,nan,nan,nan
10.087855815887451,0.0,0.0,0.0,-1.0,0.0,1.0,nan,nan,nan
10.1436185836792,0.0,0.0,0.0,-1.0,0.0,1.0,nan,nan,nan
10.151586771011353,0.0,0.0,0.0,-1.0,0.0,1.0,nan,nan,nan
10.194259881973267,0.0046500756935348095,-0.3478130941042579,0.0,-1.0,0.0,1.0,nan,nan,nan
10.243627548217773,0.0046500756935348095,-0.3478130941042579,0.0,-1.0,0.0,1.0,nan,nan,nan
10.248229742050171,0.0053205123165604405,-0.5782568854362276,0.0,-1.0,0.0,1.0,nan,nan,nan
10.289781332015991,0.004619962060579514,-0.8559263161728201,0.0,-1.0,0.0,1.0,nan,nan,nan
10.343607902526855,0.004619962060579514,-0.8559263161728201,0.0,-1.0,0.0,1.0,nan,nan,nan
10.348018646240234,0.0036360923208690315,-0.9097177153189043,0.0,-1.0,0.0,1.0,nan,nan,nan
10.40705394744873,0.004282559716853346,-0.9232128861052259,0.0,-1.0,0.0,1.0,nan,nan,nan
10.443660736083984,0.004282559716853346,-0.9232128861052259,0.0,-1.0,0.0,1.0,nan,nan,nan
10.446696758270264,0.005472444001873135,-1.0812362894265395,0.0,-1.0,0.0,1.0,nan,nan,nan
10.505214214324951,0.005561907871658321,-1.009168612925893,0.0,-1.0,0.0,1.0,nan,nan,nan
10.543614149093628,0.005561907871658321,-1.009168612925893,0.0,-1.0,0.0,1.0,nan,nan,nan
10.547350883483887,0.006399440344791729,-1.0694928808695314,0.0,-1.0,0.0,1.0,nan,nan,nan
10.595020771026611,0.005847198234969622,-1.048573983671748,0.0,-1.0,0.0,1.0,nan,nan,nan
10.64368486404419,0.005847198234969622,-1.048573983671748,0.0,-1.0,0.0,1.0,nan,nan,nan
10.646717309951782,0.005343828732517365,-1.0037866745799997,0.0,-1.0,0.0,1.0,nan,nan,nan
10.694085121154785,0.004860453278104993,-1.0004054684708805,0.0,-1.0,0.0,1.0,nan,nan,nan
10.743569374084473,0.004860453278104993,-1.0004054684708805,0.0,-1.0,0.0,1.0,nan,nan,nan
10.745959043502808,0.004296545286224373,-0.9674660242580115,0.0,-1.0,0.0,1.0,nan,nan,nan
10.805747747421265,0.0034767185440681037,-0.9043166571420811,0.0,-1.0,0.0,1.0,nan,nan,nan
10.843584060668945,0.0034767185440681037,-0.9043166571420811,0.0,-1.0,0.0,1.0,nan,nan,nan
10.84666895866394,0.003078980666498072,-0.9915469269179935,0.0,-1.0,0.0,1.0,nan,nan,nan
10.89139437675476,0.0025709135956705218,-1.0149548407828004,0.0,-1.0,0.0,1.0,nan,nan,nan
10.943595886230469,0.0025709135956705218,-1.0149548407828004,0.0,-1.0,0.0,1.0,nan,nan,nan
10.95041298866272,0.0019550646037684435,-0.9412208674221585,0.0,-1.0,0.0,1.0,nan,nan,nan
10.99377179145813,0.0016727851681368382,-0.9964701104052321,0.0,-1.0,0.0,1.0,nan,nan,nan
11.043568134307861,0.0016727851681368382,-0.9964701104052321,0.0,-1.0,0.0,1.0,nan,nan,nan
11.046732664108276,0.001365787897068304,-0.9639674481914566,0.0,-1.0,0.0,1.0,nan,nan,nan
11.094070196151733,0.0012276441969204252,-0.9816139804960418,0.0,-1.0,0.0,1.0,nan,nan,nan
11.143606185913086,0.0012276441969204252,-0.9816139804960418,0.0,-1.0,0.0,1.0,nan,nan,nan
11.14925217628479,0.001040940222512488,-0.9438287131685699,0.0,-1.0,0.0,1.0,nan,nan,nan
11.210147380828857,0.000896786914038951,-0.8915156163767859,0.0,-1.0,0.0,1.0,nan,nan,nan
11.243579387664795,0.000896786914038951,-0.8915156163767859,0.0,-1.0,0.0,1.0,nan,nan,nan
11.245665550231934,0.0011868907371471336,-1.057761213712813,0.0,-1.0,0.0,1.0,nan,nan,nan
11.291594505310059,0.0011217847518894455,-1.058066123959218,0.0,-1.0,0.0,1.0,nan,nan,nan
11.343581676483154,0.0011217847518894455,-1.058066123959218,0.0,-1.0,0.0,1.0,nan,nan,nan
11.349294424057007,0.0011125682566532928,-0.9831125002424971,0.0,-1.0,0.0,1.0,nan,nan,nan
11.392643451690674,0.0011716474773614221,-1.032717314777981,0.0,-1.0,0.0,1.0,nan,nan,nan
11.443585872650146,0.0011716474773614221,-1.032717314777981,0.0,-1.0,0.0,1.0,nan,nan,nan
11.446602582931519,0.0010845920540838482,-0.9885103385924416,0.0,-1.0,0.0,1.0,nan,nan,nan
11.494080305099487,0.0009873835651067378,-1.003719695693992,0.0,-1.0,0.0,1.0,nan,nan,nan
11.543578624725342,0.0009873835651067378,-1.003719695693992,0.0,-1.0,0.0,1.0,nan,nan,nan
11.548572778701782,0.000629497023617468,-0.9682484372631736,0.0,-1.0,0.0,1.0,nan,nan,nan
11.607185363769531,0.0006264858826265865,-0.9230483192518377,0.0,-1.0,0.0,1.0,nan,nan,nan
11.643585920333862,0.0006264858826265865,-0.9230483192518377,0.0,-1.0,0.0,1.0,nan,nan,nan
11.645628929138184,0.0008082919375614159,-1.0487942979624276,0.0,-1.0,0.0,1.0,nan,nan,nan
11.692193508148193,0.0005685802553297101,-1.052038804065039,0.0,-1.0,0.0,1.0,nan,nan,nan
11.74361252784729,0.0005685802553297101,-1.052038804065039,0.0,-1.0,0.0,1.0,nan,nan,nan
11.746312856674194,0.0004686740593421221,-1.0034127037857468,0.0,-1.0,0.0,1.0,nan,nan,nan
11.79365849494934,0.0002763194824929725,-1.0179537007263892,0.0,-1.0,0.0,1.0,nan,nan,nan
11.843586206436157,0.0002763194824929725,-1.0179537007263892,0.0,-1.0,0.0,1.0,nan,nan,nan
11.848952293395996,0.00024022769984649052,-0.9755301430325607,0.0,-1.0,0.0,1.0,nan,nan,nan
11.906471252441406,0.0001328380413213877,-0.9354341471365566,0.0,-1.0,0.0,1.0,nan,nan,nan
11.943603277206421,0.0001328380413213877,-0.9354341471365566,0.0,-1.0,0.0,1.0,nan,nan,nan
11.945829153060913,0.00018854262151656216,-1.048845781262226,0.0,-1.0,0.0,1.0,nan,nan,nan
12.00623893737793,0.0003444976818370337,-0.9690575316489196,0.0,-1.0,0.0,1.0,nan,nan,nan
12.043564558029175,0.0003444976818370337,-0.9690575316489196,0.0,-1.0,0.0,1.0,nan,nan,nan
12.046008825302124,0.0006790498775495986,-1.0669351485487506,0.0,-1.0,0.0,1.0,nan,nan,nan
12.091578960418701,0.0005590704491464658,-1.0748906146897177,0.0,-1.0,0.0,1.0,nan,nan,nan
12.143515348434448,0.0005590704491464658,-1.0748906146897177,0.0,-1.0,0.0,1.0,nan,nan,nan
12.150596618652344,0.0005451400203430857,-0.993558910123881,0.0,-1.0,0.0,1.0,nan,nan,nan
12.196022272109985,0.0005461923324761641,-1.0282984120992782,0.0,-1.0,0.0,1.0,nan,nan,nan
12.243600845336914,0.0005461923324761641,-1.0282984120992782,0.0,-1.0,0.0,1.0,nan,nan,nan
12.247138977050781,0.0005386314100599263,-1.0087215337940667,0.0,-1.0,0.0,1.0,nan,nan,nan
12.294061422348022,0.0005644158748556236,-1.0258102410554062,0.0,-1.0,0.0,1.0,nan,nan,nan
12.343571662902832,0.0005644158748556236,-1.0258102410554062,0.0,-1.0,0.0,1.0,nan,nan,nan
12.346105813980103,0.0006373707615091901,-1.0011989303799127,0.0,-1.0,0.0,1.0,nan,nan,nan
12.405874729156494,0.0004142909949809736,-0.9418406999720053,0.0,-1.0,0.0,1.0,nan,nan,nan
12.443572044372559,0.0004142909949809736,-0.9418406999720053,0.0,-1.0,0.0,1.0,nan,nan,nan
12.445860147476196,0.00016869511474444171,-1.0488583821922899,0.0,-1.0,0.0,1.0,nan,nan,nan
12.49155306816101,0.00010965182458388712,-1.0638764499534268,0.0,-1.0,0.0,1.0,nan,nan,nan
12.54357647895813,0.00010965182458388712,-1.0638764499534268,0.0,-1.0,0.0,1.0,nan,nan,nan
12.545766353607178,0.00013310192672583135,-1.0142940232858129,0.0,-1.0,0.0,1.0,nan,nan,nan
12.593816995620728,0.00011441941419390022,-1.0227995557733816,0.0,-1.0,0.0,1.0,nan,nan,nan
12.643619298934937,0.00011441941419390022,-1.0227995557733816,0.0,-1.0,0.0,1.0,nan,nan,nan
12.646446943283081,7.437261922603515e-05,-0.9972089669259768,0.0,-1.0,0.0,1.0,nan,nan,nan
12.710079193115234,9.04832508003588e-05,-0.9228401108195049,0.0,-1.0,0.0,1.0,nan,nan,nan
12.743578433990479,9.04832508003588e-05,-0.9228401108195049,0.0,-1.0,0.0,1.0,nan,nan,nan
12.746002197265625,5.8814113020233224e-05,-1.0865418121453998,0.0,-1.0,0.0,1.0,nan,nan,nan
12.805986881256104,9.588154447103252e-05,-0.9970489179484631,0.0,-1.0,0.0,1.0,nan,nan,nan
12.84362244606018,9.588154447103252e-05,-0.9970489179484631,0.0,-1.0,0.0,1.0,nan,nan,nan
12.845660209655762,0.00034958151508404195,-1.0877985382621582,0.0,-1.0,0.0,1.0,nan,nan,nan
12.892211198806763,0.00018402487994527273,-1.0817479767631761,0.0,-1.0,0.0,1.0,nan,nan,nan
12.943577289581299,0.00018402487994527273,-1.0817479767631761,0.0,0.0,0.0,0.0,nan,nan,nan
12.945872068405151,0.0002551722463138759,-1.0281402082797344,0.0,0.0,0.0,0.0,nan,nan,nan
13.024548292160034,0.003386715033379988,-0.6891670349308383,0.0,0.0,0.0,0.0,nan,nan,nan
13.035674810409546,0.012624764813218297,-0.33242753467257613,0.0,0.0,0.0,0.0,nan,nan,nan
13.043493747711182,0.012624764813218297,-0.33242753467257613,0.0,0.0,0.0,0.0,nan,nan,nan
13.094068765640259,0.009273768688623868,-0.17581060724887176,0.0125,0.06,0.0125,0.06,0.1880021077562493,0.06,0.5499999999999999
13.143578052520752,0.009273768688623868,-0.17581060724887176,0.025,0.12,0.025,0.12,0.3347131833733097,0.0615,0.5499999999999999
13.17012882232666,0.006944590712545695,-0.07562813442558694,0.037500000000000006,0.18,0.037500000000000006,0.18,0.4491478223546168,0.063,0.5499999999999999
13.185548305511475,0.008644234625298786,0.07594483136357487,0.037500000000000006,0.18,0.037500000000000006,0.18,0.4491478223546168,0.063,0.5499999999999999
13.242249011993408,0.006623722456443721,0.06777873682307939,0.05,0.24,0.05,0.24,0.5386949764945856,0.0645,0.5499999999999999
13.243614435195923,0.006623722456443721,0.06777873682307939,0.05,0.24,0.05,0.24,0.5386949764945856,0.0645,0.5499999999999999
13.318082332611084,0.005171760095342609,0.04763646364882759,0.075,0.36,0.075,0.36,0.6717032554114021,0.06655143410293614,0.5499999999999999
13.335452318191528,0.003361644061972696,0.030963701371737935,0.075,0.36,0.075,0.36,0.6717032554114021,0.06655143410293614,0.5499999999999999
13.34353756904602,0.003361644061972696,0.030963701371737935,0.075,0.36,0.075,0.36,0.6717032554114021,0.06655143410293614,0.5499999999999999
13.391709804534912,0.0021850686402822526,0.02012640589162966,0.0875,0.42,0.0875,0.42,0.7162131729610177,0.06716962740223636,0.49999999999999994
13.443559646606445,0.0021850686402822526,0.02012640589162966,0.09999999999999999,0.4795978177378357,0.09999999999999999,0.4795978177378357,0.7505822342642243,0.067646975475892,0.49999999999999994
13.465938806533813,0.0014202946161834642,0.013082163829559278,0.11249999999999999,0.4795978177378357,0.11249999999999999,0.4795978177378357,0.7796725885790896,0.06805100817470958,0.49999999999999994
13.537593126296997,0.0009231915005192518,0.00850340648921353,0.12499999999999999,0.4795978177378357,0.12499999999999999,0.4795978177378357,0.800838724450193,0.06834498228403046,0.49999999999999994
13.539976358413696,0.0006000744753375136,0.005527214217988795,0.12499999999999999,0.4795978177378357,0.12499999999999999,0.4795978177378357,0.800838724450193,0.06834498228403046,0.49999999999999994
13.543503522872925,0.0006000744753375136,0.005527214217988795,0.12499999999999999,0.4795978177378357,0.12499999999999999,0.4795978177378357,0.800838724450193,0.06834498228403046,0.49999999999999994
13.593342781066895,0.00020162025661229178,-0.0002700878816276689,0.13749999999999998,0.4795978177378357,0.13749999999999998,0.4795978177378357,0.8147673702061503,0.06853843569730764,0.49999999999999994
13.639913558959961,0.00011366039875059062,-0.005753586926003564,0.15,0.4833218617210375,0.15,0.4833218617210375,0.8238632488754962,0.06866476734549301,0.49999999999999994
13.643523931503296,0.00011366039875059062,-0.005753586926003564,0.15,0.4833218617210375,0.15,0.4833218617210375,0.8238632488754962,0.06866476734549301,0.49999999999999994
13.686651945114136,0.04613019685707474,0.13528254729520706,0.1625,0.4881419822322316,0.1625,0.4881419822322316,0.8309451761675002,0.06876312744677084,0.49999999999999994
13.737842559814453,0.0841226945344128,0.25333369949405643,0.17500000000000002,0.4281419822322316,0.17500000000000002,0.4281419822322316,0.8427877892672588,0.06892760818426749,0.49999999999999994
13.743542432785034,0.0841226945344128,0.25333369949405643,0.17500000000000002,0.4281419822322316,0.17500000000000002,0.4281419822322316,0.8427877892672588,0.06892760818426749,0.49999999999999994
13.789235353469849,0.1257972110693678,0.3070453110860531,0.18750000000000003,0.3681419822322316,0.18750000000000003,0.3681419822322316,0.8473769003943753,0.06899134583881077,0.44999999999999996
13.835536003112793,0.16691859211067217,0.35200606124330924,0.20000000000000004,0.3081419822322316,0.20000000000000004,0.3081419822322316,0.854251536499359,0.06908682689582443,0.44999999999999996
13.843552350997925,0.16691859211067217,0.35200606124330924,0.20000000000000004,0.3081419822322316,0.20000000000000004,0.3081419822322316,0.854251536499359,0.06908682689582443,0.44999999999999996
13.887168169021606,0.18800995942748555,0.3243648079872558,0.21250000000000005,0.2481419822322316,0.21250000000000005,0.2481419822322316,0.8609294419700743,0.06917957558291771,0.44999999999999996
13.938234567642212,0.20386053054461872,0.2902594795882366,0.22500000000000006,0.1881419822322316,0.22500000000000006,0.1881419822322316,0.8623304871297177,0.07067957558291771,0.39999999999999997
13.943543672561646,0.20386053054461872,0.2902594795882366,0.22500000000000006,0.1881419822322316,0.22500000000000006,0.1881419822322316,0.8623304871297177,0.07067957558291771,0.39999999999999997
13.989523649215698,0.21501138365226374,0.23114832366111648,0.23750000000000007,0.1281419822322316,0.23750000000000007,0.1281419822322316,0.8637693919053534,0.07217957558291771,0.39999999999999997
14.035862445831299,0.23204226269261558,0.1821099331041831,0.25000000000000006,0.06814198223223161,0.25000000000000006,0.06814198223223161,0.8450265583706471,0.0719449362661231,0.44999999999999996
14.045871019363403,0.23204226269261558,0.1821099331041831,0.25000000000000006,0.06814198223223161,0.25000000000000006,0.06814198223223161,0.8450265583706471,0.0719449362661231,0.44999999999999996
14.08757472038269,0.23596008868496493,0.11736676976730875,0.26250000000000007,0.008141982232231615,0.26250000000000007,0.008141982232231615,0.7612037060232573,0.0709449362661231,0.39999999999999997
14.139003038406372,0.24097112547710248,0.06429594463367252,0.2750000000000001,-0.05185801776776838,0.2750000000000001,0.05185801776776838,0.6744416039748877,0.0699449362661231,0.44999999999999996
14.143496751785278,0.24097112547710248,0.06429594463367252,0.2750000000000001,-0.05185801776776838,0.2750000000000001,0.05185801776776838,0.6744416039748877,0.0699449362661231,0.44999999999999996
14.190041780471802,0.24890302968419822,0.003997047413731296,0.2875000000000001,-0.11185801776776838,0.2875000000000001,0.11185801776776838,0.670173994535533,0.0689449362661231,0.39999999999999997
14.23634147644043,0.2658923957662146,-0.04938223643178866,0.3000000000000001,-0.17185801776776838,0.3000000000000001,0.17185801776776838,0.6619114471319621,0.06855391568762893,0.39999999999999997
14.243531227111816,0.2658923957662146,-0.04938223643178866,0.3000000000000001,-0.17185801776776838,0.3000000000000001,0.17185801776776838,0.6619114471319621,0.06855391568762893,0.39999999999999997
14.287667989730835,0.27161140715437315,-0.10396733876060457,0.30763673962812216,-0.23185801776776838,0.30763673962812216,0.23185801776776838,0.6553740589203666,0.06843285294296975,0.39999999999999997
14.339159965515137,0.27766725230702904,-0.14904618156773092,0.3109245422827861,-0.27126483408082447,0.3109245422827861,0.27126483408082447,0.6518623349453059,0.06993285294296975,0.39999999999999997
14.34352707862854,0.27766725230702904,-0.14904618156773092,0.3109245422827861,-0.27126483408082447,0.3109245422827861,0.27126483408082447,0.6518623349453059,0.06993285294296975,0.39999999999999997
14.385375022888184,0.29462918093149343,-0.20795752634679382,0.31273940303830866,-0.23120007254553582,0.31273940303830866,0.23120007254553582,0.6400900962470633,0.07018727074645979,0.39999999999999997
14.437340497970581,0.29459714135453857,-0.2422145797969077,0.31504156478633216,-0.2912000725455358,0.31504156478633216,0.2912000725455358,0.6340698341068483,0.07004791282654742,0.39999999999999997
14.443526983261108,0.29459714135453857,-0.2422145797969077,0.31504156478633216,-0.2912000725455358,0.31504156478633216,0.2912000725455358,0.6340698341068483,0.07004791282654742,0.39999999999999997
14.488407373428345,0.2967841343030838,-0.2661683208077063,0.3253215926385731,-0.3512000725455358,0.3253215926385731,0.3512000725455358,0.6541773817006415,0.07051336531714449,0.35
14.539546489715576,0.29838466165588584,-0.2818796126078465,0.3275172492946741,-0.4112000725455358,0.3275172492946741,0.4112000725455358,0.6724678047969144,0.06951336531714448,0.39999999999999997
14.543499231338501,0.29838466165588584,-0.2818796126078465,0.3275172492946741,-0.4112000725455358,0.3275172492946741,0.4112000725455358,0.6724678047969144,0.06951336531714448,0.39999999999999997
14.586321353912354,0.3098681225471642,-0.32539626319395254,0.3368218991829747,-0.4712000725455358,0.3368218991829747,0.4712000725455358,0.6989880853103867,0.06851336531714448,0.39999999999999997
14.637525796890259,0.30963498779162724,-0.3520530951311917,0.33946711168673,-0.4932978290723793,0.33946711168673,0.4932978290723793,0.7272075358669381,0.06976310251605441,0.39999999999999997
14.643543481826782,0.30963498779162724,-0.3520530951311917,0.33946711168673,-0.4932978290723793,0.33946711168673,0.4932978290723793,0.7272075358669381,0.06976310251605441,0.39999999999999997
14.688704252243042,0.30832020226102497,-0.37950482089068444,0.3426962221668233,-0.4332978290723793,0.3426962221668233,0.4332978290723793,0.7398722808751312,0.07126310251605442,0.39999999999999997
14.74005651473999,0.30749488431275207,-0.4021255929814859,0.35519622216682334,-0.4746075471977961,0.35519622216682334,0.4746075471977961,0.756737437766815,0.07276310251605442,0.39999999999999997
14.743492841720581,0.30749488431275207,-0.4021255929814859,0.35519622216682334,-0.4746075471977961,0.35519622216682334,0.4746075471977961,0.756737437766815,0.07276310251605442,0.39999999999999997
14.786560297012329,0.32136680466515516,-0.4255038534585339,0.35853258189003956,-0.4146075471977961,0.35853258189003956,0.4146075471977961,0.7779204664646867,0.07176310251605442,0.39999999999999997
14.837929487228394,0.32080763996672357,-0.4210441245548924,0.35413431703308507,-0.3546075471977961,0.35413431703308507,0.3546075471977961,0.7927519433056567,0.07326310251605442,0.3
14.843528985977173,0.32080763996672357,-0.4210441245548924,0.35413431703308507,-0.3546075471977961,0.35413431703308507,0.3546075471977961,0.7927519433056567,0.07326310251605442,0.3
14.888976812362671,0.3267968650786556,-0.4005392789296735,0.3666343170330851,-0.34740772326905467,0.3666343170330851,0.34740772326905467,0.789026583186296,0.07476310251605442,0.3
14.935394763946533,0.3456193838117928,-0.3895730965180675,0.36361373311738027,-0.28740772326905467,0.36361373311738027,0.28740772326905467,0.7827396129983135,0.07618721147217539,0.25
14.943541765213013,0.3456193838117928,-0.3895730965180675,0.36361373311738027,-0.28740772326905467,0.36361373311738027,0.28740772326905467,0.7827396129983135,0.07618721147217539,0.25
14.987277269363403,0.34640873710044556,-0.35042197631175864,0.36937651206965966,-0.22740772326905467,0.36937651206965966,0.22740772326905467,0.8116510443306985,0.07699030678696385,0.3
15.03804063796997,0.35080782210593253,-0.3176412998487357,0.36569627696894785,-0.16740772326905468,0.36569627696894785,0.16740772326905468,0.8251341009034745,0.07599030678696385,0.35
15.043535470962524,0.35080782210593253,-0.3176412998487357,0.36569627696894785,-0.16740772326905468,0.36569627696894785,0.16740772326905468,0.8251341009034745,0.07599030678696385,0.35
15.089596509933472,0.3517748967704716,-0.2667683847790021,0.3331962769689478,-0.22740772326905467,0.3331962769689478,0.22740772326905467,0.8259611304810789,0.07499030678696385,0.35
15.13576889038086,0.3664837053579354,-0.22577718169953503,0.30069627696894785,-0.20684329207861563,0.30069627696894785,0.20684329207861563,0.8241702085856708,0.07399030678696385,0.35
15.14358901977539,0.3664837053579354,-0.22577718169953503,0.30069627696894785,-0.20684329207861563,0.30069627696894785,0.20684329207861563,0.8241702085856708,0.07399030678696385,0.35
15.187158346176147,0.34538019707874046,-0.20392547468075756,0.27320400671569495,-0.16777402028836996,0.27320400671569495,0.16777402028836996,0.8175672874024311,0.07299030678696385,0.35
15.23886227607727,0.32439856003532197,-0.19151350036215556,0.26592893329258505,-0.1345580849912067,0.26592893329258505,0.1345580849912067,0.8206595924466461,0.07199030678696385,0.35
15.243526697158813,0.32439856003532197,-0.19151350036215556,0.26592893329258505,-0.1345580849912067,0.26592893329258505,0.1345580849912067,0.8206595924466461,0.07199030678696385,0.35
15.290403842926025,0.29992850985579034,-0.17208806433413967,0.2638642045021495,-0.0886181668625281,0.2638642045021495,0.0886181668625281,0.8138230189565541,0.07349030678696385,0.35
15.336283922195435,0.2904989324247697,-0.15945460285370755,0.2584466373032036,-0.058740300379290455,0.2584466373032036,0.058740300379290455,0.8091858136211574,0.07410152346345272,0.35
15.343529224395752,0.2904989324247697,-0.15945460285370755,0.2584466373032036,-0.058740300379290455,0.2584466373032036,0.058740300379290455,0.8091858136211574,0.07410152346345272,0.35
15.387676239013672,0.2722693942243942,-0.1269623739973322,0.256724667739067,-0.020147439892416852,0.256724667739067,0.020147439892416852,0.8065454483997629,0.07310152346345272,0.35
15.438925743103027,0.2606788842103095,-0.09982484710795331,0.25565283334409944,0.0038343994469256515,0.25565283334409944,0.0038343994469256515,0.8059317336906752,0.07210152346345272,0.35
15.443495512008667,0.2606788842103095,-0.09982484710795331,0.25565283334409944,0.0038343994469256515,0.25565283334409944,0.0038343994469256515,0.8059317336906752,0.07210152346345272,0.35
15.485392570495605,0.26246733285646845,-0.06611245566672364,0.25313876666557106,-0.009327780055382262,0.25313876666557106,0.009327780055382262,0.8051044911602946,0.07360152346345272,0.35
15.536823511123657,0.2555242726567749,-0.03876943336191638,0.253081293202949,-0.008030978939916,0.253081293202949,0.008030978939916,0.8042372467781538,0.07260152346345272,0.44999999999999996
15.54353928565979,0.2555242726567749,-0.03876943336191638,0.253081293202949,-0.008030978939916,0.253081293202949,0.008030978939916,0.8042372467781538,0.07260152346345272,0.44999999999999996
15.588297843933105,0.2516559946989118,-0.026372257951985476,0.2533149934582575,-0.01071093870811668,0.2533149934582575,0.01071093870811668,0.8037408297628528,0.07160152346345272,0.44999999999999996
15.639786720275879,0.24967730222015694,-0.01951810789017576,0.2532584380579052,-0.009435151248617824,0.2532584380579052,0.009435151248617824,0.8033909510551505,0.0711739065010213,0.44999999999999996
15.643550157546997,0.24967730222015694,-0.01951810789017576,0.2532584380579052,-0.009435151248617824,0.2532584380579052,0.009435151248617824,0.8033909510551505,0.0711739065010213,0.44999999999999996
15.68606448173523,0.258839835936903,-0.020255736446770423,0.2533929980898083,-0.012470728889728555,0.2533929980898083,0.012470728889728555,0.8030292360420865,0.07116720807485345,0.44999999999999996
15.737215518951416,0.25610811483477425,-0.020898733265388023,0.25290782767014475,-0.00846941960655112,0.25290782767014475,0.00846941960655112,0.8028681478919636,0.0711642249609623,0.44999999999999996
15.743512868881226,0.25610811483477425,-0.020898733265388023,0.25290782767014475,-0.00846941960655112,0.25290782767014475,0.00846941960655112,0.8028681478919636,0.0711642249609623,0.44999999999999996
15.788449764251709,0.2543729851750442,-0.022743434939368642,0.25264780502548756,-0.0026003594168886313,0.25264780502548756,0.0026003594168886313,0.7992727050273107,0.07109764268569094,0.44999999999999996
15.840100765228271,0.25278249523241536,-0.02370634948692741,0.25303685369266316,-0.01138241648111149,0.25303685369266316,0.01138241648111149,0.7994293230870634,0.07009764268569094,0.44999999999999996
15.843487739562988,0.25278249523241536,-0.02370634948692741,0.25303685369266316,-0.01138241648111149,0.25303685369266316,0.01138241648111149,0.7994293230870634,0.07009764268569094,0.44999999999999996
15.886513471603394,0.261213026779093,-0.026928170673765208,0.25224086146854935,-0.009431154656758034,0.25224086146854935,0.009431154656758034,0.8000413743447536,0.06909764268569094,0.44999999999999996
15.937679290771484,0.2576646116125506,-0.02841085381130532,0.25199399784254534,-0.00384805085229456,0.25199399784254534,0.00384805085229456,0.7421118330415072,0.06809764268569093,0.44999999999999996
15.943490743637085,0.2576646116125506,-0.02841085381130532,0.25199399784254534,-0.00384805085229456,0.25199399784254534,0.00384805085229456,0.7421118330415072,0.06809764268569093,0.44999999999999996
15.989022731781006,0.25470160099346656,-0.026366435229505915,0.25113000789112433,0.00029654334396278514,0.25113000789112433,0.00029654334396278514,0.6935709021998244,0.06959764268569094,0.44999999999999996
16.035541772842407,0.2617921990544836,-0.025424464882560078,0.25144837773613077,-0.006915731954016291,0.25144837773613077,0.006915731954016291,0.6523761047608025,0.06859764268569093,0.6
16.043498754501343,0.2617921990544836,-0.025424464882560078,0.25144837773613077,-0.006915731954016291,0.25144837773613077,0.006915731954016291,0.6523761047608025,0.06859764268569093,0.6
16.086639404296875,0.257397400520812,-0.023184118311611757,0.2513534041480062,-0.0047639186049524,0.2513534041480062,0.0047639186049524,0.6176636232146019,0.06759764268569093,0.6
16.138400316238403,0.2535265703236823,-0.021642572642740818,0.25086844115014373,-0.004584507998884657,0.25086844115014373,0.004584507998884657,0.588266307424844,0.06659764268569093,0.6
16.143553972244263,0.2535265703236823,-0.021642572642740818,0.25086844115014373,-0.004584507998884657,0.25086844115014373,0.004584507998884657,0.588266307424844,0.06659764268569093,0.6
16.189289093017578,0.25230371751762315,-0.020226275466672092,0.2507867587640047,-0.0027316606361018625,0.2507867587640047,0.0027316606361018625,0.563057380663159,0.06559764268569093,0.6
16.235740900039673,0.25989661744118275,-0.02025473240464664,0.25043457970975375,-0.0021239564590880278,0.25043457970975375,0.0021239564590880278,0.5412671761113083,0.06459764268569093,0.6
16.24355697631836,0.25989661744118275,-0.02025473240464664,0.25043457970975375,-0.0021239564590880278,0.25043457970975375,0.0021239564590880278,0.5412671761113083,0.06459764268569093,0.6
16.287014722824097,0.25513334255688536,-0.01790510225629991,0.2503435109090367,-5.666312362562209e-05,0.2503435109090367,5.666312362562209e-05,0.5220669447691235,0.06359764268569093,0.6
16.33867383003235,0.2513683588404663,-0.01588829783868654,0.2500604397857105,-5.829633832710179e-05,0.2500604397857105,5.829633832710179e-05,0.5054278958731521,0.06259764268569093,0.6
16.343553066253662,0.2513683588404663,-0.01588829783868654,0.2500604397857105,-5.829633832710179e-05,0.2500604397857105,5.829633832710179e-05,0.5054278958731521,0.06259764268569093,0.6
16.391037702560425,0.24762912120002792,-0.013656013483895259,0.25003190970618216,0.0005897953932830768,0.25003190970618216,0.0005897953932830768,0.49164222450305206,0.06270039096762085,0.6
16.436749935150146,0.2576910778530176,-0.01232274821755723,0.25002953712395976,0.000643690107373529,0.25002953712395976,0.000643690107373529,0.4797578573638819,0.06259035053114705,0.6
16.44352412223816,0.2576910778530176,-0.01232274821755723,0.25002953712395976,0.000643690107373529,0.25002953712395976,0.000643690107373529,0.4797578573638819,0.06259035053114705,0.6
16.487489700317383,0.2541578243504787,-0.010487068236880746,0.2498446235860202,-0.00017116984455733952,0.2498446235860202,0.00017116984455733952,0.46864535431231086,0.062487456984373246,0.6
16.53883981704712,0.2510400629908621,-0.009199155507167442,0.24986781885598966,-0.0006984127729608991,0.24986781885598966,0.0006984127729608991,0.4591003728000171,0.062399077525926085,0.6
16.543493509292603,0.2510400629908621,-0.009199155507167442,0.24986781885598966,-0.0006984127729608991,0.24986781885598966,0.0006984127729608991,0.4591003728000171,0.062399077525926085,0.6
16.590285778045654,0.2485799539676018,-0.008324996448019758,0.24983059083050874,-0.0014330432579007235,0.24983059083050874,0.0014330432579007235,0.45079590627508137,0.061399077525926084,0.65
16.63660168647766,0.25668646862708056,-0.007980405504680302,0.24985112857844807,-0.0018999998076955071,0.24985112857844807,0.0018999998076955071,0.4434774240282587,0.06112721029642712,0.65
16.64362621307373,0.25668646862708056,-0.007980405504680302,0.24985112857844807,-0.0018999998076955071,0.24985112857844807,0.0018999998076955071,0.4434774240282587,0.06112721029642712,0.65
16.687984466552734,0.2526813022638363,-0.008024949205072275,0.24987013987306175,-0.0023322611151965766,0.24987013987306175,0.0023322611151965766,0.4369405092476109,0.06109694680207227,0.65
16.739455461502075,0.2500480534803343,-0.008211845036125355,0.2497589608620493,-0.0026692154896600373,0.2497589608620493,0.0026692154896600373,0.4308337235082583,0.06106867464587156,0.65
16.743571996688843,0.2500480534803343,-0.008211845036125355,0.2497589608620493,-0.0026692154896600373,0.2497589608620493,0.0026692154896600373,0.4308337235082583,0.06106867464587156,0.65
16.785856008529663,0.25742390343123495,-0.008082767337901892,0.24974706125990462,-0.0023985541890665374,0.24974706125990462,0.0023985541890665374,0.42502099552421835,0.061041763868167676,0.65
16.837650775909424,0.2522966808455082,-0.007486475429746345,0.2497499142471289,-0.0024634461693363585,0.2497499142471289,0.0024634461693363585,0.4191781627738429,0.061014713716545564,0.65
16.84355664253235,0.2522966808455082,-0.007486475429746345,0.2497499142471289,-0.0024634461693363585,0.2497499142471289,0.0024634461693363585,0.4191781627738429,0.061014713716545564,0.65
16.8887722492218,0.2500830946669803,-0.007062723458834659,0.2496283574017372,-0.0031162523722646496,0.2496283574017372,0.0031162523722646496,0.413711626650877,0.06098940567893924,0.65
16.940104484558105,0.2482646730785435,-0.007039459725568229,0.24963581165823143,-0.0032858781775186863,0.24963581165823143,0.0032858781775186863,0.40892320825856643,0.06096723707527114,0.6
16.943498373031616,0.2482646730785435,-0.007039459725568229,0.24963581165823143,-0.0032858781775186863,0.24963581165823143,0.0032858781775186863,0.40892320825856643,0.06096723707527114,0.6
16.987075328826904,0.25464157961705974,-0.007251706839484869,0.24963112038814272,-0.0031791254946570424,0.24963112038814272,0.0031791254946570424,0.40461179819878007,0.060947276843512865,0.6
17.03766441345215,0.25214223211943565,-0.007132012379690468,0.24950254760992088,-0.00343565549905378,0.24950254760992088,0.00343565549905378,0.4004118687332987,0.06185566545123424,0.6
17.043517112731934,0.25214223211943565,-0.007132012379690468,0.24950254760992088,-0.00343565549905378,0.24950254760992088,0.00343565549905378,0.4004118687332987,0.06185566545123424,0.6
17.08921456336975,0.24874662275657933,-0.007009123965252077,0.24949381880143248,-0.0032369494360761086,0.24949381880143248,0.0032369494360761086,0.3962722245456301,0.06181733541245953,0.6
17.140565872192383,0.24715525263124966,-0.0069384363786516605,0.24939332515853233,-0.003292440693995591,0.24939332515853233,0.003292440693995591,0.39234425928624544,0.06178096536376153,0.6
17.14401149749756,0.24715525263124966,-0.0069384363786516605,0.24939332515853233,-0.003292440693995591,0.24939332515853233,0.003292440693995591,0.39234425928624544,0.06178096536376153,0.6
17.186598777770996,0.25566066660516473,-0.007349790776257899,0.24937881268020443,-0.0029619842301344956,0.24937881268020443,0.0029619842301344956,0.38838698535361427,0.06174432393845939,0.6
17.243499279022217,0.25126922392862056,-0.006956318282416072,0.24935526488468754,-0.0024258021762694204,0.24935526488468754,0.0024258021762694204,0.38434338786397726,0.06170688322096275,0.6
17.23813223838806,0.25126922392862056,-0.006956318282416072,0.24935526488468754,-0.0024258021762694204,0.24935526488468754,0.0024258021762694204,0.38434338786397726,0.06170688322096275,0.6
17.289307355880737,0.24860451825972807,-0.006552071709906765,0.24919980860085164,-0.0026349444646300846,0.24919980860085164,0.0026349444646300846,0.3806479272486893,0.06167266599304342,0.6
17.3360435962677,0.2550007553758673,-0.006051840670619453,0.24918907486029818,-0.002390430721373793,0.24918907486029818,0.002390430721373793,0.37684296405834256,0.06163743485239206,0.6
17.343534231185913,0.2550007553758673,-0.006051840670619453,0.24918907486029818,-0.002390430721373793,0.24918907486029818,0.002390430721373793,0.37684296405834256,0.06163743485239206,0.6
17.386976957321167,0.25146111820050715,-0.005513130598178932,0.24912453175297808,-0.0026497109819029196,0.24912453175297808,0.0026497109819029196,0.3736152553902998,0.060803774330510645,0.6
17.43833565711975,0.2484244173338817,-0.005345682848567398,0.24912573126928442,-0.0026770417483440445,0.24912573126928442,0.0026770417483440445,0.370327445389643,0.06078855298791501,0.6
17.44352388381958,0.2484244173338817,-0.005345682848567398,0.24912573126928442,-0.0026770417483440445,0.24912573126928442,0.0026770417483440445,0.370327445389643,0.06078855298791501,0.6
17.491442680358887,0.24364050489007072,-0.00508415625546165,0.24905948453793417,-0.002714538268591249,0.24905948453793417,0.002714538268591249,0.36648540523102097,0.06154153152991686,0.6
17.53635835647583,0.2554408385938393,-0.005095744193638501,0.24905306871738755,-0.002568328092790062,0.24905306871738755,0.002568328092790062,0.3621809724642656,0.060750837835482706,0.5499999999999999
17.543527364730835,0.2554408385938393,-0.005095744193638501,0.24905306871738755,-0.002568328092790062,0.24905306871738755,0.002568328092790062,0.3621809724642656,0.060750837835482706,0.5499999999999999
17.587299585342407,0.2514312559473407,-0.004200528221648793,0.24904809168505992,-0.002454907306025822,0.24904809168505992,0.002454907306025822,0.35892015074141326,0.061471482877235306,0.5499999999999999
17.63873791694641,0.24798673673168267,-0.0037729625840952825,0.24903178898017667,-0.002979934373620652,0.24903178898017667,0.002979934373620652,0.3560401664271113,0.062167224533709875,0.5499999999999999
17.643550634384155,0.24798673673168267,-0.0037729625840952825,0.24903178898017667,-0.002979934373620652,0.24903178898017667,0.002979934373620652,0.3560401664271113,0.062167224533709875,0.5499999999999999
17.69063425064087,0.2451049015208428,-0.0035504320566394874,0.2490424322861542,-0.003222517050564977,0.2490424322861542,0.003222517050564977,0.3536550637362561,0.062134098107448,0.5499999999999999
17.73677897453308,0.2540250693576478,-0.004232717490659176,0.2490495154789709,-0.003383959328145947,0.2490495154789709,0.003383959328145947,0.35167794246084133,0.06210663808973391,0.5499999999999999
17.74342679977417,0.2540250693576478,-0.004232717490659176,0.2490495154789709,-0.003383959328145947,0.2490495154789709,0.003383959328145947,0.35167794246084133,0.06210663808973391,0.5499999999999999
17.787824869155884,0.25058543756336693,-0.0037362365112252067,0.24910060411606313,-0.0027637677890094414,0.24910060411606313,0.0027637677890094414,0.34960371640035115,0.06138521959629954,0.6
17.839475870132446,0.24777668981113463,-0.0034344323507199312,0.24910899094781502,-0.0029548774402536893,0.24910899094781502,0.0029548774402536893,0.3480183235309001,0.061370540032693516,0.6
17.843478202819824,0.24777668981113463,-0.0034344323507199312,0.24910899094781502,-0.0029548774402536893,0.24910899094781502,0.0029548774402536893,0.3480183235309001,0.061370540032693516,0.6
17.885902643203735,0.25517193287566975,-0.0033153484009938025,0.24911521805628775,-0.0030967750955279705,0.24911521805628775,0.0030967750955279705,0.34655596018318047,0.061356999631325744,0.5499999999999999
17.93707299232483,0.2515815581246883,-0.0031703034721164733,0.24921442844283362,-0.0028923416168034066,0.24921442844283362,0.0028923416168034066,0.34489097903578314,0.06134158313922021,0.5499999999999999
17.943515062332153,0.2515815581246883,-0.0031703034721164733,0.24921442844283362,-0.0028923416168034066,0.24921442844283362,0.0028923416168034066,0.34489097903578314,0.06134158313922021,0.5499999999999999
17.989145755767822,0.24713147806048777,-0.0033480927801193333,0.24921822510692826,-0.0029788306087314975,0.24921822510692826,0.0029788306087314975,0.3429139560349162,0.061323277370693666,0.5499999999999999
18.039632320404053,0.24695854709729897,-0.0032053387861951674,0.24925836691296863,-0.002613190900849993,0.24925836691296863,0.002613190900849993,0.3411124487605701,0.061306596747783056,0.5499999999999999
18.04357385635376,0.24695854709729897,-0.0032053387861951674,0.24925836691296863,-0.002613190900849993,0.24925836691296863,0.002613190900849993,0.3411124487605701,0.061306596747783056,0.5499999999999999
18.085948705673218,0.2544591843460084,-0.0036032380872888367,0.249259092575583,-0.0026297188607735666,0.249259092575583,0.0026297188607735666,0.3387868670868538,0.06128506358413753,0.49999999999999994
18.137755155563354,0.24949640252582367,-0.0033449651636189683,0.24928886069118797,-0.0021651208401064492,0.24928886069118797,0.0021651208401064492,0.33568322843807546,0.061256326189241435,0.49999999999999994
18.143526077270508,0.24949640252582367,-0.0033449651636189683,0.24928886069118797,-0.0021651208401064492,0.24928886069118797,0.0021651208401064492,0.33568322843807546,0.061256326189241435,0.49999999999999994
18.188717365264893,0.24754537023892556,-0.0035554499145495104,0.2492866781341917,-0.0021154182572102886,0.2492866781341917,0.0021154182572102886,0.3322884337017641,0.06122489290464596,0.49999999999999994
18.24010682106018,0.24556742206401694,-0.003550330346433759,0.2492703334977169,-0.0017432121960363478,0.2492703334977169,0.0017432121960363478,0.32958447288937065,0.061199856230457136,0.49999999999999994
18.243501901626587,0.24556742206401694,-0.003550330346433759,0.2492703334977169,-0.0017432121960363478,0.2492703334977169,0.0017432121960363478,0.32958447288937065,0.061199856230457136,0.49999999999999994
18.28640913963318,0.2538441003445409,-0.0030316335635572574,0.24931509794472348,-0.0012272591902946495,0.24931509794472348,0.0012272591902946495,0.3264354260526517,0.0611706983893764,0.44999999999999996
18.337772369384766,0.25003111867924527,-0.0025905221446508907,0.24932144601935513,-0.0013717881956433198,0.24932144601935513,0.0013717881956433198,0.3239182665415328,0.06114739135686604,0.44999999999999996
18.343567371368408,0.25003111867924527,-0.0025905221446508907,0.24932144601935513,-0.0013717881956433198,0.24932144601935513,0.0013717881956433198,0.3239182665415328,0.06114739135686604,0.44999999999999996
18.389121770858765,0.24753641490637684,-0.0020754987356916797,0.2494015351173153,-0.0012572860755108994,0.2494015351173153,0.0012572860755108994,0.3222115183623492,0.06169738219947707,0.44999999999999996
18.435829401016235,0.25437805837679967,-0.0021025929723193252,0.24941572937801668,-0.0015803794901275703,0.24941572937801668,0.0015803794901275703,0.32119786114442084,0.061683303627005845,0.44999999999999996
18.443568229675293,0.25437805837679967,-0.0021025929723193252,0.24941572937801668,-0.0015803794901275703,0.24941572937801668,0.0015803794901275703,0.32119786114442084,0.061683303627005845,0.44999999999999996
18.486982345581055,0.2505835919467166,-0.0014977399430804368,0.2494188975940094,-0.001652496044409868,0.2494188975940094,0.001652496044409868,0.32064398598179983,0.06167561091641389,0.39999999999999997
18.538188457489014,0.24817269709462336,-0.0011371790104490551,0.24957165429384123,-0.0016814187855267448,0.24957165429384123,0.0016814187855267448,0.3205355126376694,0.06167410434218985,0.39999999999999997
18.543509483337402,0.24817269709462336,-0.0011371790104490551,0.24957165429384123,-0.0016814187855267448,0.24957165429384123,0.0016814187855267448,0.3205355126376694,0.06167410434218985,0.39999999999999997
18.589537620544434,0.24613300434233054,-0.0012287428030218228,0.2495926021916369,-0.0021580572463665293,0.2495926021916369,0.0021580572463665293,0.32079135622456056,0.06223687696712149,0.39999999999999997
18.6358802318573,0.2541732032110456,-0.0007625183501516566,0.24969258485261045,-0.002029263904514522,0.24969258485261045,0.002029263904514522,0.3210255302966122,0.06224121352401134,0.39999999999999997
18.64352560043335,0.2541732032110456,-0.0007625183501516566,0.24969258485261045,-0.002029263904514522,0.24969258485261045,0.002029263904514522,0.3210255302966122,0.06224121352401134,0.39999999999999997
18.687216758728027,0.25026314850841735,-0.001507677292660133,0.24971976508732582,-0.0026475469056161938,0.24971976508732582,0.0026475469056161938,0.32146646880396695,0.06224937905192531,0.39999999999999997
18.73859190940857,0.2479055982580817,-0.0018281601517867536,0.2497094413093085,-0.0024127039900594394,0.2497094413093085,0.0024127039900594394,0.3211838202702233,0.06280518102477368,0.39999999999999997
18.74351191520691,0.2479055982580817,-0.0018281601517867536,0.2497094413093085,-0.0024127039900594394,0.2497094413093085,0.0024127039900594394,0.3211838202702233,0.06280518102477368,0.39999999999999997
18.790550708770752,0.24533834623406747,-0.00247852333504378,0.24981136593180175,-0.001892703768429982,0.24981136593180175,0.001892703768429982,0.3204082473306179,0.06278722794746801,0.39999999999999997
18.836631059646606,0.2543236594863065,-0.0027021490761469005,0.2497882545005866,-0.0013671753856556723,0.2497882545005866,0.0013671753856556723,0.31927413605636784,0.06276097537167517,0.39999999999999997
18.843725442886353,0.2543236594863065,-0.0027021490761469005,0.2497882545005866,-0.0013671753856556723,0.2497882545005866,0.0013671753856556723,0.31927413605636784,0.06276097537167517,0.39999999999999997
18.88774061203003,0.2506861841470472,-0.0023138514597874325,0.24977527416254933,-0.0010720236941643702,0.24977527416254933,0.0010720236941643702,0.3186373654380986,0.0627462353110671,0.39999999999999997
18.939384698867798,0.24739921222682482,-0.0018285238628306401,0.24984614860655788,-0.0008414880039089301,0.24984614860655788,0.0008414880039089301,0.31760159830760104,0.06326671106410002,0.35
18.94352650642395,0.24739921222682482,-0.0018285238628306401,0.24984614860655788,-0.0008414880039089301,0.24984614860655788,0.0008414880039089301,0.31760159830760104,0.06326671106410002,0.35
18.99067711830139,0.2461553772734596,-0.0011231914378490933,0.24985473917402734,-0.0010367773594406327,0.24985473917402734,0.0010367773594406327,0.31627261938690643,0.06322979498296961,0.35
19.036751985549927,0.2551279168082591,-0.000657325182857868,0.24987709562078395,-0.001545016515752784,0.24987709562078395,0.001545016515752784,0.3154645054279742,0.06222979498296961,0.44999999999999996
19.043529510498047,0.2551279168082591,-0.000657325182857868,0.24987709562078395,-0.001545016515752784,0.24987709562078395,0.001545016515752784,0.3154645054279742,0.06222979498296961,0.44999999999999996
19.08805751800537,0.25085669474912903,-0.000525259926745765,0.2500531337438727,-0.0014964477300685175,0.2500531337438727,0.0014964477300685175,0.3151059474599145,0.06213159161962804,0.44999999999999996
19.139636993408203,0.24783678466818646,-0.0010237654933575818,0.25006971258495236,-0.0018731678168835142,0.25006971258495236,0.0018731678168835142,0.3150779978900729,0.06266384254375168,0.44999999999999996
19.143489360809326,0.24783678466818646,-0.0010237654933575818,0.25006971258495236,-0.0018731678168835142,0.25006971258495236,0.0018731678168835142,0.3150779978900729,0.06266384254375168,0.44999999999999996
19.185750484466553,0.2558067884040925,-0.0017921164998700413,0.25006507041465675,-0.0017676832323983982,0.25006507041465675,0.0017676832323983982,0.31537007120400123,0.06267060350009263,0.44999999999999996
19.23748016357422,0.25104144546900287,-0.00216922445721818,0.2501481984136077,-0.0010106751705449835,0.2501481984136077,0.0010106751705449835,0.31596355571364654,0.06268434156744553,0.44999999999999996
19.243563652038574,0.25104144546900287,-0.00216922445721818,0.2501481984136077,-0.0010106751705449835,0.2501481984136077,0.0010106751705449835,0.31596355571364654,0.06268434156744553,0.44999999999999996
19.288601875305176,0.248820933304584,-0.001967317859274749,0.25012978059053953,-0.0005923212680067902,0.25012978059053953,0.0005923212680067902,0.31680332732571825,0.06270378072513237,0.44999999999999996
19.33996057510376,0.24728262685693198,-0.0016050803047787832,0.25017945518293644,-0.0003268970367832358,0.25017945518293644,0.0003268970367832358,0.3177039610381365,0.06272462872773464,0.39999999999999997
19.34347105026245,0.24728262685693198,-0.0016050803047787832,0.25017945518293644,-0.0003268970367832358,0.25017945518293644,0.0003268970367832358,0.3177039610381365,0.06272462872773464,0.39999999999999997
19.38620662689209,0.2553635460374868,-0.0011882621224022967,0.25024320932330557,-0.0017748271196642573,0.25024320932330557,0.0017748271196642573,0.31852576307172736,0.06274365192295665,0.39999999999999997
19.437607526779175,0.2512303277936559,-0.0005115257563384558,0.2504398807141617,-0.003922520320671086,0.2504398807141617,0.003922520320671086,0.31860719281786415,0.0627455368707839,0.39999999999999997
19.44347834587097,0.2512303277936559,-0.0005115257563384558,0.2504398807141617,-0.003922520320671086,0.2504398807141617,0.003922520320671086,0.31860719281786415,0.0627455368707839,0.39999999999999997
19.489033937454224,0.24851448485933772,-0.001668657277619656,0.25056264120709754,-0.0067104476816129965,0.25056264120709754,0.0067104476816129965,0.318189428849024,0.06273586640854222,0.3
19.540659189224243,0.2465638128676278,-0.0030324601040567344,0.2506280946588641,-0.008197093271177236,0.2506280946588641,0.008197093271177236,0.31776648596764145,0.062180860851252615,0.49999999999999994
19.543490648269653,0.2465638128676278,-0.0030324601040567344,0.2506280946588641,-0.008197093271177236,0.2506280946588641,0.008197093271177236,0.31776648596764145,0.062180860851252615,0.49999999999999994
19.586711645126343,0.255468808506419,-0.0048824853105255885,0.25072428082076353,-0.008958334002477919,0.25072428082076353,0.008958334002477919,0.31696837597652094,0.0627076012957528,0.44999999999999996
19.63796591758728,0.2517388055940175,-0.006410802112816933,0.2507413518620243,-0.009346039765428915,0.2507413518620243,0.009346039765428915,0.31598636879589587,0.06268486964805314,0.44999999999999996
19.643473148345947,0.2517388055940175,-0.006410802112816933,0.2507413518620243,-0.009346039765428915,0.2507413518620243,0.009346039765428915,0.31598636879589587,0.06268486964805314,0.44999999999999996
19.68946146965027,0.24887378183970837,-0.006965947001579837,0.2506392782982459,-0.009496609728770866,0.2506392782982459,0.009496609728770866,0.31619007874575833,0.06215166812492145,0.49999999999999994
19.735708236694336,0.25680221526065317,-0.008151807629460498,0.25064224613578795,-0.009564034557684176,0.25064224613578795,0.009564034557684176,0.31725304507404817,0.06217135268655644,0.49999999999999994
19.74357271194458,0.25680221526065317,-0.008151807629460498,0.25064224613578795,-0.009564034557684176,0.25064224613578795,0.009564034557684176,0.31725304507404817,0.06217135268655644,0.49999999999999994
19.787101984024048,0.2523077675459931,-0.008233585395442932,0.2506254218157625,-0.009181814545338285,0.2506254218157625,0.009181814545338285,0.3187044354563623,0.06219823028622893,0.49999999999999994
19.83871555328369,0.2490746687960935,-0.008534010945716312,0.25045528683702306,-0.009555894251703334,0.25045528683702306,0.009555894251703334,0.3219930774791173,0.0622591310644281,0.49999999999999994
19.84354853630066,0.2490746687960935,-0.008534010945716312,0.25045528683702306,-0.009555894251703334,0.25045528683702306,0.009555894251703334,0.3219930774791173,0.0622591310644281,0.49999999999999994
19.89019274711609,0.24713342576677033,-0.008770275263639077,0.2504331400960004,-0.009052504544197482,0.2504331400960004,0.009052504544197482,0.3255230492650537,0.061259131064428096,0.3
19.936469793319702,0.2556667461265743,-0.009104955530187166,0.2504058371360952,-0.008431934868657565,0.2504058371360952,0.008431934868657565,0.3292008259071272,0.060259131064428095,0.3
19.94357705116272,0.2556667461265743,-0.009104955530187166,0.2504058371360952,-0.008431934868657565,0.2504058371360952,0.008431934868657565,0.3292008259071272,0.060259131064428095,0.3
19.98757791519165,0.25179768427749766,-0.008771156608136477,0.25018849208400223,-0.008557271315085435,0.25018849208400223,0.008557271315085435,0.33339071416238975,0.06,0.3
20.039122343063354,0.24866214720146587,-0.007879742503863007,0.25016739739573823,-0.008077530425885548,0.25016739739573823,0.008077530425885548,0.33758720738784354,0.06,0.7
20.043514490127563,0.24866214720146587,-0.007879742503863007,0.25016739739573823,-0.008077530425885548,0.25016739739573823,0.008077530425885548,0.33758720738784354,0.06,0.7
20.090739727020264,0.24630910346643456,-0.0075245260232646586,0.2501664299074233,-0.008055527865028167,0.2501664299074233,0.008055527865028167,0.34224387248369836,0.06,0.7
20.136616945266724,0.2554769262768515,-0.007338541350002463,0.25001476354721835,-0.008290278646264193,0.25001476354721835,0.008290278646264193,0.3473526335306204,0.06,0.7
20.143455028533936,0.2554769262768515,-0.007338541350002463,0.25001476354721835,-0.008290278646264193,0.25001476354721835,0.008290278646264193,0.3473526335306204,0.06,0.7
20.187930583953857,0.2511876994517172,-0.006991001624769839,0.2500081162172841,-0.008139037594394605,0.2500081162172841,0.008139037594394605,0.3514261424008216,0.06,0.7
20.239333868026733,0.24842078265095557,-0.0069894559843246525,0.24991615139739307,-0.008194468675661981,0.24991615139739307,0.008194468675661981,0.35529490869737745,0.06,0.7
20.243510246276855,0.24842078265095557,-0.0069894559843246525,0.24991615139739307,-0.008194468675661981,0.24991615139739307,0.008194468675661981,0.35529490869737745,0.06,0.7
20.285751342773438,0.2556238905344392,-0.0067456211905819905,0.24989479188912156,-0.007708376313898091,0.24989479188912156,0.007708376313898091,0.35834722642270095,0.06,0.7
20.337096214294434,0.2514142320063672,-0.006865381737156488,0.24988679512259146,-0.0075263920667064665,0.24988679512259146,0.0075263920667064665,0.3610824700332915,0.06,0.7
20.34355139732361,0.2514142320063672,-0.006865381737156488,0.24988679512259146,-0.0075263920667064665,0.24988679512259146,0.0075263920667064665,0.3610824700332915,0.06,0.7
20.38874363899231,0.24802274645084543,-0.0061498952500587244,0.24971759476098385,-0.007406399803760788,0.24971759476098385,0.007406399803760788,0.36073100314913276,0.06,0.7
20.43970561027527,0.2471140749729645,-0.006496798690207988,0.2497147337662237,-0.007341263338460302,0.2497147337662237,0.007341263338460302,0.3608207448196329,0.06,0.7
20.443498849868774,0.2471140749729645,-0.006496798690207988,0.2497147337662237,-0.007341263338460302,0.2497147337662237,0.007341263338460302,0.3608207448196329,0.06,0.7
20.486660480499268,0.25371126358094,-0.006507265525285826,0.24959591000267403,-0.006904306853500075,0.24959591000267403,0.006904306853500075,0.3614098825307175,0.06,0.7
20.53756284713745,0.250912198044224,-0.006732016094675667,0.2495739416459365,-0.006404036438788396,0.2495739416459365,0.006404036438788396,0.36038293214591754,0.06,0.7
20.5435528755188,0.250912198044224,-0.006732016094675667,0.2495739416459365,-0.006404036438788396,0.2495739416459365,0.006404036438788396,0.36038293214591754,0.06,0.7
20.58876061439514,0.24851803761368302,-0.00686366617707232,0.2495354483175346,-0.005527488170144146,0.2495354483175346,0.005527488170144146,0.3601354615205969,0.06,0.7
20.640353202819824,0.24647702396481963,-0.006767777869629175,0.24933045534252304,-0.0051792184221817195,0.24933045534252304,0.0051792184221817195,0.36079282071464974,0.06,0.7
20.64350652694702,0.24647702396481963,-0.006767777869629175,0.24933045534252304,-0.0051792184221817195,0.24933045534252304,0.0051792184221817195,0.36079282071464974,0.06,0.7
20.686645984649658,0.2545706042612895,-0.0067160731397318055,0.24929186937068235,-0.004300167640606811,0.24929186937068235,0.004300167640606811,0.36077118027619237,0.06,0.7
20.73789072036743,0.25076537797095233,-0.006131514335634027,0.2492585441081163,-0.003540999505909137,0.2492585441081163,0.003540999505909137,0.3615888425516409,0.06,0.7
20.74358868598938,0.25076537797095233,-0.006131514335634027,0.2492585441081163,-0.003540999505909137,0.2492585441081163,0.003540999505909137,0.3615888425516409,0.06,0.7
20.789276599884033,0.2476532728329815,-0.005387934008996641,0.24908841663583725,-0.003526732586491277,0.24908841663583725,0.003526732586491277,0.36322064423753697,0.06,0.7
20.835769414901733,0.2547417368453957,-0.004619633806840712,0.24907489674116126,-0.0032186092189266935,0.24907489674116126,0.0032186092189266935,0.36021778772470575,0.06,0.7
20.843570470809937,0.2547417368453957,-0.004619633806840712,0.24907489674116126,-0.0032186092189266935,0.24907489674116126,0.0032186092189266935,0.36021778772470575,0.06,0.7
20.8873348236084,0.24989116626748537,-0.004205319561480075,0.2490738128008714,-0.0031939060544722286,0.2490738128008714,0.0031939060544722286,0.35751522325095475,0.06,0.7
20.93834614753723,0.24790375502422773,-0.00385051371754212,0.24899315126826407,-0.0032407355242611846,0.24899315126826407,0.0032407355242611846,0.3549519242698266,0.06,0.7
20.94351077079773,0.24790375502422773,-0.00385051371754212,0.24899315126826407,-0.0032407355242611846,0.24899315126826407,0.0032407355242611846,0.3549519242698266,0.06,0.7
20.990964889526367,0.24373328136677236,-0.0034902128530951665,0.24906916218280437,-0.00497351458302675,0.24906916218280437,0.00497351458302675,0.3521690804165004,0.06,0.7
21.036087036132812,0.2548786648603664,-0.0036800590318588388,0.24906255591454562,-0.00520934811673901,0.24906255591454562,0.00520934811673901,0.35023003314292844,0.06,0.49999999999999994
21.043434858322144,0.2548786648603664,-0.0036800590318588388,0.24906255591454562,-0.00520934811673901,0.24906255591454562,0.00520934811673901,0.35023003314292844,0.06,0.49999999999999994
21.087436199188232,0.2505310478531563,-0.003762852393456132,0.24906118658723586,-0.0051781289507686346,0.24906118658723586,0.0051781289507686346,0.3480351552098663,0.06,0.49999999999999994
21.138778686523438,0.24793810286208015,-0.004306486455692452,0.24900610152965616,-0.005181465097230609,0.24900610152965616,0.005181465097230609,0.3452466158734663,0.06,0.49999999999999994
21.143472909927368,0.24793810286208015,-0.004306486455692452,0.24900610152965616,-0.005181465097230609,0.24900610152965616,0.005181465097230609,0.3452466158734663,0.06,0.49999999999999994
21.190136194229126,0.2461364279590582,-0.004365606262535698,0.24898067264049287,-0.0046016369384779265,0.24898067264049287,0.0046016369384779265,0.34192451706523586,0.06,0.49999999999999994
21.236464738845825,0.2541606164788676,-0.004863469418338285,0.2489624752982679,-0.004186713823977506,0.2489624752982679,0.004186713823977506,0.33901659201975326,0.0615,0.49999999999999994
21.243489265441895,0.2541606164788676,-0.004863469418338285,0.2489624752982679,-0.004186713823977506,0.2489624752982679,0.004186713823977506,0.33901659201975326,0.0615,0.49999999999999994
21.287824630737305,0.2501901700467949,-0.004825467315174395,0.24881225579520796,-0.003958238524948698,0.24881225579520796,0.003958238524948698,0.3364904766427758,0.06252760141931066,0.49999999999999994
21.343587398529053,0.2474625927506637,-0.0047013674447541716,0.24878644293495253,-0.0033694712759568812,0.24878644293495253,0.0033694712759568812,0.3341280185707596,0.06248385219575481,0.49999999999999994
21.339233875274658,0.2474625927506637,-0.0047013674447541716,0.24878644293495253,-0.0033694712759568812,0.24878644293495253,0.0033694712759568812,0.3341280185707596,0.06248385219575481,0.49999999999999994
21.390824556350708,0.2452093831046097,-0.004420285522816531,0.24878644293495253,-0.0033694712759568812,0.24878644293495253,0.0033694712759568812,0.3322853012745869,0.062449727801381236,0.49999999999999994
21.437230348587036,0.25314124716407826,-0.003667720743611094,0.24863485707448982,-0.002771308678924278,0.24863485707448982,0.002771308678924278,0.3308783053592368,0.061449727801381235,0.7
21.4435453414917,0.25314124716407826,-0.003667720743611094,0.24863485707448982,-0.002771308678924278,0.24863485707448982,0.002771308678924278,0.3308783053592368,0.061449727801381235,0.7
21.488256216049194,0.2497817368877305,-0.0036321370086173383,0.24863728836115162,-0.0028267802753945137,0.24863728836115162,0.0028267802753945137,0.329882134872647,0.060449727801381234,0.7
21.540642738342285,0.24553764688458238,-0.003448621212853952,0.24858085652757214,-0.0025801570505528115,0.24858085652757214,0.0025801570505528115,0.3294823920146128,0.061949727801381235,0.49999999999999994
21.54353904724121,0.24553764688458238,-0.003448621212853952,0.24858085652757214,-0.0025801570505528115,0.24858085652757214,0.0025801570505528115,0.3294823920146128,0.061949727801381235,0.49999999999999994
21.58676052093506,0.25373662021736176,-0.0036225533290478507,0.24856693424592244,-0.0022624772760012624,0.24856693424592244,0.0022624772760012624,0.3287757069490817,0.062384735313871884,0.49999999999999994
21.637680053710938,0.2505178856337123,-0.0035724707899462502,0.24854691037327245,-0.0018055809625167063,0.24854691037327245,0.0018055809625167063,0.32747106265121206,0.06138473531387188,0.5499999999999999
21.643494844436646,0.2505178856337123,-0.0035724707899462502,0.24854691037327245,-0.0018055809625167063,0.24854691037327245,0.0018055809625167063,0.32747106265121206,0.06138473531387188,0.5499999999999999
21.688698053359985,0.24760351165172648,-0.002749159771745793,0.24839178975404805,-0.001840155586103398,0.24839178975404805,0.001840155586103398,0.3271156461308271,0.06038473531387188,0.5499999999999999
21.74052858352661,0.24474246168002262,-0.002595336502375617,0.2483979491768801,-0.0019807577207338056,0.2483979491768801,0.0019807577207338056,0.32616093991020445,0.06,0.5499999999999999
21.743787050247192,0.24474246168002262,-0.002595336502375617,0.2483979491768801,-0.0019807577207338056,0.2483979491768801,0.0019807577207338056,0.32616093991020445,0.06,0.5499999999999999
21.786492347717285,0.25363728510124117,-0.001431730875601451,0.24838967154864547,-0.0017918032313222199,0.24838967154864547,0.0017918032313222199,0.32475343054136846,0.06,0.5499999999999999
21.83800482749939,0.24929894199187597,-0.0007354153588849328,0.24764047577137538,-0.00530846856720768,0.24764047577137538,0.00530846856720768,0.3249181790456086,0.06,0.5499999999999999
21.843464612960815,0.24929894199187597,-0.0007354153588849328,0.24764047577137538,-0.00530846856720768,0.24764047577137538,0.00530846856720768,0.3249181790456086,0.06,0.5499999999999999
21.889225006103516,0.24677763331287755,-0.0017868448368148708,0.2476676372688488,-0.005930148928815715,0.2476676372688488,0.005930148928815715,0.32562730408085,0.06,0.5499999999999999
21.940449476242065,0.24510550707193257,-0.0028627788572196866,0.24651375450883348,-0.009532777846554819,0.24651375450883348,0.009532777846554819,0.328379488611667,0.06,0.5499999999999999
21.94347882270813,0.24510550707193257,-0.0028627788572196866,0.24651375450883348,-0.009532777846554819,0.24651375450883348,0.009532777846554819,0.328379488611667,0.06,0.5499999999999999
21.986771821975708,0.25254796052837963,-0.004827590344585327,0.2464721990236952,-0.008578043124826018,0.2464721990236952,0.008578043124826018,0.33089267454874616,0.06,0.5499999999999999
22.038228273391724,0.24790112811086557,-0.005808704651535041,0.2463937916890154,-0.006776782358055011,0.2463937916890154,0.006776782358055011,0.33322958648089807,0.06,0.5499999999999999
22.04354739189148,0.24790112811086557,-0.005808704651535041,0.2463937916890154,-0.006776782358055011,0.2463937916890154,0.006776782358055011,0.33322958648089807,0.06,0.5499999999999999
22.089744567871094,0.24482244685892274,-0.006866249607525032,0.24341380042109342,-0.0159001878762679,0.24341380042109342,0.0159001878762679,0.34866489268916745,0.0615,0.5499999999999999
22.13589906692505,0.2526013372366202,-0.007840065916369064,0.24331515081592323,-0.013611891427313116,0.24331515081592323,0.013611891427313116,0.3583284349581871,0.06219900604108593,0.5499999999999999
22.143567323684692,0.2526013372366202,-0.007840065916369064,0.24331515081592323,-0.013611891427313116,0.24331515081592323,0.013611891427313116,0.3583284349581871,0.06219900604108593,0.5499999999999999
22.1872296333313,0.2476449183637732,-0.009601777894182878,0.24084847613470084,-0.020484573942342044,0.24084847613470084,0.020484573942342044,0.38001199749603226,0.06250016663188934,0.5499999999999999
22.238754749298096,0.2440821179629235,-0.011120201558727737,0.24069494256647625,-0.016895156665272193,0.24069494256647625,0.016895156665272193,0.39281646890384847,0.06267800651255345,0.5499999999999999
22.243516445159912,0.2440821179629235,-0.011120201558727737,0.24069494256647625,-0.016895156665272193,0.24069494256647625,0.016895156665272193,0.39281646890384847,0.06267800651255345,0.5499999999999999
22.29004693031311,0.2408890333093625,-0.013044225609786313,0.23796272732489002,-0.023042714542292342,0.23796272732489002,0.023042714542292342,0.41567039883866685,0.061996948137395064,0.6
22.336704969406128,0.2467801373490014,-0.01508802383990065,0.23775549086238898,-0.01815696344543738,0.23775549086238898,0.01815696344543738,0.4305790998642967,0.06213499166541015,0.6
22.34355115890503,0.2467801373490014,-0.01508802383990065,0.23775549086238898,-0.01815696344543738,0.23775549086238898,0.01815696344543738,0.4305790998642967,0.06213499166541015,0.6
22.388643741607666,0.24048315522166305,-0.015873584128118165,0.23413140346131323,-0.02688508734864692,0.23413140346131323,0.02688508734864692,0.45965426810177856,0.06120210309306379,0.6
22.439268350601196,0.23846880949704746,-0.016674097273448287,0.23390341759212951,-0.021449035458975807,0.23390341759212951,0.021449035458975807,0.478236771950756,0.06128813320347572,0.6
22.443507194519043,0.23846880949704746,-0.016674097273448287,0.23390341759212951,-0.021449035458975807,0.23390341759212951,0.021449035458975807,0.478236771950756,0.06128813320347572,0.6
22.491615295410156,0.23320136314272294,-0.01768965369265434,0.23366432564917425,-0.015750157844560353,0.23366432564917425,0.015750157844560353,0.4888830613689878,0.060288133203475716,0.5499999999999999
22.53683304786682,0.24197285450811068,-0.01968944475049609,0.24616432564917426,0.044249842155439645,0.24616432564917426,0.044249842155439645,0.5243905159298567,0.061501807944119705,0.5499999999999999
22.543509483337402,0.24197285450811068,-0.01968944475049609,0.24616432564917426,0.044249842155439645,0.24616432564917426,0.044249842155439645,0.5243905159298567,0.061501807944119705,0.5499999999999999
22.58838725090027,0.23874895979938088,-0.0037932510550039537,0.25866432564917424,0.10424984215543964,0.25866432564917424,0.10424984215543964,0.6116762244546,0.0630018079441197,0.5499999999999999
22.63965630531311,0.23906789447484703,0.013584895647909745,0.27116432564917425,0.16424984215543964,0.27116432564917425,0.16424984215543964,0.6774296787493536,0.06442064517360513,0.5499999999999999
22.64352250099182,0.23906789447484703,0.013584895647909745,0.27116432564917425,0.16424984215543964,0.27116432564917425,0.16424984215543964,0.6774296787493536,0.06442064517360513,0.5499999999999999
22.68585991859436,0.25549384251674045,0.0629861716929482,0.28366432564917426,0.19201714344150633,0.28366432564917426,0.19201714344150633,0.717821149513237,0.06479464027327071,0.5499999999999999
22.737534761428833,0.2586988644800163,0.1002280356169005,0.2961643256491743,0.15163002071724518,0.2961643256491743,0.15163002071724518,0.740827825563325,0.06500766505151227,0.49999999999999994
22.743523597717285,0.2586988644800163,0.1002280356169005,0.2961643256491743,0.15163002071724518,0.2961643256491743,0.15163002071724518,0.740827825563325,0.06500766505151227,0.49999999999999994
22.788566827774048,0.2684776652243933,0.1236384618898074,0.30114320162714003,0.09324992582874614,0.30114320162714003,0.09324992582874614,0.7572067547048741,0.06515932180282291,0.49999999999999994
22.839932441711426,0.27707978948821504,0.13782286693840307,0.3038050019035732,0.04107817034105676,0.3038050019035732,0.04107817034105676,0.7491945020247397,0.06508513427800684,0.49999999999999994
22.84349012374878,0.27707978948821504,0.13782286693840307,0.3038050019035732,0.04107817034105676,0.3038050019035732,0.04107817034105676,0.7491945020247397,0.06508513427800684,0.49999999999999994
22.886351823806763,0.29530461536850355,0.1177826037221686,0.3049477483225354,-0.016674891003736536,0.3049477483225354,0.016674891003736536,0.719896202434037,0.06658513427800684,0.49999999999999994
22.937689065933228,0.2971726152478257,0.08987826397109294,0.30640383948386474,-0.04545868232783323,0.30640383948386474,0.04545868232783323,0.7128494006555699,0.06712290834243848,0.49999999999999994
22.943529844284058,0.2971726152478257,0.08987826397109294,0.30640383948386474,-0.04545868232783323,0.30640383948386474,0.04545868232783323,0.7128494006555699,0.06712290834243848,0.49999999999999994
22.989627599716187,0.2966652487939103,0.04425519055503525,0.3020808011316987,-0.07784756587336561,0.3020808011316987,0.07784756587336561,0.7233429091956988,0.06726865151660692,0.49999999999999994
23.040335178375244,0.29948264204254527,0.003944278789741525,0.30189442373729336,-0.07410178806789769,0.30189442373729336,0.07410178806789769,0.722437706904236,0.06725607926255883,0.49999999999999994
23.043516874313354,0.29948264204254527,0.003944278789741525,0.30189442373729336,-0.07410178806789769,0.30189442373729336,0.07410178806789769,0.722437706904236,0.06725607926255883,0.49999999999999994
23.086747407913208,0.3084831477016429,-0.033763105511361045,0.30125379275752906,-0.061230894383466516,0.30125379275752906,0.061230894383466516,0.7106300654901763,0.06709208424291911,0.49999999999999994
23.138381719589233,0.3023029140436523,-0.05713069108007011,0.28649377384369856,-0.07657710002553253,0.28649377384369856,0.07657710002553253,0.7103055330169088,0.06708757684745707,0.49999999999999994
23.143522024154663,0.3023029140436523,-0.05713069108007011,0.28649377384369856,-0.07657710002553253,0.28649377384369856,0.07657710002553253,0.7103055330169088,0.06708757684745707,0.49999999999999994
23.189859867095947,0.29386732496442436,-0.06907302351332192,0.2853413562536857,-0.05250169705095642,0.2853413562536857,0.05250169705095642,0.6916568484854195,0.06858757684745707,0.44999999999999996
23.23601770401001,0.298024357678464,-0.07946386316025808,0.28425980908397713,-0.029930517398509604,0.28425980908397713,0.029930517398509604,0.6615076622730177,0.06854643819024107,0.44999999999999996
23.243601083755493,0.298024357678464,-0.07946386316025808,0.28425980908397713,-0.029930517398509604,0.28425980908397713,0.029930517398509604,0.6615076622730177,0.06854643819024107,0.44999999999999996
23.287866592407227,0.2875972413940588,-0.06635886577489872,0.2689329344156487,-0.04963836305921199,0.2689329344156487,0.04963836305921199,0.6078039643368295,0.06755192526549685,0.44999999999999996
23.338649034500122,0.2826063395158805,-0.05346309768774285,0.268467939138544,-0.039512594829847036,0.268467939138544,0.039512594829847036,0.5606291501692439,0.06667831759572673,0.44999999999999996
23.34354519844055,0.2826063395158805,-0.05346309768774285,0.268467939138544,-0.039512594829847036,0.268467939138544,0.039512594829847036,0.5606291501692439,0.06667831759572673,0.44999999999999996
23.390586137771606,0.2734792615964815,-0.04385085885965034,0.26749081740457825,0.02048740517015296,0.26749081740457825,0.02048740517015296,0.5338909088724975,0.06618316497912033,0.44999999999999996
23.436197996139526,0.2789100374323614,-0.038203439177178417,0.2557209342463217,0.08048740517015296,0.2557209342463217,0.08048740517015296,0.5784234745452859,0.067007842121209,0.44999999999999996
23.44354510307312,0.2789100374323614,-0.038203439177178417,0.2557209342463217,0.08048740517015296,0.2557209342463217,0.08048740517015296,0.5784234745452859,0.067007842121209,0.44999999999999996
23.48803997039795,0.26665081769094245,-0.004627130803015481,0.25483590106795767,0.14048740517015296,0.25483590106795767,0.14048740517015296,0.6202076226723378,0.06778162264208033,0.39999999999999997
23.538973093032837,0.25944208330276797,0.02874572161510527,0.24968118953743743,0.1904532990920338,0.24968118953743743,0.1904532990920338,0.6552149876142745,0.06842990717804212,0.44999999999999996
23.543513298034668,0.25944208330276797,0.02874572161510527,0.24968118953743743,0.1904532990920338,0.24968118953743743,0.1904532990920338,0.6552149876142745,0.06842990717804212,0.44999999999999996
23.590341329574585,0.2520432542606541,0.0804463247905192,0.2488523701399946,0.2504532990920338,0.2488523701399946,0.2504532990920338,0.6830807227422744,0.06894593931004211,0.44999999999999996
23.636775493621826,0.25608225086293207,0.1340050418586339,0.2491453640999878,0.3104532990920338,0.2491453640999878,0.3104532990920338,0.7012505182830902,0.06928241700524242,0.44999999999999996
23.643511533737183,0.25608225086293207,0.1340050418586339,0.2491453640999878,0.3104532990920338,0.2491453640999878,0.3104532990920338,0.7012505182830902,0.06928241700524242,0.44999999999999996
23.68846559524536,0.24896390101817245,0.18891197541064939,0.24887736140029218,0.3704532990920338,0.24887736140029218,0.3704532990920338,0.7196544706819616,0.07078241700524242,0.44999999999999996
23.739423513412476,0.24643025398944235,0.2386608059685009,0.2507478006126379,0.4304532990920338,0.2507478006126379,0.4304532990920338,0.7470861375000556,0.07228241700524242,0.44999999999999996
23.743502140045166,0.24643025398944235,0.2386608059685009,0.2507478006126379,0.4304532990920338,0.2507478006126379,0.4304532990920338,0.7470861375000556,0.07228241700524242,0.44999999999999996
23.790767908096313,0.24419878645453177,0.29643440980550684,0.25272587920522177,0.4904532990920338,0.25272587920522177,0.4904532990920338,0.775331220076825,0.07331785231659317,0.44999999999999996
23.837040901184082,0.2528403508012903,0.3642149853596016,0.2634001219163499,0.4726123143099695,0.2634001219163499,0.4726123143099695,0.7972063638938596,0.07382422138643194,0.44999999999999996
23.843525409698486,0.2528403508012903,0.3642149853596016,0.2634001219163499,0.4726123143099695,0.2634001219163499,0.4726123143099695,0.7972063638938596,0.07382422138643194,0.44999999999999996
23.88847517967224,0.2511641531711337,0.39819553507903904,0.26695048186940584,0.5326123143099695,0.26695048186940584,0.5326123143099695,0.8231482404155217,0.07442472778739634,0.39999999999999997
23.93983793258667,0.25237519291091987,0.4253695663341748,0.2708731888467663,0.49528691573905714,0.2708731888467663,0.49528691573905714,0.8388894596353063,0.07342472778739634,0.39999999999999997
23.943525552749634,0.25237519291091987,0.4253695663341748,0.2708731888467663,0.49528691573905714,0.2708731888467663,0.49528691573905714,0.8388894596353063,0.07342472778739634,0.39999999999999997
23.986688375473022,0.2638919926149297,0.459001358154075,0.2833731888467663,0.5552869157390572,0.2833731888467663,0.5552869157390572,0.8611059712830997,0.07242472778739634,0.44999999999999996
24.03758668899536,0.265202050483376,0.4664788831792361,0.29037801856997675,0.6152869157390572,0.29037801856997675,0.6152869157390572,0.872481288963681,0.07245335720303113,0.44999999999999996
24.043529272079468,0.265202050483376,0.4664788831792361,0.29037801856997675,0.6152869157390572,0.29037801856997675,0.6152869157390572,0.872481288963681,0.07245335720303113,0.44999999999999996
24.089277982711792,0.26326781743569244,0.476865673193481,0.29308278905390267,0.6752869157390573,0.29308278905390267,0.6752869157390573,0.8784106764823263,0.07256316067559863,0.39999999999999997
24.140246391296387,0.26315492715732086,0.4930839468277738,0.3055827890539027,0.7352869157390574,0.3055827890539027,0.7352869157390574,0.8838593980767331,0.07406316067559864,0.35
24.143497705459595,0.26315492715732086,0.4930839468277738,0.3055827890539027,0.7352869157390574,0.3055827890539027,0.7352869157390574,0.8838593980767331,0.07406316067559864,0.35
24.186704874038696,0.2678019078257269,0.5325130787879683,0.3162947607260102,0.6752869157390573,0.3162947607260102,0.6752869157390573,0.8867679773401194,0.07556316067559864,0.35
24.237881422042847,0.25911258888257416,0.5474713833736458,0.32072397524848756,0.6152869157390572,0.32072397524848756,0.6152869157390572,0.8774423697123901,0.07568153633593497,0.35
24.24352765083313,0.25911258888257416,0.5474713833736458,0.32072397524848756,0.6152869157390572,0.32072397524848756,0.6152869157390572,0.8774423697123901,0.07568153633593497,0.35
24.289692401885986,0.26023834724516487,0.5339617739039862,0.33322397524848757,0.5741824194887539,0.33322397524848757,0.5741824194887539,0.8775667581700399,0.07568441569838055,0.35
24.340805292129517,0.2660407588966279,0.5188583126653532,0.337646949965929,0.5141824194887539,0.337646949965929,0.5141824194887539,0.8825932926884316,0.07580077066408407,0.35
24.343814611434937,0.2660407588966279,0.5188583126653532,0.337646949965929,0.5141824194887539,0.337646949965929,0.5141824194887539,0.8825932926884316,0.07580077066408407,0.35
24.387319564819336,0.28946517906692243,0.4996136162374322,0.3337898082489105,0.4541824194887539,0.3337898082489105,0.4541824194887539,0.884321907712305,0.0758407849007478,0.35
24.438618898391724,0.2977933317364347,0.46215942869270554,0.3012898082489105,0.5141824194887539,0.3012898082489105,0.5141824194887539,0.8851670561323011,0.07586034852158105,0.3
24.443524837493896,0.2977933317364347,0.46215942869270554,0.3012898082489105,0.5141824194887539,0.3012898082489105,0.5141824194887539,0.8851670561323011,0.07586034852158105,0.3
24.489765882492065,0.2990506286066607,0.4501508580269237,0.2687898082489105,0.49070345884155525,0.2687898082489105,0.49070345884155525,0.883090336541666,0.07581227630883486,0.3
24.536073446273804,0.30935715291406884,0.462337797663225,0.26899702811540394,0.43070345884155525,0.26899702811540394,0.43070345884155525,0.894746930751254,0.07481227630883486,0.39999999999999997
24.543500900268555,0.30935715291406884,0.462337797663225,0.26899702811540394,0.43070345884155525,0.26899702811540394,0.43070345884155525,0.894746930751254,0.07481227630883486,0.39999999999999997
24.58747673034668,0.3025460018825964,0.45806241399015746,0.26408601726881753,0.37070345884155526,0.26408601726881753,0.37070345884155526,0.8939963259524155,0.07381227630883486,0.39999999999999997
24.639568328857422,0.29637910953435526,0.45509993896309364,0.25875464021359995,0.31070345884155526,0.25875464021359995,0.31070345884155526,0.8835108542093215,0.07281227630883486,0.39999999999999997
24.643608570098877,0.29637910953435526,0.45509993896309364,0.25875464021359995,0.31070345884155526,0.25875464021359995,0.31070345884155526,0.8835108542093215,0.07281227630883486,0.39999999999999997
24.690234422683716,0.2925565830323579,0.4341821325402599,0.22625464021359995,0.25070345884155526,0.22625464021359995,0.25070345884155526,0.8889420491317442,0.07181227630883485,0.39999999999999997
24.736550092697144,0.29728535697681335,0.41664754852499525,0.19375464021359995,0.19070345884155526,0.19375464021359995,0.19070345884155526,0.8832783811712339,0.07265330335502285,0.39999999999999997
24.743494987487793,0.29728535697681335,0.41664754852499525,0.19375464021359995,0.19070345884155526,0.19375464021359995,0.19070345884155526,0.8832783811712339,0.07265330335502285,0.39999999999999997
24.788090467453003,0.2707698345455495,0.3538376830718688,0.1681847249021534,0.13070345884155526,0.1681847249021534,0.13070345884155526,0.868960720162036,0.07415330335502285,0.39999999999999997
24.839616537094116,0.24720712439005238,0.30093450968792884,0.15840060606786582,0.07070345884155527,0.15840060606786582,0.07070345884155527,0.8660632432342489,0.07541813063042242,0.39999999999999997
24.84354281425476,0.24720712439005238,0.30093450968792884,0.15840060606786582,0.07070345884155527,0.15840060606786582,0.07070345884155527,0.8660632432342489,0.07541813063042242,0.39999999999999997
24.890584230422974,0.22083368929922556,0.23332390299910444,0.1563426840825588,0.010703458841555269,0.1563426840825588,0.010703458841555269,0.8539032112305751,0.07513664840811517,0.39999999999999997
24.936978816986084,0.20519826857063078,0.18124605807720315,0.1688426840825588,-0.04929654115844473,0.1688426840825588,0.04929654115844473,0.8860445047598485,0.07663664840811517,0.35
24.943530321121216,0.20519826857063078,0.18124605807720315,0.1688426840825588,-0.04929654115844473,0.1688426840825588,0.04929654115844473,0.8860445047598485,0.07663664840811517,0.35
24.988253355026245,0.19114145314735623,0.11362613848706235,0.18134268408255882,-0.10929654115844473,0.18134268408255882,0.10929654115844473,0.9095694212766634,0.07813664840811517,0.39999999999999997
25.0397789478302,0.18344048709521368,0.05707322740367461,0.19384268408255884,-0.16929654115844472,0.19384268408255884,0.16929654115844472,0.9187499828353212,0.07713664840811517,0.44999999999999996
25.043530702590942,0.18344048709521368,0.05707322740367461,0.19384268408255884,-0.16929654115844472,0.19384268408255884,0.16929654115844472,0.9187499828353212,0.07713664840811517,0.44999999999999996
25.086013317108154,0.19419953520375077,-0.013651196205312945,0.20634268408255885,-0.22929654115844472,0.20634268408255885,0.22929654115844472,0.9227437976597905,0.07613664840811517,0.44999999999999996
25.13767647743225,0.19675438860010402,-0.06528654209556069,0.21884268408255886,-0.2892965411584447,0.21884268408255886,0.2892965411584447,0.9357589732228766,0.07513664840811517,0.44999999999999996
25.143542289733887,0.19675438860010402,-0.06528654209556069,0.21884268408255886,-0.2892965411584447,0.21884268408255886,0.2892965411584447,0.9357589732228766,0.07513664840811517,0.44999999999999996
25.189092874526978,0.20597673253479504,-0.12656588445317365,0.18634268408255886,-0.31819705876931303,0.18634268408255886,0.31819705876931303,0.9103362223904189,0.07413664840811517,0.44999999999999996
25.240261554718018,0.21550672909900295,-0.1779081983367971,0.1589902199542219,-0.25819705876931304,0.1589902199542219,0.25819705876931304,0.8827900550402247,0.07313664840811517,0.44999999999999996
25.243486404418945,0.21550672909900295,-0.1779081983367971,0.1589902199542219,-0.25819705876931304,0.1589902199542219,0.25819705876931304,0.8827900550402247,0.07313664840811517,0.44999999999999996
25.286632299423218,0.21357882322685173,-0.20881577164493337,0.16489927059992834,-0.19819705876931304,0.16489927059992834,0.19819705876931304,0.8600566972390786,0.07222327217109405,0.44999999999999996
25.338090658187866,0.19874048048098975,-0.21738116110199918,0.1671604536244001,-0.13819705876931304,0.1671604536244001,0.13819705876931304,0.8408322973580333,0.0718672647658895,0.44999999999999996
25.343433141708374,0.19874048048098975,-0.21738116110199918,0.1671604536244001,-0.13819705876931304,0.1671604536244001,0.13819705876931304,0.8408322973580333,0.0718672647658895,0.44999999999999996
25.389410734176636,0.18664444358746535,-0.18829107473475187,0.17283609051745527,-0.07819705876931304,0.17283609051745527,0.07819705876931304,0.8246500258033813,0.0733672647658895,0.44999999999999996
25.444055557250977,0.17932892931214672,-0.1532823124329755,0.175191673934971,-0.018197058769313046,0.175191673934971,0.018197058769313046,0.8104731689351923,0.07413132335498131,0.44999999999999996
25.44089412689209,0.17932892931214672,-0.1532823124329755,0.175191673934971,-0.018197058769313046,0.175191673934971,0.018197058769313046,0.8104731689351923,0.07413132335498131,0.44999999999999996
25.487213373184204,0.1830531585983533,-0.09362717262075383,0.17640731109654073,0.04180294123068695,0.17640731109654073,0.04180294123068695,0.8028395145549018,0.07395461839247458,0.44999999999999996
25.53837752342224,0.18111699219279329,-0.041269303607902444,0.17824089170850185,0.10180294123068695,0.17824089170850185,0.10180294123068695,0.8034311229658154,0.07295461839247458,0.44999999999999996
25.54352569580078,0.18111699219279329,-0.041269303607902444,0.17824089170850185,0.10180294123068695,0.17824089170850185,0.10180294123068695,0.8034311229658154,0.07295461839247458,0.44999999999999996
25.589621782302856,0.18025847350671464,0.022298230755941464,0.1782705982621092,0.16180294123068695,0.1782705982621092,0.16180294123068695,0.8137925775263282,0.07195461839247458,0.44999999999999996
25.63599967956543,0.18785189481051323,0.08235905441083906,0.17984534342652558,0.22180294123068695,0.17984534342652558,0.22180294123068695,0.831774512083528,0.07169952800154682,0.44999999999999996
25.6435329914093,0.18785189481051323,0.08235905441083906,0.17984534342652558,0.22180294123068695,0.17984534342652558,0.22180294123068695,0.831774512083528,0.07169952800154682,0.44999999999999996
25.68750262260437,0.18553260269456073,0.14045033315172584,0.17588071139429118,0.28180294123068694,0.17588071139429118,0.28180294123068694,0.8627851841367232,0.07227379970623561,0.44999999999999996
25.73893117904663,0.18428626507593204,0.19036037051218163,0.1743771216621993,0.23545187752158836,0.1743771216621993,0.23545187752158836,0.8793255828262142,0.07258010338567064,0.44999999999999996
25.743489503860474,0.18428626507593204,0.19036037051218163,0.1743771216621993,0.23545187752158836,0.1743771216621993,0.23545187752158836,0.8793255828262142,0.07258010338567064,0.44999999999999996
25.78998613357544,0.18190696198693543,0.22277182495225206,0.16812603606423485,0.17545187752158836,0.16812603606423485,0.17545187752158836,0.8533380690195405,0.0720988531299915,0.44999999999999996
25.83637833595276,0.18585259831906975,0.2546602858539367,0.1662520932372844,0.11545187752158836,0.1662520932372844,0.11545187752158836,0.8343046105161223,0.0735988531299915,0.44999999999999996
25.843504667282104,0.18585259831906975,0.2546602858539367,0.1662520932372844,0.11545187752158836,0.1662520932372844,0.11545187752158836,0.8343046105161223,0.0735988531299915,0.44999999999999996
25.888078927993774,0.1786094230715153,0.22712067577355813,0.16452001551762285,0.055451877521588366,0.16452001551762285,0.055451877521588366,0.8255683433411645,0.07448074868845289,0.44999999999999996
25.939152002334595,0.17493974049204516,0.1928801377629497,0.15710282604625794,-0.004548122478411631,0.15710282604625794,0.004548122478411631,0.8139022451166523,0.07421070011844103,0.44999999999999996
25.94347906112671,0.17493974049204516,0.1928801377629497,0.15710282604625794,-0.004548122478411631,0.15710282604625794,0.004548122478411631,0.8139022451166523,0.07421070011844103,0.44999999999999996
25.990755319595337,0.1691437366274978,0.1307958622119477,0.15635786606407212,-0.05619832007037551,0.15635786606407212,0.05619832007037551,0.8131377318184576,0.07419300305135319,0.44999999999999996
26.037158012390137,0.17158902736877168,0.0735680165874,0.15647432589231144,-0.05138017083667967,0.15647432589231144,0.05138017083667967,0.8117464168223061,0.07319300305135319,0.44999999999999996
26.043468952178955,0.17158902736877168,0.0735680165874,0.15647432589231144,-0.05138017083667967,0.15647432589231144,0.05138017083667967,0.8117464168223061,0.07319300305135319,0.44999999999999996
26.088489294052124,0.16671102948793712,0.022058518722692953,0.1551489205152867,-0.031835142652767434,0.1551489205152867,0.031835142652767434,0.8031532688305889,0.07219300305135319,0.44999999999999996
26.139797687530518,0.16356494404246635,-0.016464457923394377,0.15596536672568048,0.002334091806848515,0.15596536672568048,0.002334091806848515,0.795798652503785,0.07119300305135319,0.44999999999999996
26.143488883972168,0.16356494404246635,-0.016464457923394377,0.15596536672568048,0.002334091806848515,0.15596536672568048,0.002334091806848515,0.795798652503785,0.07119300305135319,0.44999999999999996
26.19116973876953,0.16035542206785985,-0.024893289023975765,0.15777863435449585,0.05450809954412528,0.15777863435449585,0.05450809954412528,0.7892915776166849,0.07091280699290158,0.44999999999999996
26.23766016960144,0.1647508981100503,-0.023787078992945243,0.1583552739996293,0.07855448092647022,0.1583552739996293,0.07855448092647022,0.7838354770389588,0.07081176809331405,0.44999999999999996
26.243478775024414,0.1647508981100503,-0.023787078992945243,0.1583552739996293,0.07855448092647022,0.1583552739996293,0.07855448092647022,0.7838354770389588,0.07081176809331405,0.44999999999999996
26.28859519958496,0.1618400072692833,0.003490987557653107,0.15856964291966769,0.09617842785688757,0.15856964291966769,0.09617842785688757,0.7792825406277821,0.07072745445607004,0.44999999999999996
26.34026336669922,0.1603647133135782,0.03185161029955833,0.15841471498651086,0.08970931138539329,0.15841471498651086,0.08970931138539329,0.7758335026629477,0.07222745445607004,0.44999999999999996
26.343514442443848,0.1603647133135782,0.03185161029955833,0.15841471498651086,0.08970931138539329,0.15841471498651086,0.08970931138539329,0.7758335026629477,0.07222745445607004,0.44999999999999996
26.386581420898438,0.16574926111548616,0.06072265869035782,0.1562175834128529,0.07272651156435195,0.1562175834128529,0.07272651156435195,0.7732500874538397,0.07326967795032037,0.44999999999999996
26.437899827957153,0.16345155154954788,0.07771223504584178,0.15565810201005642,0.04909725547605137,0.15565810201005642,0.04909725547605137,0.7716042813165811,0.07323158058603198,0.44999999999999996
26.443471670150757,0.16345155154954788,0.07771223504584178,0.15565810201005642,0.04909725547605137,0.15565810201005642,0.04909725547605137,0.7716042813165811,0.07323158058603198,0.44999999999999996
26.489145040512085,0.1607032687422686,0.07657854784786393,0.1550324526183432,0.022673446526574104,0.1550324526183432,0.022673446526574104,0.7707334811280502,0.07321142317426042,0.44999999999999996
26.54066824913025,0.1588182147269857,0.07111454046516091,0.1225324526183432,-0.015629267770412514,0.1225324526183432,0.015629267770412514,0.7787610715643652,0.07221142317426042,0.6
26.543503046035767,0.1588182147269857,0.07111454046516091,0.1225324526183432,-0.015629267770412514,0.1225324526183432,0.015629267770412514,0.7787610715643652,0.07221142317426042,0.6
26.58756113052368,0.15382551780471593,0.04861903765553045,0.0900324526183432,-0.05700821708930026,0.0900324526183432,0.05700821708930026,0.7699803819125668,0.07121142317426042,0.6
26.638495922088623,0.1430249591540074,0.025548046834739033,0.07460364309611782,-0.07820952395768765,0.07460364309611782,0.07820952395768765,0.7666296596174479,0.07021142317426042,0.6
26.643476009368896,0.1430249591540074,0.025548046834739033,0.07460364309611782,-0.07820952395768765,0.07460364309611782,0.07820952395768765,0.7666296596174479,0.07021142317426042,0.6
26.68957757949829,0.1230327127467653,-0.00540884410789887,0.07359391071786155,-0.09098299825084988,0.07359391071786155,0.09098299825084988,0.7619792643092028,0.06921142317426042,0.6
26.741264581680298,0.10301902217439947,-0.036427222041458186,0.07367557244458216,-0.08384364483169437,0.07367557244458216,0.08384364483169437,0.757173962654611,0.06821142317426042,0.5499999999999999
26.743515968322754,0.10301902217439947,-0.036427222041458186,0.07367557244458216,-0.08384364483169437,0.07367557244458216,0.08384364483169437,0.757173962654611,0.06821142317426042,0.5499999999999999
26.787254571914673,0.0902267822100856,-0.06602301619379544,0.08617557244458215,-0.14384364483169437,0.08617557244458215,0.14384364483169437,0.7702078952274062,0.06721142317426042,0.5499999999999999
26.83856701850891,0.07845351412182819,-0.08321960171268593,0.09867557244458215,-0.20384364483169437,0.09867557244458215,0.20384364483169437,0.7692406569225494,0.06621142317426042,0.5499999999999999
26.843584537506104,0.07845351412182819,-0.08321960171268593,0.09867557244458215,-0.20384364483169437,0.09867557244458215,0.20384364483169437,0.7692406569225494,0.06621142317426042,0.5499999999999999
26.8899245262146,0.07894179361272592,-0.12069695205889068,0.11117557244458215,-0.26384364483169437,0.11117557244458215,0.26384364483169437,0.7598318345861643,0.06521142317426042,0.5499999999999999
26.936317682266235,0.0863245845531325,-0.16504481375733687,0.12,-0.26892456830659217,0.12,0.26892456830659217,0.7466688309772083,0.06506174843497414,0.5499999999999999
26.943467617034912,0.0863245845531325,-0.16504481375733687,0.12,-0.26892456830659217,0.12,0.26892456830659217,0.7466688309772083,0.06506174843497414,0.5499999999999999
26.987698793411255,0.09543540431753514,-0.20056699694482136,0.12,-0.2516920661857447,0.12,0.2516920661857447,0.7364016881622225,0.06496668229779835,0.5499999999999999
27.039084911346436,0.10478469895883791,-0.23085523174595252,0.12,-0.23101030168374376,0.12,0.23101030168374376,0.7283933167665336,0.06489253071080124,0.49999999999999994
27.04353666305542,0.10478469895883791,-0.23085523174595252,0.12,-0.23101030168374376,0.12,0.23101030168374376,0.7283933167665336,0.06489253071080124,0.49999999999999994
27.090591430664062,0.11173796617659851,-0.23647873318447227,0.12,-0.2084177079085235,0.12,0.2084177079085235,0.7221467870778963,0.06639253071080124,0.49999999999999994
27.13683772087097,0.12158239252004722,-0.24499921909192757,0.12,-0.1892792417241653,0.12,0.1892792417241653,0.7172744939207591,0.06718436797112165,0.49999999999999994
27.14356756210327,0.12158239252004722,-0.24499921909192757,0.12,-0.1892792417241653,0.12,0.1892792417241653,0.7172744939207591,0.06718436797112165,0.49999999999999994
27.188174724578857,0.12231736336837697,-0.2244438740356967,0.12,-0.1710555535505953,0.12,0.1710555535505953,0.7134741052581922,0.06713158479525266,0.49999999999999994
27.23944330215454,0.12319284421871296,-0.20463196677524903,0.12,-0.1570527574350508,0.12,0.1570527574350508,0.7105098021013899,0.06709041391807485,0.49999999999999994
27.243509769439697,0.12319284421871296,-0.20463196677524903,0.12,-0.1570527574350508,0.12,0.1570527574350508,0.7105098021013899,0.06709041391807485,0.49999999999999994
27.290939331054688,0.1225144791107109,-0.1805269826509052,0.12,-0.1446051592993958,0.12,0.1446051592993958,0.7081976456390842,0.06705830063387618,0.49999999999999994
27.33716320991516,0.1278277008824604,-0.1637882231941223,0.12,-0.1348479950455217,0.12,0.1348479950455217,0.7063941635984857,0.0670332522722012,0.49999999999999994
27.34355926513672,0.1278277008824604,-0.1637882231941223,0.12,-0.1348479950455217,0.12,0.1348479950455217,0.7063941635984857,0.0670332522722012,0.49999999999999994
27.388423442840576,0.12594468141680604,-0.1414133570355845,0.12,-0.12656951089109247,0.12,0.12656951089109247,0.7049874476068189,0.06701371455009471,0.49999999999999994
27.43991780281067,0.1249684953618855,-0.12410707188293887,0.12,-0.11999632729612734,0.12,0.11999632729612734,0.7038902091333188,0.06699847512685166,0.49999999999999994
27.443946838378906,0.1249684953618855,-0.12410707188293887,0.12,-0.11999632729612734,0.12,0.11999632729612734,0.7038902091333188,0.06699847512685166,0.49999999999999994
27.48634934425354,0.12852867924579126,-0.11445470905288577,0.12,-0.11406537544791945,0.12,0.11406537544791945,0.7030343631239887,0.06849847512685166,0.44999999999999996
27.538059949874878,0.12604002250836108,-0.10440749560425114,0.12,-0.10849539216142788,0.12,0.10849539216142788,0.7023668032367112,0.06930308894882799,0.49999999999999994
27.543516397476196,0.12604002250836108,-0.10440749560425114,0.12,-0.10849539216142788,0.12,0.10849539216142788,0.7023668032367112,0.06930308894882799,0.49999999999999994
27.588901042938232,0.12463494414499066,-0.09809340592236172,0.11692162856186988,-0.10294113829328735,0.11692162856186988,0.10294113829328735,0.7018461065246347,0.06929344641712287,0.49999999999999994
27.64028525352478,0.12295710550960903,-0.09327834572582239,0.11289484351726986,-0.09736041054648555,0.11289484351726986,0.09736041054648555,0.7014399630892152,0.06928592524239288,0.44999999999999996
27.643527507781982,0.12295710550960903,-0.09327834572582239,0.11289484351726986,-0.09736041054648555,0.11289484351726986,0.09736041054648555,0.7014399630892152,0.06928592524239288,0.44999999999999996
27.686975240707397,0.12411654270498124,-0.09229067299755989,0.10889725828700995,-0.09178711015084105,0.10889725828700995,0.09178711015084105,0.7011231712095879,0.06928005872610347,0.44999999999999996
27.739959478378296,0.11878504571645811,-0.08852029721627142,0.10506945337849177,-0.08623812571992308,0.10506945337849177,0.08623812571992308,0.7008760735434786,0.06927548284339775,0.49999999999999994
27.74347686767578,0.11878504571645811,-0.08852029721627142,0.10506945337849177,-0.08623812571992308,0.10506945337849177,0.08623812571992308,0.7008760735434786,0.06927548284339775,0.49999999999999994
27.789767742156982,0.11515193692847099,-0.08583628978151495,0.10132317491995518,-0.08038203471390677,0.10132317491995518,0.08038203471390677,0.6981916043832433,0.06922577045154155,0.49999999999999994
27.841148614883423,0.1105592593427077,-0.08387793325390411,0.0978164956381446,-0.07484605529790259,0.0978164956381446,0.07484605529790259,0.6941283704432046,0.06915052537857787,0.44999999999999996
27.84363627433777,0.1105592593427077,-0.08387793325390411,0.0978164956381446,-0.07484605529790259,0.0978164956381446,0.07484605529790259,0.6941283704432046,0.06915052537857787,0.44999999999999996
27.887460470199585,0.10919556288520893,-0.08314575069331132,0.09441138774138264,-0.06899379137649068,0.09441138774138264,0.06899379137649068,0.6894220112022473,0.06906337057781939,0.49999999999999994
27.93877387046814,0.10363829305772307,-0.07965110086160476,0.0912025015337746,-0.06356981717612875,0.0912025015337746,0.06356981717612875,0.6846694325424256,0.06897535986189678,0.49999999999999994
27.943599700927734,0.10363829305772307,-0.07965110086160476,0.0912025015337746,-0.06356981717612875,0.0912025015337746,0.06356981717612875,0.6846694325424256,0.06897535986189678,0.49999999999999994
27.989781379699707,0.09864479790007749,-0.07477314748104126,0.088091596342297,-0.058074383523217143,0.088091596342297,0.058074383523217143,0.6804926552800269,0.07047535986189678,0.44999999999999996
28.036160945892334,0.09797100131366202,-0.07324706335500511,0.08512977111056703,-0.05316528211821777,0.08512977111056703,0.05316528211821777,0.6778645599545028,0.06947535986189678,0.7
28.0435528755188,0.09797100131366202,-0.07324706335500511,0.08512977111056703,-0.05316528211821777,0.08512977111056703,0.05316528211821777,0.6778645599545028,0.06947535986189678,0.7
28.087632656097412,0.09264716930155491,-0.0668865387088821,0.08221501860681762,-0.04831416326879126,0.08221501860681762,0.04831416326879126,0.6749327297116282,0.06847535986189678,0.7
28.13886260986328,0.0885774823744273,-0.062221588409715124,0.07944696230370384,-0.04412174073025082,0.07944696230370384,0.04412174073025082,0.6727147884690352,0.06747535986189677,0.7
28.143500804901123,0.0885774823744273,-0.062221588409715124,0.07944696230370384,-0.04412174073025082,0.07944696230370384,0.04412174073025082,0.6727147884690352,0.06747535986189677,0.7
28.190378665924072,0.08452544666271815,-0.05667784641676252,0.07674970872058319,-0.04000393793421458,0.07674970872058319,0.04000393793421458,0.6715847504400195,0.06647535986189677,0.7
28.236539363861084,0.0845680450289879,-0.05354181605469675,0.07417183971496971,-0.03643251634626861,0.07417183971496971,0.03643251634626861,0.6704699220068591,0.06547535986189677,0.7
28.24362087249756,0.0845680450289879,-0.05354181605469675,0.07417183971496971,-0.03643251634626861,0.07417183971496971,0.03643251634626861,0.6704699220068591,0.06547535986189677,0.7
28.287940740585327,0.0807795652170211,-0.04800731694264294,0.07163246967617211,-0.03313463323043573,0.07163246967617211,0.03313463323043573,0.6671946196421517,0.06447535986189677,0.7
28.33929967880249,0.07777710683179309,-0.04380079207175916,0.06916896365622295,-0.030246606458778295,0.06916896365622295,0.030246606458778295,0.6624601807306735,0.06347535986189677,0.7
28.343507051467896,0.07777710683179309,-0.04380079207175916,0.06916896365622295,-0.030246606458778295,0.06916896365622295,0.030246606458778295,0.6624601807306735,0.06347535986189677,0.7
28.390836238861084,0.07439860017151126,-0.03975486811124176,0.06675892656343521,-0.02746592968414774,0.06675892656343521,0.02746592968414774,0.6568016343598301,0.06247535986189677,0.7
28.437188863754272,0.07416048187147872,-0.03762773505952524,0.0644770641291192,-0.024954579507044362,0.0644770641291192,0.024954579507044362,0.6506979018488434,0.06147535986189677,0.7
28.443506479263306,0.07416048187147872,-0.03762773505952524,0.0644770641291192,-0.024954579507044362,0.0644770641291192,0.024954579507044362,0.6506979018488434,0.06147535986189677,0.7
28.488492012023926,0.07052288853727127,-0.03406233274231871,0.062256162753630655,-0.02257518897011117,0.062256162753630655,0.02257518897011117,0.6444698424792541,0.06047535986189677,0.7
28.540115356445312,0.06721488652649835,-0.031360599134185846,0.06012984401959411,-0.020421199870404916,0.06012984401959411,0.020421199870404916,0.6383880538805644,0.06,0.7
28.54351568222046,0.06721488652649835,-0.031360599134185846,0.06012984401959411,-0.020421199870404916,0.06012984401959411,0.020421199870404916,0.6383880538805644,0.06,0.7
28.591206073760986,0.06440838803271408,-0.02907732582810093,0.058080684792356445,-0.018307932812648354,0.058080684792356445,0.018307932812648354,0.6329346977238574,0.06,0.7
28.63757586479187,0.06404296498612413,-0.027936080222449103,0.056114915541678106,-0.016315201117481238,0.056114915541678106,0.016315201117481238,0.6289716459130122,0.06,0.7
28.643553733825684,0.06404296498612413,-0.027936080222449103,0.056114915541678106,-0.016315201117481238,0.056114915541678106,0.016315201117481238,0.6289716459130122,0.06,0.7
28.68894648551941,0.06075910782895497,-0.025596905715632397,0.054205151956817244,-0.014415035872119387,0.054205151956817244,0.014415035872119387,0.6243844995385485,0.06,0.7
28.7402024269104,0.05827503127173992,-0.023439129254936807,0.05238003235512084,-0.012667551161148174,0.05238003235512084,0.012667551161148174,0.6213220635056742,0.06,0.7
28.74351668357849,0.05827503127173992,-0.023439129254936807,0.05238003235512084,-0.012667551161148174,0.05238003235512084,0.012667551161148174,0.6213220635056742,0.06,0.7
28.78685975074768,0.057807483257354846,-0.021665209817078028,0.050592251406900796,-0.011064263803183838,0.050592251406900796,0.011064263803183838,0.6195345390808753,0.06,0.7
28.838239908218384,0.055188984077425535,-0.019105672443808706,0.048865466634920564,-0.009684431908541223,0.048865466634920564,0.009684431908541223,0.6186056961763235,0.06,0.7
28.843554735183716,0.055188984077425535,-0.019105672443808706,0.048865466634920564,-0.009684431908541223,0.048865466634920564,0.009684431908541223,0.6186056961763235,0.06,0.7
28.88937258720398,0.0528904573026161,-0.016417433917403468,0.047184740561641625,-0.008498689816800997,0.047184740561641625,0.008498689816800997,0.6164952773953688,0.06,0.7
28.94095206260681,0.05071612331587645,-0.013758137886749247,0.04556874991437786,-0.007570491830304516,0.04556874991437786,0.007570491830304516,0.6154157119856032,0.06,0.7
28.943495273590088,0.05071612331587645,-0.013758137886749247,0.04556874991437786,-0.007570491830304516,0.04556874991437786,0.007570491830304516,0.6154157119856032,0.06,0.7
28.987019538879395,0.05058817583428663,-0.011889607029352168,0.044003801228574085,-0.00686172639882967,0.044003801228574085,0.00686172639882967,0.6152159210037871,0.06,0.7
29.03832173347473,0.04822335302791032,-0.009819016458090702,0.04249612014667992,-0.006261910867478094,0.04249612014667992,0.006261910867478094,0.6145074368547967,0.06,0.7
29.04354500770569,0.04822335302791032,-0.009819016458090702,0.04249612014667992,-0.006261910867478094,0.04249612014667992,0.006261910867478094,0.6145074368547967,0.06,0.7
29.08984112739563,0.0459579184555856,-0.008366726410657612,0.04103450240435067,-0.005799993547364402,0.04103450240435067,0.005799993547364402,0.6137731575066502,0.06,0.7
29.141129732131958,0.04381917675175768,-0.007823790798981744,0.039636378077105565,-0.005354692853799837,0.039636378077105565,0.005354692853799837,0.6138286833904028,0.06,0.7
29.143490076065063,0.04381917675175768,-0.007823790798981744,0.039636378077105565,-0.005354692853799837,0.039636378077105565,0.005354692853799837,0.6138286833904028,0.06,0.7
29.187447786331177,0.04312960429740119,-0.008414359339510569,0.03830797207310487,-0.0047950019356011175,0.03830797207310487,0.0047950019356011175,0.6136889063353044,0.06,0.7
29.238807678222656,0.04086499248718681,-0.008765126345558472,0.03704803935793321,-0.004058659835546408,0.03704803935793321,0.004058659835546408,0.6121441279895901,0.06,0.7
29.24348497390747,0.04086499248718681,-0.008765126345558472,0.03704803935793321,-0.004058659835546408,0.03704803935793321,0.004058659835546408,0.6121441279895901,0.06,0.7
29.290218830108643,0.03906725089808091,-0.008794244401030894,0.035824210312700354,-0.003232546835919336,0.035824210312700354,0.003232546835919336,0.6095780643513121,0.06,0.7
29.33661913871765,0.03890240679549762,-0.00914761154146093,0.035,-0.002446988867362432,0.035,0.002446988867362432,0.6062837118999802,0.06,0.7
29.34354019165039,0.03890240679549762,-0.00914761154146093,0.035,-0.002446988867362432,0.035,0.002446988867362432,0.6062837118999802,0.06,0.7
29.38774299621582,0.03714063277398222,-0.00843739992209636,0.035,-0.0016503406384562602,0.035,0.0016503406384562602,0.6024903537878477,0.06,0.7
29.439451456069946,0.03562809714391875,-0.007234538604568153,0.035,-0.0010085626770195866,0.035,0.0010085626770195866,0.5983862788395995,0.06,0.7
29.443503618240356,0.03562809714391875,-0.007234538604568153,0.035,-0.0010085626770195866,0.035,0.0010085626770195866,0.5983862788395995,0.06,0.7
29.490845918655396,0.03481947815038526,-0.005028546709491618,0.035,-0.0005503232492118038,0.035,0.0005503232492118038,0.5941024012932121,0.06,0.7
29.536864757537842,0.03574346912827201,-0.0024673392965265644,0.035,-0.00047042154544962855,0.035,0.00047042154544962855,0.5897123757015597,0.06,0.7
29.5435631275177,0.03574346912827201,-0.0024673392965265644,0.035,-0.00047042154544962855,0.035,0.00047042154544962855,0.5897123757015597,0.06,0.7
29.58821201324463,0.035179363874767965,-0.0009183380624985123,0.035,-0.0006691741149712271,0.035,0.0006691741149712271,0.5852813284401076,0.06,0.7
29.639899730682373,0.034967465293568936,1.914857857324972e-05,0.035,-0.0008623040590819642,0.035,0.0008623040590819642,0.5808562751930277,0.06,0.7
29.643584489822388,0.034967465293568936,1.914857857324972e-05,0.035,-0.0008623040590819642,0.035,0.0008623040590819642,0.5808562751930277,0.06,0.7
29.69098401069641,0.03501204298066919,7.806191015300305e-05,0.035,-0.0010412126330200167,0.035,0.0010412126330200167,0.5764788009763286,0.06,0.7
29.737707138061523,0.03623057970959464,-0.0007025286274510068,0.035,-0.0010743584532389326,0.035,0.0010743584532389326,0.5722037215040033,0.06,0.7
29.743627309799194,0.03623057970959464,-0.0007025286274510068,0.035,-0.0010743584532389326,0.035,0.0010743584532389326,0.5722037215040033,0.06,0.7
29.78877830505371,0.03591497979290844,-0.0012442297850197115,0.035,-0.0009070306156779396,0.035,0.0009070306156779396,0.5680800584239363,0.06,0.7
29.84042716026306,0.0355585573792364,-0.0018146697532735016,0.035,-0.0007110898433306368,0.035,0.0007110898433306368,0.5641526460009935,0.06,0.7
29.84357738494873,0.0355585573792364,-0.0018146697532735016,0.035,-0.0007110898433306368,0.035,0.0007110898433306368,0.5641526460009935,0.06,0.7
29.88680362701416,0.036686521992421214,-0.002227539416256131,0.035,-0.0004509197994731373,0.035,0.0004509197994731373,0.560465530566689,0.06,0.7
29.93809747695923,0.03620993921285984,-0.0023627621366817306,0.035,-0.00020418760392253434,0.035,0.00020418760392253434,0.5571360515037249,0.06,0.7
29.94352912902832,0.03620993921285984,-0.0023627621366817306,0.035,-0.00020418760392253434,0.035,0.00020418760392253434,0.5571360515037249,0.06,0.7
29.98941421508789,0.03567256446077387,-0.002221635494926856,0.035,3.776049402279824e-05,0.035,3.776049402279824e-05,0.5550873539880028,0.06,0.7
30.040754079818726,0.03514805336535547,-0.0019663725243597675,0.035,0.0002223516358107247,0.035,0.0002223516358107247,0.5541179647768982,0.06,0.7
30.043806791305542,0.03514805336535547,-0.0019663725243597675,0.035,0.0002223516358107247,0.035,0.0002223516358107247,0.5541179647768982,0.06,0.7
30.087186098098755,0.03604250652726647,-0.001639090495313755,0.035,0.00036618046889262955,0.035,0.00036618046889262955,0.5540636996448142,0.06,0.7
30.138246297836304,0.03553280295836356,-0.001131055100238325,0.035,0.00045991564398883966,0.035,0.00045991564398883966,0.5547975784707957,0.06,0.7
30.143526554107666,0.03553280295836356,-0.001131055100238325,0.035,0.00045991564398883966,0.035,0.00045991564398883966,0.5547975784707957,0.06,0.7
30.189626455307007,0.035165255969702255,-0.0005068546304863678,0.035,0.0004853173743168071,0.035,0.0004853173743168071,0.5562244096211578,0.06,0.7
30.240966081619263,0.03506645667232819,0.0003560788381316051,0.035,0.00043240476550234776,0.035,0.00043240476550234776,0.5582611549146587,0.06,0.7
30.243497848510742,0.03506645667232819,0.0003560788381316051,0.035,0.00043240476550234776,0.035,0.00043240476550234776,0.5582611549146587,0.06,0.7
30.287365913391113,0.03612865402950986,0.0007010095966340131,0.035,0.0002559191448423092,0.035,0.0002559191448423092,0.559269663031238,0.06,0.7
30.338594913482666,0.035444224225113785,0.0003902262645849078,0.035,0.00014646772668553968,0.035,0.00014646772668553968,0.559579230838532,0.06,0.7
30.343552112579346,0.035444224225113785,0.0003902262645849078,0.035,0.00014646772668553968,0.035,0.00014646772668553968,0.559579230838532,0.06,0.7
30.390092134475708,0.03487195941622963,-3.9254256482819264e-05,0.035,0.00016668706804274792,0.035,0.00016668706804274792,0.5607233089008523,0.06,0.7
30.43631935119629,0.03593601096221101,-0.00013427950721925833,0.035,0.00024876488797778153,0.035,0.00024876488797778153,0.5614898743545156,0.06,0.7
30.44352912902832,0.03593601096221101,-0.00013427950721925833,0.035,0.00024876488797778153,0.035,0.00024876488797778153,0.5614898743545156,0.06,0.7
30.48779535293579,0.0352746380311266,-0.00025007171938772673,0.035,0.0002798173600602638,0.035,0.0002798173600602638,0.5611348102265912,0.06,0.7
30.53928256034851,0.03485517223945905,-0.0002927503023097358,0.035,0.00032913950180786246,0.035,0.00032913950180786246,0.5617484644386689,0.06,0.7
30.54346990585327,0.03485517223945905,-0.0002927503023097358,0.035,0.00032913950180786246,0.035,0.00032913950180786246,0.5617484644386689,0.06,0.7
30.590354919433594,0.03469252309473701,-0.00015747237169465037,0.035,0.0003707730416858901,0.035,0.0003707730416858901,0.5625895496414932,0.06,0.7
30.63688850402832,0.035789641265045066,0.00022178743957691652,0.035,0.00036943299129363897,0.035,0.00036943299129363897,0.5618288279345066,0.06,0.7
30.643564701080322,0.035789641265045066,0.00022178743957691652,0.035,0.00036943299129363897,0.035,0.00036943299129363897,0.5618288279345066,0.06,0.7
30.68841242790222,0.035181425393377104,0.0003393281878717945,0.035,0.0002978600988009284,0.035,0.0002978600988009284,0.5621178017521816,0.06,0.7
30.739807605743408,0.034646372432688616,0.00031839094609501634,0.035,0.0002512940090839244,0.035,0.0002512940090839244,0.5631684554447715,0.06,0.7
30.743505716323853,0.034646372432688616,0.00031839094609501634,0.035,0.0002512940090839244,0.035,0.0002512940090839244,0.5631684554447715,0.06,0.7
30.791000843048096,0.03433195508618641,0.00020695411496176062,0.035,0.0002301832866721476,0.035,0.0002301832866721476,0.5624649229146498,0.06,0.7
30.837169885635376,0.03551460664715726,-0.00019218368272871808,0.035,0.00023512877584552783,0.035,0.00023512877584552783,0.5604105835858182,0.06,0.7
30.843564987182617,0.03551460664715726,-0.00019218368272871808,0.035,0.00023512877584552783,0.035,0.00023512877584552783,0.5604105835858182,0.06,0.7
30.910372257232666,0.03144568716803862,-0.0003309728867267807,0.0,0.0,0.0,0.0,0.5604105835858182,0.06,0.7
30.943618535995483,0.03144568716803862,-0.0003309728867267807,0.0,0.0,0.0,0.0,0.5604105835858182,0.06,0.7
30.98316192626953,0.02895881409351943,-0.0005144527186584241,0.0,0.0,0.0,0.0,0.5604105835858182,0.06,0.7
30.99068784713745,0.0338771533225941,-0.005456291541115381,0.0,0.0,0.0,0.0,0.5604105835858182,0.06,0.7
31.043742895126343,0.0338771533225941,-0.005456291541115381,0.0,0.0,0.0,0.0,0.5604105835858182,0.06,0.7
31.054242849349976,0.02191466899128131,-0.0038102911727371357,0.0,0.0,0.0,0.0,0.5604105835858182,0.06,0.7
31.13370990753174,0.013670888283275997,-0.0011269326480277183,0.0,0.0,0.0,0.0,0.5604105835858182,0.06,0.7
31.139835357666016,0.001401484746159514,0.024986399104504262,0.0,0.0,0.0,0.0,0.5604105835858182,0.06,0.7
31.14355969429016,0.001401484746159514,0.024986399104504262,0.0,0.0,0.0,0.0,0.5604105835858182,0.06,0.7
31.206106185913086,0.0012245548746231678,0.01702513389197648,0.0,0.0,0.0,0.0,0.5604105835858182,0.06,0.7
31.243613481521606,0.0012245548746231678,0.01702513389197648,0.0,0.0,0.0,0.0,0.5604105835858182,0.06,0.7
31.25439715385437,0.0007959606685050591,0.011066337029784712,0.0,0.0,0.0,0.0,0.5604105835858182,0.06,0.7
31.28890037536621,0.0005173744345282885,0.007193119069360063,0.0,0.0,0.0,0.0,0.5604105835858182,0.06,0.7
31.339741706848145,0.00033629338244338755,0.0046755273950840415,0.0,0.0,0.0,0.0,0.5604105835858182,0.06,0.7
31.34357976913452,0.00033629338244338755,0.0046755273950840415,0.0,0.0,0.0,0.0,0.5604105835858182,0.06,0.7
31.390031814575195,0.00023192100242630975,0.0030057670472093574,0.0,0.0,0.0,0.0,0.5604105835858182,0.06,0.7
31.440678119659424,0.00015074865157710136,0.0019537485806860825,0.0,0.0,0.0,0.0,0.5604105835858182,0.06,0.7
31.443499326705933,0.00015074865157710136,0.0019537485806860825,0.0,0.0,0.0,0.0,0.5604105835858182,0.06,0.7
31.501755714416504,9.798662352511589e-05,0.0012699365774459536,0.0,0.0,0.0,0.0,0.5604105835858182,0.06,0.7
31.54359459877014,9.798662352511589e-05,0.0012699365774459536,0.0,0.0,0.0,0.0,0.5604105835858182,0.06,0.7
31.56995940208435,6.369130529132533e-05,0.0008254587753398698,0.0,0.0,0.0,0.0,0.5604105835858182,0.06,0.7
31.64168930053711,4.1399348439361465e-05,0.0005365482039709154,0.0,0.0,0.0,0.0,0.5604105835858182,0.06,0.7
31.643928050994873,4.1399348439361465e-05,0.0005365482039709154,0.0,0.0,0.0,0.0,0.5604105835858182,0.06,0.7
31.646493911743164,2.6909576485584952e-05,0.000348756332581095,0.0,0.0,0.0,0.0,0.5604105835858182,0.06,0.7
31.718626737594604,1.749122471563022e-05,0.00022669161617771177,0.0,0.0,0.0,0.0,0.5604105835858182,0.06,0.7
31.743470668792725,1.749122471563022e-05,0.00022669161617771177,0.0,0.0,0.0,0.0,0.5604105835858182,0.06,0.7
31.78581666946411,1.1369296065159645e-05,0.00014734955051551267,0.0,0.0,0.0,0.0,0.5604105835858182,0.06,0.7
31.789421796798706,7.390042442353769e-06,9.577720783508324e-05,0.0,0.0,0.0,0.0,0.5604105835858182,0.06,0.7
31.843608379364014,7.390042442353769e-06,9.577720783508324e-05,0.0,0.0,0.0,0.0,0.5604105835858182,0.06,0.7
31.861141204833984,4.8035275875299505e-06,6.225518509280411e-05,0.0,0.0,0.0,0.0,0.5604105835858182,0.06,0.7
31.92644429206848,3.122292931894468e-06,4.0465870310322676e-05,0.0,0.0,0.0,0.0,0.5604105835858182,0.06,0.7
31.940783262252808,2.0294904057314045e-06,2.630281570170974e-05,0.0,0.0,0.0,0.0,0.5604105835858182,0.06,0.7
31.9434871673584,2.0294904057314045e-06,2.630281570170974e-05,0.0,0.0,0.0,0.0,0.5604105835858182,0.06,0.7
31.99774932861328,1.319168763725413e-06,1.7096830206111333e-05,0.0,0.0,0.0,0.0,0.5604105835858182,0.06,0.7
32.04360890388489,1.319168763725413e-06,1.7096830206111333e-05,0.0,0.0,0.0,0.0,0.5604105835858182,0.06,0.7
32.05000066757202,8.574596964215185e-07,1.1112939633972367e-05,0.0,0.0,0.0,0.0,0.5604105835858182,0.06,0.7
32.09104776382446,5.57348802673987e-07,7.2234107620820386e-06,0.0,0.0,0.0,0.0,0.5604105835858182,0.06,0.7
32.14349412918091,5.57348802673987e-07,7.2234107620820386e-06,0.0,0.0,0.0,0.0,0.5604105835858182,0.06,0.7
32.15433979034424,3.622767217380916e-07,4.695216995353325e-06,0.0,0.0,0.0,0.0,0.5604105835858182,0.06,0.7
32.229966163635254,2.3547986912975953e-07,3.0518910469796612e-06,0.0,0.0,0.0,0.0,0.5604105835858182,0.06,0.7
32.24039936065674,1.530619149343437e-07,1.9837291805367797e-06,0.0,0.0,0.0,0.0,0.5604105835858182,0.06,0.7
32.24356198310852,1.530619149343437e-07,1.9837291805367797e-06,0.0,0.0,0.0,0.0,0.5604105835858182,0.06,0.7
32.29914736747742,9.949024470732341e-08,1.289423967348907e-06,0.0,0.0,0.0,0.0,0.5604105835858182,0.06,0.7
32.34360218048096,9.949024470732341e-08,1.289423967348907e-06,0.0,0.0,0.0,0.0,0.5604105835858182,0.06,0.7
32.371289014816284,6.466865905976021e-08,8.381255787767896e-07,0.0,0.0,0.0,0.0,0.5604105835858182,0.06,0.7
32.3898229598999,4.203462838884414e-08,5.447816262049133e-07,0.0,0.0,0.0,0.0,0.5604105835858182,0.06,0.7
32.44027233123779,2.732250845274869e-08,3.541080570331936e-07,0.0,0.0,0.0,0.0,0.5604105835858182,0.06,0.7
32.44349956512451,2.732250845274869e-08,3.541080570331936e-07,0.0,0.0,0.0,0.0,0.5604105835858182,0.06,0.7
32.51387071609497,1.7759630494286648e-08,2.3017023707157586e-07,0.0,0.0,0.0,0.0,0.5604105835858182,0.06,0.7
32.543562173843384,1.7759630494286648e-08,2.3017023707157586e-07,0.0,0.0,0.0,0.0,0.5604105835858182,0.06,0.7
32.54990267753601,1.1543759821286322e-08,1.4961065409652432e-07,0.0,0.0,0.0,0.0,0.5604105835858182,0.06,0.7
32.589906454086304,7.50344388383611e-09,9.724692516274081e-08,0.0,0.0,0.0,0.0,0.5604105835858182,0.06,0.7
32.643625259399414,7.50344388383611e-09,9.724692516274081e-08,0.0,0.0,0.0,0.0,0.5604105835858182,0.06,0.7
32.64611101150513,4.877238524493472e-09,6.321050135578154e-08,0.0,0.0,0.0,0.0,0.5604105835858182,0.06,0.7
32.70249533653259,3.170205040920757e-09,4.1086825881258e-08,0.0,0.0,0.0,0.0,0.5604105835858182,0.06,0.7
32.73940944671631,2.060633276598492e-09,2.67064368228177e-08,0.0,0.0,0.0,0.0,0.5604105835858182,0.06,0.7
32.743542432785034,2.060633276598492e-09,2.67064368228177e-08,0.0,0.0,0.0,0.0,0.5604105835858182,0.06,0.7
32.80178260803223,1.33941162978902e-09,1.7359183934831504e-08,0.0,0.0,0.0,0.0,0.5604105835858182,0.06,0.7
32.84357166290283,1.33941162978902e-09,1.7359183934831504e-08,0.0,0.0,0.0,0.0,0.5604105835858182,0.06,0.7
32.88182067871094,8.70617559362863e-10,1.1283469557640478e-08,0.0,0.0,0.0,0.0,0.5604105835858182,0.06,0.7
32.88878846168518,5.65901413585861e-10,7.334255212466311e-09,0.0,0.0,0.0,0.0,0.5604105835858182,0.06,0.7
32.943604946136475,5.65901413585861e-10,7.334255212466311e-09,0.0,0.0,0.0,0.0,0.5604105835858182,0.06,0.7
32.9624605178833,3.6783591883080964e-10,4.767265888103102e-09,0.0,0.0,0.0,0.0,0.5604105835858182,0.06,0.7
33.029621839523315,2.3909334724002625e-10,3.0987228272670166e-09,0.0,0.0,0.0,0.0,0.5604105835858182,0.06,0.7
33.0377311706543,1.5541067570601708e-10,2.014169837723561e-09,0.0,0.0,0.0,0.0,0.5604105835858182,0.06,0.7
33.04351830482483,1.5541067570601708e-10,2.014169837723561e-09,0.0,0.0,0.0,0.0,0.5604105835858182,0.06,0.7
33.11421060562134,1.0101693920891111e-10,1.3092103945203147e-09,0.0,0.0,0.0,0.0,0.5604105835858182,0.06,0.7
33.14357256889343,1.0101693920891111e-10,1.3092103945203147e-09,0.0,0.0,0.0,0.0,0.5604105835858182,0.06,0.7
33.17378783226013,6.566101048579222e-11,8.509867564382046e-10,0.0,0.0,0.0,0.0,0.5604105835858182,0.06,0.7
33.187708616256714,4.267965681576495e-11,5.53141391684833e-10,0.0,0.0,0.0,0.0,0.5604105835858182,0.06,0.7
33.24357032775879,4.267965681576495e-11,5.53141391684833e-10,0.0,0.0,0.0,0.0,0.5604105835858182,0.06,0.7
33.26183342933655,2.7741776930247217e-11,3.5954190459514145e-10,0.0,0.0,0.0,0.0,0.5604105835858182,0.06,0.7
33.31801080703735,1.8032155004660692e-11,2.33702237986842e-10,0.0,0.0,0.0,0.0,0.5604105835858182,0.06,0.7
33.34134483337402,1.1720900753029451e-11,1.5190645469144728e-10,0.0,0.0,0.0,0.0,0.5604105835858182,0.06,0.7
33.343749046325684,1.1720900753029451e-11,1.5190645469144728e-10,0.0,0.0,0.0,0.0,0.5604105835858182,0.06,0.7
33.40217399597168,7.618585489469144e-12,9.873919554944073e-11,0.0,0.0,0.0,0.0,0.5604105835858182,0.06,0.7
33.443504333496094,7.618585489469144e-12,9.873919554944073e-11,0.0,0.0,0.0,0.0,0.5604105835858182,0.06,0.7
33.478917837142944,4.9520805681549435e-12,6.418047710713647e-11,0.0,0.0,0.0,0.0,0.5604105835858182,0.06,0.7
33.49115538597107,3.2188523693007134e-12,4.171731011963871e-11,0.0,0.0,0.0,0.0,0.5604105835858182,0.06,0.7
33.543591260910034,3.2188523693007134e-12,4.171731011963871e-11,0.0,0.0,0.0,0.0,0.5604105835858182,0.06,0.7
33.55022859573364,2.0922540400454638e-12,2.7116251577765162e-11,0.0,0.0,0.0,0.0,0.5604105835858182,0.06,0.7
33.62595081329346,1.3599651260295514e-12,1.7625563525547356e-11,0.0,0.0,0.0,0.0,0.5604105835858182,0.06,0.7
33.640221118927,8.839773319192084e-13,1.1456616291605782e-11,0.0,0.0,0.0,0.0,0.5604105835858182,0.06,0.7
33.64350962638855,8.839773319192084e-13,1.1456616291605782e-11,0.0,0.0,0.0,0.0,0.5604105835858182,0.06,0.7
33.70205235481262,5.745852657474855e-13,7.446800589543759e-12,0.0,0.0,0.0,0.0,0.5604105835858182,0.06,0.7
33.743592739105225,5.745852657474855e-13,7.446800589543759e-12,0.0,0.0,0.0,0.0,0.5604105835858182,0.06,0.7
33.77804780006409,3.734804227358656e-13,4.840420383203443e-12,0.0,0.0,0.0,0.0,0.5604105835858182,0.06,0.7
33.78935885429382,2.4276227477831264e-13,3.1462732490822382e-12,0.0,0.0,0.0,0.0,0.5604105835858182,0.06,0.7
33.84357404708862,2.4276227477831264e-13,3.1462732490822382e-12,0.0,0.0,0.0,0.0,0.5604105835858182,0.06,0.7
33.8468451499939,1.5779547860590322e-13,2.0450776119034548e-12,0.0,0.0,0.0,0.0,0.5604105835858182,0.06,0.7
33.92176389694214,1.025670610938371e-13,1.3293004477372457e-12,0.0,0.0,0.0,0.0,0.5604105835858182,0.06,0.7
33.93917727470398,6.666858971099411e-14,8.640452910292097e-13,0.0,0.0,0.0,0.0,0.5604105835858182,0.06,0.7
33.94355058670044,6.666858971099411e-14,8.640452910292097e-13,0.0,0.0,0.0,0.0,0.5604105835858182,0.06,0.7
33.991252183914185,4.3334583312146175e-14,5.616294391689863e-13,0.0,0.0,0.0,0.0,0.5604105835858182,0.06,0.7
34.04358959197998,4.3334583312146175e-14,5.616294391689863e-13,0.0,0.0,0.0,0.0,0.5604105835858182,0.06,0.7
34.06173133850098,2.8167479152895015e-14,3.6505913545984113e-13,0.0,0.0,0.0,0.0,0.5604105835858182,0.06,0.7
34.1378378868103,1.830886144938176e-14,2.3728843804889674e-13,0.0,0.0,0.0,0.0,0.5604105835858182,0.06,0.7
34.14076471328735,1.1900759942098145e-14,1.5423748473178287e-13,0.0,0.0,0.0,0.0,0.5604105835858182,0.06,0.7
34.143553256988525,1.1900759942098145e-14,1.5423748473178287e-13,0.0,0.0,0.0,0.0,0.5604105835858182,0.06,0.7
34.2060341835022,7.735493962363794e-15,1.0025436507565887e-13,0.0,0.0,0.0,0.0,0.5604105835858182,0.06,0.7
34.244145154953,7.735493962363794e-15,1.0025436507565887e-13,0.0,0.0,0.0,0.0,0.5604105835858182,0.06,0.7
34.28176951408386,5.028071075536466e-15,6.516533729917826e-14,0.0,0.0,0.0,0.0,0.5604105835858182,0.06,0.7
34.28916621208191,3.268246199098703e-15,4.235746924446587e-14,0.0,0.0,0.0,0.0,0.5604105835858182,0.06,0.7
34.34231877326965,2.124360029414157e-15,2.7532355008902818e-14,0.0,0.0,0.0,0.0,0.5604105835858182,0.06,0.7
34.34373188018799,2.124360029414157e-15,2.7532355008902818e-14,0.0,0.0,0.0,0.0,0.5604105835858182,0.06,0.7
34.41445994377136,1.380834019119202e-15,1.7896030755786832e-14,0.0,0.0,0.0,0.0,0.5604105835858182,0.06,0.7
34.438053131103516,8.975421124274814e-16,1.1632419991261442e-14,0.0,0.0,0.0,0.0,0.5604105835858182,0.06,0.7
34.4435248374939,8.975421124274814e-16,1.1632419991261442e-14,0.0,0.0,0.0,0.0,0.5604105835858182,0.06,0.7
34.50236988067627,5.834023730778629e-16,7.561072994319937e-15,0.0,0.0,0.0,0.0,0.5604105835858182,0.06,0.7
34.54360842704773,5.834023730778629e-16,7.561072994319937e-15,0.0,0.0,0.0,0.0,0.5604105835858182,0.06,0.7
34.57409048080444,3.7921154250061094e-16,4.9146974463079594e-15,0.0,0.0,0.0,0.0,0.5604105835858182,0.06,0.7
34.587088108062744,2.4648750262539713e-16,3.194553340100174e-15,0.0,0.0,0.0,0.0,0.5604105835858182,0.06,0.7
34.641685247421265,1.6021687670650815e-16,2.076459671065113e-15,0.0,0.0,0.0,0.0,0.5604105835858182,0.06,0.7
34.64357805252075,1.6021687670650815e-16,2.076459671065113e-15,0.0,0.0,0.0,0.0,0.5604105835858182,0.06,0.7
34.69833827018738,1.041409698592303e-16,1.3496987861923237e-15,0.0,0.0,0.0,0.0,0.5604105835858182,0.06,0.7
34.74358057975769,1.041409698592303e-16,1.3496987861923237e-15,0.0,0.0,0.0,0.0,0.5604105835858182,0.06,0.7
34.753666162490845,6.76916304084997e-17,8.773042110250104e-16,0.0,0.0,0.0,0.0,0.5604105835858182,0.06,0.7
34.78748369216919,4.399955976552481e-17,5.702477371662568e-16,0.0,0.0,0.0,0.0,0.5604105835858182,0.06,0.7
34.84357500076294,4.399955976552481e-17,5.702477371662568e-16,0.0,0.0,0.0,0.0,0.5604105835858182,0.06,0.7
34.850499629974365,2.8599713847591124e-17,3.706610291580669e-16,0.0,0.0,0.0,0.0,0.5604105835858182,0.06,0.7
34.9231219291687,1.8589814000934232e-17,2.409296689527435e-16,0.0,0.0,0.0,0.0,0.5604105835858182,0.06,0.7
34.94103932380676,1.2083379100607252e-17,1.5660428481928327e-16,0.0,0.0,0.0,0.0,0.5604105835858182,0.06,0.7
34.94417762756348,1.2083379100607252e-17,1.5660428481928327e-16,0.0,0.0,0.0,0.0,0.5604105835858182,0.06,0.7
35.00280046463013,7.854196415394714e-18,1.0179278513253413e-16,0.0,0.0,0.0,0.0,0.5604105835858182,0.06,0.7
35.04362916946411,7.854196415394714e-18,1.0179278513253413e-16,0.0,0.0,0.0,0.0,0.5604105835858182,0.06,0.7
35.07392740249634,5.105227670006565e-18,6.616531033614718e-17,0.0,0.0,0.0,0.0,0.5604105835858182,0.06,0.7
35.090843200683594,3.3183979855042674e-18,4.300745171849567e-17,0.0,0.0,0.0,0.0,0.5604105835858182,0.06,0.7
35.14357781410217,3.3183979855042674e-18,4.300745171849567e-17,0.0,0.0,0.0,0.0,0.5604105835858182,0.06,0.7
35.14979553222656,2.1569586905777738e-18,2.7954843617022186e-17,0.0,0.0,0.0,0.0,0.5604105835858182,0.06,0.7
35.2223687171936,1.402023148875553e-18,1.8170648351064423e-17,0.0,0.0,0.0,0.0,0.5604105835858182,0.06,0.7
35.23992037773132,9.113150467691095e-19,1.1810921428191875e-17,0.0,0.0,0.0,0.0,0.5604105835858182,0.06,0.7
35.24354290962219,9.113150467691095e-19,1.1810921428191875e-17,0.0,0.0,0.0,0.0,0.5604105835858182,0.06,0.7
35.29308462142944,5.923547803999212e-19,7.677098928324719e-18,0.0,0.0,0.0,0.0,0.5604105835858182,0.06,0.7
35.343576192855835,5.923547803999212e-19,7.677098928324719e-18,0.0,0.0,0.0,0.0,0.5604105835858182,0.06,0.7
35.35048222541809,3.8503060725994877e-19,4.9901143034110676e-18,0.0,0.0,0.0,0.0,0.5604105835858182,0.06,0.7
35.44357705116272,3.8503060725994877e-19,4.9901143034110676e-18,0.0,0.0,0.0,0.0,0.5604105835858182,0.06,0.7
35.44723129272461,2.5026989471896673e-19,3.243574297217194e-18,0.0,0.0,0.0,0.0,0.5604105835858182,0.06,0.7
35.448861598968506,1.6267543156732838e-19,2.108323293191176e-18,0.0,0.0,0.0,0.0,0.5604105835858182,0.06,0.7
35.51855278015137,1.0573903051876345e-19,1.3704101405742645e-18,0.0,0.0,0.0,0.0,0.5604105835858182,0.06,0.7
35.543578147888184,1.0573903051876345e-19,1.3704101405742645e-18,0.0,0.0,0.0,0.0,0.5604105835858182,0.06,0.7
35.58962631225586,6.873036983719625e-20,8.907665913732719e-19,0.0,0.0,0.0,0.0,0.5604105835858182,0.06,0.7
35.597196102142334,4.467474039417756e-20,5.789982843926267e-19,0.0,0.0,0.0,0.0,0.5604105835858182,0.06,0.7
35.64362096786499,4.467474039417756e-20,5.789982843926267e-19,0.0,0.0,0.0,0.0,0.5604105835858182,0.06,0.7
35.65829801559448,2.9038581256215414e-20,3.763488848552074e-19,0.0,0.0,0.0,0.0,0.5604105835858182,0.06,0.7
35.733722448349,1.887507781654002e-20,2.4462677515588485e-19,0.0,0.0,0.0,0.0,0.5604105835858182,0.06,0.7
35.7387375831604,1.2268800580751012e-20,1.5900740385132515e-19,0.0,0.0,0.0,0.0,0.5604105835858182,0.06,0.7
35.74351096153259,1.2268800580751012e-20,1.5900740385132515e-19,0.0,0.0,0.0,0.0,0.5604105835858182,0.06,0.7
35.81030058860779,7.974720377488158e-21,1.0335481250336135e-19,0.0,0.0,0.0,0.0,0.5604105835858182,0.06,0.7
35.8436062335968,7.974720377488158e-21,1.0335481250336135e-19,0.0,0.0,0.0,0.0,0.5604105835858182,0.06,0.7
35.885672092437744,5.183568245367303e-21,6.718062812718487e-20,0.0,0.0,0.0,0.0,0.5604105835858182,0.06,0.7
35.888163805007935,3.369319359488747e-21,4.366740828267017e-20,0.0,0.0,0.0,0.0,0.5604105835858182,0.06,0.7
35.94363784790039,3.369319359488747e-21,4.366740828267017e-20,0.0,0.0,0.0,0.0,0.5604105835858182,0.06,0.7
35.94636106491089,2.1900575836676856e-21,2.8383815383735613e-20,0.0,0.0,0.0,0.0,0.5604105835858182,0.06,0.7
36.02996516227722,1.4235374293839957e-21,1.8449479999428148e-20,0.0,0.0,0.0,0.0,0.5604105835858182,0.06,0.7
36.04204559326172,9.252993290995973e-22,1.1992161999628297e-20,0.0,0.0,0.0,0.0,0.5604105835858182,0.06,0.7
36.04377031326294,9.252993290995973e-22,1.1992161999628297e-20,0.0,0.0,0.0,0.0,0.5604105835858182,0.06,0.7
36.101725339889526,6.014445639147382e-22,7.794905299758393e-21,0.0,0.0,0.0,0.0,0.5604105835858182,0.06,0.7
36.143577098846436,6.014445639147382e-22,7.794905299758393e-21,0.0,0.0,0.0,0.0,0.5604105835858182,0.06,0.7
36.17789030075073,3.9093896654457988e-22,5.0666884448429555e-21,0.0,0.0,0.0,0.0,0.5604105835858182,0.06,0.7
36.190797090530396,2.541103282539769e-22,3.293347489147921e-21,0.0,0.0,0.0,0.0,0.5604105835858182,0.06,0.7
36.24362897872925,2.541103282539769e-22,3.293347489147921e-21,0.0,0.0,0.0,0.0,0.5604105835858182,0.06,0.7
36.24968099594116,1.65171713365085e-22,2.1406758679461487e-21,0.0,0.0,0.0,0.0,0.5604105835858182,0.06,0.7
36.325923442840576,1.0736161368730526e-22,1.3914393141649967e-21,0.0,0.0,0.0,0.0,0.5604105835858182,0.06,0.7
36.33962631225586,6.978504889674841e-23,9.044355542072479e-22,0.0,0.0,0.0,0.0,0.5604105835858182,0.06,0.7
36.34349060058594,6.978504889674841e-23,9.044355542072479e-22,0.0,0.0,0.0,0.0,0.5604105835858182,0.06,0.7
36.39793348312378,4.536028178288647e-23,5.878831102347112e-22,0.0,0.0,0.0,0.0,0.5604105835858182,0.06,0.7
36.443562507629395,4.536028178288647e-23,5.878831102347112e-22,0.0,0.0,0.0,0.0,0.5604105835858182,0.06,0.7
36.47417664527893,2.948418315887621e-23,3.8212402165256226e-22,0.0,0.0,0.0,0.0,0.5604105835858182,0.06,0.7
36.48796319961548,1.9164719053269534e-23,2.4838061407416546e-22,0.0,0.0,0.0,0.0,0.5604105835858182,0.06,0.7
36.54354381561279,1.9164719053269534e-23,2.4838061407416546e-22,0.0,0.0,0.0,0.0,0.5604105835858182,0.06,0.7
36.55848836898804,1.2457067384625197e-23,1.6144739914820755e-22,0.0,0.0,0.0,0.0,0.5604105835858182,0.06,0.7
36.629820585250854,8.097093800006379e-24,1.0494080944633491e-22,0.0,0.0,0.0,0.0,0.5604105835858182,0.06,0.7
36.637141704559326,5.263110970004146e-24,6.821152614011769e-23,0.0,0.0,0.0,0.0,0.5604105835858182,0.06,0.7
36.64354872703552,5.263110970004146e-24,6.821152614011769e-23,0.0,0.0,0.0,0.0,0.5604105835858182,0.06,0.7
36.70587348937988,3.421022130502695e-24,4.43374919910765e-23,0.0,0.0,0.0,0.0,0.5604105835858182,0.06,0.7
36.743574142456055,3.421022130502695e-24,4.43374919910765e-23,0.0,0.0,0.0,0.0,0.5604105835858182,0.06,0.7
36.78238534927368,2.223664384826752e-24,2.8819369794199726e-23,0.0,0.0,0.0,0.0,0.5604105835858182,0.06,0.7
36.79041886329651,1.445381850137389e-24,1.8732590366229824e-23,0.0,0.0,0.0,0.0,0.5604105835858182,0.06,0.7
36.84360074996948,1.445381850137389e-24,1.8732590366229824e-23,0.0,0.0,0.0,0.0,0.5604105835858182,0.06,0.7
36.85196495056152,9.394982025893028e-25,1.2176183738049385e-23,0.0,0.0,0.0,0.0,0.5604105835858182,0.06,0.7
36.92580199241638,6.106738316830469e-25,7.914519429732101e-24,0.0,0.0,0.0,0.0,0.5604105835858182,0.06,0.7
36.939454078674316,3.969379905939805e-25,5.144437629325866e-24,0.0,0.0,0.0,0.0,0.5604105835858182,0.06,0.7
36.9434871673584,3.969379905939805e-25,5.144437629325866e-24,0.0,0.0,0.0,0.0,0.5604105835858182,0.06,0.7
36.99893546104431,2.580096938860873e-25,3.343884459061813e-24,0.0,0.0,0.0,0.0,0.5604105835858182,0.06,0.7
37.043572187423706,2.580096938860873e-25,3.343884459061813e-24,0.0,0.0,0.0,0.0,0.5604105835858182,0.06,0.7
37.073978900909424,1.6770630102595676e-25,2.1735248983901786e-24,0.0,0.0,0.0,0.0,0.5604105835858182,0.06,0.7
37.08947253227234,1.090090956668719e-25,1.4127911839536162e-24,0.0,0.0,0.0,0.0,0.5604105835858182,0.06,0.7
37.14352107048035,1.090090956668719e-25,1.4127911839536162e-24,0.0,0.0,0.0,0.0,0.5604105835858182,0.06,0.7
37.14971423149109,7.085591218346674e-26,9.183142695698506e-25,0.0,0.0,0.0,0.0,0.5604105835858182,0.06,0.7
37.210185289382935,4.605634291925338e-26,5.969042752204029e-25,0.0,0.0,0.0,0.0,0.5604105835858182,0.06,0.7
37.2392783164978,2.99366228975147e-26,3.879877788932619e-25,0.0,0.0,0.0,0.0,0.5604105835858182,0.06,0.7
37.24349784851074,2.99366228975147e-26,3.879877788932619e-25,0.0,0.0,0.0,0.0,0.5604105835858182,0.06,0.7
37.297802686691284,1.9458804883384555e-26,2.5219205628062025e-25,0.0,0.0,0.0,0.0,0.5604105835858182,0.06,0.7
37.34356188774109,1.9458804883384555e-26,2.5219205628062025e-25,0.0,0.0,0.0,0.0,0.5604105835858182,0.06,0.7
37.35029435157776,1.2648223174199962e-26,1.6392483658240318e-25,0.0,0.0,0.0,0.0,0.5604105835858182,0.06,0.7
37.38839292526245,8.221345063229975e-27,1.0655114377856207e-25,0.0,0.0,0.0,0.0,0.5604105835858182,0.06,0.7
37.44356656074524,8.221345063229975e-27,1.0655114377856207e-25,0.0,0.0,0.0,0.0,0.5604105835858182,0.06,0.7
37.45795154571533,5.3438742910994844e-27,6.925824345606535e-26,0.0,0.0,0.0,0.0,0.5604105835858182,0.06,0.7
37.52977132797241,3.473518289214665e-27,4.501785824644248e-26,0.0,0.0,0.0,0.0,0.5604105835858182,0.06,0.7
37.5374116897583,2.2577868879895323e-27,2.9261607860187614e-26,0.0,0.0,0.0,0.0,0.5604105835858182,0.06,0.7
37.54361391067505,2.2577868879895323e-27,2.9261607860187614e-26,0.0,0.0,0.0,0.0,0.5604105835858182,0.06,0.7
37.6018750667572,1.467561477193196e-27,1.902004510912195e-26,0.0,0.0,0.0,0.0,0.5604105835858182,0.06,0.7
37.64358735084534,1.467561477193196e-27,1.902004510912195e-26,0.0,0.0,0.0,0.0,0.5604105835858182,0.06,0.7
37.677759408950806,9.539149601755775e-28,1.2363029320929267e-26,0.0,0.0,0.0,0.0,0.5604105835858182,0.06,0.7
37.690934896469116,6.200447241141254e-28,8.035969058604023e-27,0.0,0.0,0.0,0.0,0.5604105835858182,0.06,0.7
37.74365592002869,6.200447241141254e-28,8.035969058604023e-27,0.0,0.0,0.0,0.0,0.5604105835858182,0.06,0.7
37.74598050117493,4.030290706741815e-28,5.2233798880926154e-27,0.0,0.0,0.0,0.0,0.5604105835858182,0.06,0.7
37.79820227622986,2.6196889593821798e-28,3.3951969272602004e-27,0.0,0.0,0.0,0.0,0.5604105835858182,0.06,0.7
37.84009647369385,1.7027978235984169e-28,2.2068780027191303e-27,0.0,0.0,0.0,0.0,0.5604105835858182,0.06,0.7
37.843528509140015,1.7027978235984169e-28,2.2068780027191303e-27,0.0,0.0,0.0,0.0,0.5604105835858182,0.06,0.7
37.89839506149292,1.106818585338971e-28,1.4344707017674347e-27,0.0,0.0,0.0,0.0,0.5604105835858182,0.06,0.7
37.94361233711243,1.106818585338971e-28,1.4344707017674347e-27,0.0,0.0,0.0,0.0,0.5604105835858182,0.06,0.7
37.97535967826843,7.194320804703312e-29,9.324059561488325e-28,0.0,0.0,0.0,0.0,0.5604105835858182,0.06,0.7
37.99087047576904,4.6763085230571526e-29,6.060638714967412e-28,0.0,1.0,0.0,1.0,0.5604105835858182,0.06,0.7
38.04363393783569,4.6763085230571526e-29,6.060638714967412e-28,0.0,1.0,0.0,1.0,0.5604105835858182,0.06,0.7
38.05049991607666,3.0396005399871495e-29,3.939415164728818e-28,0.0,1.0,0.0,1.0,0.5604105835858182,0.06,0.7
38.11807870864868,1.9757403509916473e-29,2.5606198570737316e-28,0.0,1.0,0.0,1.0,0.5604105835858182,0.06,0.7
38.143534660339355,1.9757403509916473e-29,2.5606198570737316e-28,0.0,1.0,0.0,1.0,0.5604105835858182,0.06,0.7
38.1937313079834,1.284231228144571e-29,1.6644029070979256e-28,0.0,1.0,0.0,1.0,0.5604105835858182,0.06,0.7
38.19607138633728,8.347502982939711e-30,1.0818618896136517e-28,0.0,1.0,0.0,1.0,0.5604105835858182,0.06,0.7
38.243589639663696,8.347502982939711e-30,1.0818618896136517e-28,0.0,1.0,0.0,1.0,0.5604105835858182,0.06,0.7
38.266083002090454,5.425876938910812e-30,7.032102282488736e-29,0.0,1.0,0.0,1.0,0.5604105835858182,0.06,0.7
38.30476093292236,3.526820010292028e-30,4.5708664836176786e-29,0.0,1.0,0.0,1.0,0.5604105835858182,0.06,0.7
38.343595027923584,3.526820010292028e-30,4.5708664836176786e-29,0.0,1.0,0.0,1.0,0.5604105835858182,0.06,0.7
38.4019136428833,0.003774461706432251,0.15223777220870496,0.0,1.0,0.0,1.0,0.5604105835858182,0.06,0.7
38.44360971450806,0.003774461706432251,0.15223777220870496,0.0,1.0,0.0,1.0,0.5604105835858182,0.06,0.7
38.44586133956909,0.01006519436146993,0.5354123937064366,0.0,1.0,0.0,1.0,0.5604105835858182,0.06,0.7
38.50212526321411,0.0112487856457964,0.7048413289127506,0.0,1.0,0.0,1.0,0.5604105835858182,0.06,0.7
38.5435585975647,0.0112487856457964,0.7048413289127506,0.0,1.0,0.0,1.0,0.5604105835858182,0.06,0.7
38.54668951034546,0.012742253533165415,0.9245943924270978,0.0,1.0,0.0,1.0,0.5604105835858182,0.06,0.7
38.60606861114502,0.012640355266450545,0.937085835100193,0.0,1.0,0.0,1.0,0.5604105835858182,0.06,0.7
38.64356851577759,0.012640355266450545,0.937085835100193,0.0,1.0,0.0,1.0,0.5604105835858182,0.06,0.7
38.64711546897888,0.014128460208275663,1.0807775656139966,0.0,1.0,0.0,1.0,0.5604105835858182,0.06,0.7
38.70254588127136,0.01293267831079485,1.0306795367616917,0.0,1.0,0.0,1.0,0.5604105835858182,0.06,0.7
38.743558168411255,0.01293267831079485,1.0306795367616917,0.0,1.0,0.0,1.0,0.5604105835858182,0.06,0.7
38.744922161102295,0.012376999810379177,1.08564535313612,0.0,1.0,0.0,1.0,0.5604105835858182,0.06,0.7
38.80196404457092,0.010113482712268898,1.002830412755436,0.0,1.0,0.0,1.0,0.5604105835858182,0.06,0.7
38.84359550476074,0.010113482712268898,1.002830412755436,0.0,1.0,0.0,1.0,0.5604105835858182,0.06,0.7
38.845163106918335,0.008948086386293835,1.0394518161599984,0.0,1.0,0.0,1.0,0.5604105835858182,0.06,0.7
38.90211081504822,0.0072171116156034484,0.9656737351840461,0.0,1.0,0.0,1.0,0.5604105835858182,0.06,0.7
38.94354963302612,0.0072171116156034484,0.9656737351840461,0.0,1.0,0.0,1.0,0.5604105835858182,0.06,0.7
38.94580388069153,0.006470909775057645,1.0044351287989222,0.0,1.0,0.0,1.0,0.5604105835858182,0.06,0.7
39.00209093093872,0.005504288430137123,0.9457215549555127,0.0,1.0,0.0,1.0,0.5604105835858182,0.06,0.7
39.0436155796051,0.005504288430137123,0.9457215549555127,0.0,1.0,0.0,1.0,0.5604105835858182,0.06,0.7
39.04782438278198,0.005028975978315066,0.9755738881694231,0.0,1.0,0.0,1.0,0.5604105835858182,0.06,0.7
39.10197877883911,0.004432469327950464,0.9406294226830056,0.0,1.0,0.0,1.0,0.5604105835858182,0.06,0.7
39.14348387718201,0.004350919656114667,1.0131449869755027,0.0,1.0,0.0,1.0,0.5604105835858182,0.06,0.7
39.144690990448,0.004350919656114667,1.0131449869755027,0.0,1.0,0.0,1.0,0.5604105835858182,0.06,0.7
39.20629286766052,0.003820719454219823,0.9252979757389057,0.0,1.0,0.0,1.0,0.5604105835858182,0.06,0.7
39.24361228942871,0.003820719454219823,0.9252979757389057,0.0,1.0,0.0,1.0,0.5604105835858182,0.06,0.7
39.2460036277771,0.004087222644408599,1.024455167299706,0.0,1.0,0.0,1.0,0.5604105835858182,0.06,0.7
39.306182622909546,0.0035590191261607304,0.9461455658624306,0.0,1.0,0.0,1.0,0.5604105835858182,0.06,0.7
39.343634366989136,0.0035590191261607304,0.9461455658624306,0.0,1.0,0.0,1.0,0.5604105835858182,0.06,0.7
39.34634757041931,0.003465023003274158,1.0358097214792275,0.0,1.0,0.0,1.0,0.5604105835858182,0.06,0.7
39.40204620361328,0.0030466334548457327,0.9776037067071441,0.0,1.0,0.0,1.0,0.5604105835858182,0.06,0.7
39.4435772895813,0.0030466334548457327,0.9776037067071441,0.0,1.0,0.0,1.0,0.5604105835858182,0.06,0.7
39.447092056274414,0.002873245112489848,1.0127811679635008,0.0,1.0,0.0,1.0,0.5604105835858182,0.06,0.7
39.501957416534424,0.002429668722816098,0.9688455775092513,0.0,1.0,0.0,1.0,0.5604105835858182,0.06,0.7
39.54381346702576,0.002243301580483183,1.0427762415742112,0.0,1.0,0.0,1.0,0.5604105835858182,0.06,0.7
39.54335045814514,0.002243301580483183,1.0427762415742112,0.0,1.0,0.0,1.0,0.5604105835858182,0.06,0.7
39.60199165344238,0.0019497192900204473,0.9695761523121554,0.0,1.0,0.0,1.0,0.5604105835858182,0.06,0.7
39.64361834526062,0.0019497192900204473,0.9695761523121554,0.0,0.0,0.0,0.0,0.5604105835858182,0.06,0.7
39.6780960559845,0.0016637099690865772,0.8556176393872122,0.0,0.0,0.0,0.0,0.5604105835858182,0.06,0.7
39.74360752105713,0.0016637099690865772,0.8556176393872122,0.0,0.0,0.0,0.0,0.5604105835858182,0.06,0.7
39.75089240074158,0.0017260423247431522,1.0288040100481681,0.0,0.0,0.0,0.0,0.5604105835858182,0.06,0.7
39.82265782356262,0.0007576167709657777,0.6798621080079721,0.0,0.06,0.0,0.06,0.17825759088529594,0.06,0.7
39.83920669555664,0.00700176064651626,0.34458689321483194,0.0,0.12,0.0,0.12,0.31734214298752084,0.06,0.7
39.84351563453674,0.00700176064651626,0.34458689321483194,0.0,0.12,0.0,0.12,0.31734214298752084,0.06,0.7
39.90592002868652,0.006108693269610925,0.18617323835883576,0.0,0.18,0.0,0.18,0.4169609285490762,0.06,0.7
39.943588972091675,0.006108693269610925,0.18617323835883576,0.0,0.24,0.0,0.24,0.4849387359570514,0.06,0.7
39.97435164451599,0.005773185366253237,0.07531247141806047,0.0,0.24,0.0,0.24,0.4849387359570514,0.06,0.7
39.98886060714722,0.010313639680757963,-0.09104717283080205,0.0,0.3,0.0,0.3,0.529883025399357,0.06,0.7
40.0435848236084,0.010313639680757963,-0.09104717283080205,0.0,0.36,0.0,0.36,0.5651016433848788,0.06,0.7
40.04568338394165,0.00837915004683594,-0.08000373775492177,0.0,0.36,0.0,0.36,0.5651016433848788,0.06,0.7
40.125792026519775,0.006559446808423108,-0.05620755839171286,0.0,0.42,0.0,0.42,0.5927354876342004,0.06,0.7
40.13868832588196,0.0044715705982141165,-0.0370547383864611,0.0,0.48,0.0,0.48,0.6144444075871541,0.06,0.7
40.14350724220276,0.0044715705982141165,-0.0370547383864611,0.0,0.48,0.0,0.48,0.6144444075871541,0.06,0.7
40.19792866706848,0.002906520888839176,-0.02408557995119972,0.0,0.54,0.0,0.54,0.6313820379574953,0.06,0.7
40.24359631538391,0.002906520888839176,-0.02408557995119972,0.0,0.6000000000000001,0.0,0.6000000000000001,0.6445933896463614,0.06,0.7
40.27022624015808,0.0018892385777454644,-0.015655626968279816,0.0,0.6000000000000001,0.0,0.6000000000000001,0.6445933896463614,0.06,0.7
40.287923097610474,0.0012280050755345518,-0.01017615752938188,0.0,0.6600000000000001,0.0,0.6600000000000001,0.6548982439636768,0.06,0.7
40.343557834625244,0.0012280050755345518,-0.01017615752938188,0.0,0.7200000000000002,0.0,0.7200000000000002,0.6629360303311829,0.06,0.7
40.353957653045654,0.0007982032990974588,-0.006614502394098222,0.0,0.7200000000000002,0.0,0.7200000000000002,0.6629360303311829,0.06,0.7
40.39803671836853,0.0016103767357561294,0.2533348479443418,0.0,0.7800000000000002,0.0,0.7800000000000002,0.6725425268624846,0.06,0.7
40.44366097450256,0.0016103767357561294,0.2533348479443418,0.0,0.8400000000000003,0.0,0.8400000000000003,0.6897664368691709,0.06,0.7
40.45123744010925,0.002508461171225291,0.4374793558457142,0.0,0.8400000000000003,0.0,0.8400000000000003,0.6897664368691709,0.06,0.7
40.502151012420654,0.002473192040234329,0.6047821532989875,0.0,0.9000000000000004,0.0,0.9000000000000004,0.7129555514128021,0.06,0.7
40.54363203048706,0.002473192040234329,0.6047821532989875,0.0,0.9600000000000004,0.0,0.9600000000000004,0.7350842432077936,0.06,0.7
40.550429344177246,0.003204439818598506,0.7570200456402855,0.0,0.9600000000000004,0.0,0.9600000000000004,0.7350842432077936,0.06,0.7
40.5887017250061,0.004430041826888607,0.9644719537799517,0.0,1.0200000000000005,0.0,1.0200000000000005,0.7521873779190298,0.06,0.7
40.64350509643555,0.004430041826888607,0.9644719537799517,0.0,1.0800000000000005,0.0,1.0800000000000005,0.7653372872572115,0.06,0.7
40.649672508239746,0.003968046232097965,0.9272665578500672,0.0,1.0800000000000005,0.0,1.0800000000000005,0.7653372872572115,0.06,0.7
40.698182582855225,0.0039473553509701016,0.9898405350190187,0.0,1.1400000000000006,0.0,1.1400000000000006,0.7754481743574881,0.06,0.7
40.7387592792511,0.004069225188779463,1.1133878772396641,0.0,1.2000000000000006,0.0,1.2000000000000006,0.7831833916874159,0.06,0.7
40.74357604980469,0.004069225188779463,1.1133878772396641,0.0,1.2000000000000006,0.0,1.2000000000000006,0.7831833916874159,0.06,0.7
40.797950983047485,0.003879488371464433,1.057043273907052,0.0,1.2600000000000007,0.0,1.2600000000000007,0.789073211952074,0.06,0.7
40.84355616569519,0.003879488371464433,1.057043273907052,0.0,1.3200000000000007,0.0,1.3200000000000007,0.7934899330508662,0.06,0.7
40.85011029243469,0.003678400875468024,1.0756762989004556,0.0,1.3200000000000007,0.0,1.3200000000000007,0.7934899330508662,0.06,0.7
40.94360947608948,0.003678400875468024,1.0756762989004556,0.0,1.4400000000000008,0.0,1.4400000000000008,0.7993541767613506,0.06,0.7
40.94990944862366,0.00474873831731123,1.1208186963186941,0.0,1.4400000000000008,0.0,1.4400000000000008,0.7993541767613506,0.06,0.7
41.00188207626343,0.005563241695290969,1.1394221306791668,0.0,1.5,0.0,1.5,0.8007435187544458,0.06,0.7
41.04348683357239,0.005563241695290969,1.1394221306791668,0.008804085644398437,1.5,0.008804085644398437,1.5,0.8054946564253866,0.0615,0.6
41.102036237716675,0.0062801222599026705,1.1688079267880098,0.008804085644398437,1.5,0.008804085644398437,1.5,0.8092005438087205,0.063,0.6
41.143585205078125,0.0062801222599026705,1.1688079267880098,0.01683092257144249,1.5,0.01683092257144249,1.5,0.8150091214827323,0.0645,0.6
41.15391492843628,0.006550203465377392,1.1734589746951327,0.01683092257144249,1.5,0.01683092257144249,1.5,0.8150091214827323,0.0645,0.6
41.19822859764099,0.006784027981281389,1.2454487629904099,0.01683092257144249,1.5,0.01683092257144249,1.5,0.8191541561813811,0.06573290885353131,0.6
41.24350357055664,0.006784027981281389,1.2454487629904099,0.022901329200051227,1.5,0.022901329200051227,1.5,0.8247679195616444,0.0657848881440893,0.6
41.29806089401245,0.006947920568890984,1.2387028207411794,0.022901329200051227,1.5,0.022901329200051227,1.5,0.8291466549982498,0.06582543199072453,0.6
41.343581676483154,0.006947920568890984,1.2387028207411794,0.022901329200051227,1.5,0.022901329200051227,1.5,0.8316542626843335,0.06584865058041049,0.6
41.35008883476257,0.006809686580431062,1.2172206086314774,0.022901329200051227,1.5,0.022901329200051227,1.5,0.8316542626843335,0.06584865058041049,0.6
41.44359016418457,0.006809686580431062,1.2172206086314774,0.03151983342973908,1.5,0.03151983342973908,1.5,0.8411150884174216,0.06593625081867982,0.6
41.45379066467285,0.006979781165425812,1.2048417861932914,0.03151983342973908,1.5,0.03151983342973908,1.5,0.8411150884174216,0.06593625081867982,0.6
41.502098083496094,0.00760376793030515,1.2271205714447007,0.044019833429739086,1.5,0.044019833429739086,1.5,0.8487035586273317,0.06600651443173455,0.6
41.5434889793396,0.00760376793030515,1.2271205714447007,0.05651983342973908,1.5,0.05651983342973908,1.5,0.8566838456599367,0.06500651443173455,0.7
41.54975509643555,0.007938680903302447,1.2490676549699322,0.05651983342973908,1.5,0.05651983342973908,1.5,0.8566838456599367,0.06500651443173455,0.7
41.60209536552429,0.007939512809202631,1.222171287426355,0.06901983342973908,1.44,0.06901983342973908,1.44,0.8611994636176741,0.06400651443173455,0.7
41.64361119270325,0.007939512809202631,1.222171287426355,0.08151983342973908,1.38,0.08151983342973908,1.38,0.8668390096424603,0.06300651443173455,0.7
41.650293827056885,0.008248435384526891,1.2407445060105298,0.08151983342973908,1.38,0.08151983342973908,1.38,0.8668390096424603,0.06300651443173455,0.7
41.739001989364624,0.008671522233026044,1.2911250613672285,0.10651983342973907,1.2599999999999998,0.10651983342973907,1.2599999999999998,0.8699104417583929,0.06100651443173455,0.7
41.74352478981018,0.008671522233026044,1.2911250613672285,0.10651983342973907,1.2599999999999998,0.10651983342973907,1.2599999999999998,0.8699104417583929,0.06100651443173455,0.7
41.79806447029114,0.0082357296376233,1.202415516336467,0.11901983342973907,1.1999999999999997,0.11901983342973907,1.1999999999999997,0.8665570638805744,0.06000651443173455,0.7
41.84356689453125,0.0082357296376233,1.202415516336467,0.13151983342973908,1.1399999999999997,0.13151983342973908,1.1399999999999997,0.8649988260822552,0.06,0.7
41.8498477935791,0.008149541577913593,1.1967455311863553,0.13151983342973908,1.1399999999999997,0.13151983342973908,1.1399999999999997,0.8649988260822552,0.06,0.7
41.898125886917114,0.0009787022762030029,1.2048398076374718,0.1440198334297391,1.0799999999999996,0.1440198334297391,1.0799999999999996,0.8648084476816222,0.06,0.7
41.94358444213867,0.0009787022762030029,1.2048398076374718,0.1565198334297391,1.0199999999999996,0.1565198334297391,1.0199999999999996,0.8648827193615307,0.06,0.7
41.95431447029114,0.0070115737252743485,1.1415213757863056,0.1565198334297391,1.0199999999999996,0.1565198334297391,1.0199999999999996,0.8648827193615307,0.06,0.7
41.99167060852051,0.03298352757937644,1.2375596762240009,0.1565198334297391,1.0199999999999996,0.1565198334297391,1.0199999999999996,0.8648827193615307,0.06,0.7
42.043578147888184,0.03298352757937644,1.2375596762240009,0.18151983342973912,0.8999999999999995,0.18151983342973912,0.8999999999999995,0.853391789717115,0.06,0.7
42.050220251083374,0.04393817438334759,1.1105531498254637,0.18151983342973912,0.8999999999999995,0.18151983342973912,0.8999999999999995,0.853391789717115,0.06,0.7
42.098087787628174,0.06869799749755075,1.0639304293907577,0.19401983342973914,0.8399999999999994,0.19401983342973914,0.8399999999999994,0.8473663280955218,0.06,0.7
42.14360284805298,0.06869799749755075,1.0639304293907577,0.20651983342973915,0.7799999999999994,0.20651983342973915,0.7799999999999994,0.8488317535975387,0.06,0.39999999999999997
42.149903774261475,0.08578281383729963,0.9978237271439343,0.20651983342973915,0.7799999999999994,0.20651983342973915,0.7799999999999994,0.8488317535975387,0.06,0.39999999999999997
42.18871760368347,0.12403402299892649,1.0229072395083345,0.21901983342973916,0.7199999999999993,0.21901983342973916,0.7199999999999993,0.8476620622779856,0.06,0.39999999999999997
42.24360680580139,0.12403402299892649,1.0229072395083345,0.18651983342973916,0.6599999999999993,0.18651983342973916,0.6599999999999993,0.8462562400943909,0.06,0.39999999999999997
42.24998712539673,0.1268719696166023,0.8952363026483228,0.18651983342973916,0.6599999999999993,0.18651983342973916,0.6599999999999993,0.8462562400943909,0.06,0.39999999999999997
42.302655935287476,0.14544622126402768,0.8271772079431278,0.1713159512100951,0.5999999999999992,0.1713159512100951,0.5999999999999992,0.8385954395646971,0.06,0.39999999999999997
42.34358739852905,0.14544622126402768,0.8271772079431278,0.16433177507280242,0.5399999999999991,0.16433177507280242,0.5399999999999991,0.8326973796199588,0.06,0.39999999999999997
42.35023736953735,0.16839541867269064,0.7993713255404986,0.16433177507280242,0.5399999999999991,0.16433177507280242,0.5399999999999991,0.8326973796199588,0.06,0.39999999999999997
42.40203142166138,0.17691714615749038,0.7600118918538155,0.13183177507280242,0.47999999999999915,0.13183177507280242,0.47999999999999915,0.8314941862962295,0.06,0.39999999999999997
42.443583488464355,0.17691714615749038,0.7600118918538155,0.1176765701335813,0.41999999999999915,0.1176765701335813,0.41999999999999915,0.8317013564874947,0.06,0.39999999999999997
42.44987106323242,0.1879344101861466,0.7558077564669262,0.1176765701335813,0.41999999999999915,0.1176765701335813,0.41999999999999915,0.8317013564874947,0.06,0.39999999999999997
42.503312826156616,0.18681000646263715,0.7259136967748856,0.11167605143047626,0.35999999999999915,0.11167605143047626,0.35999999999999915,0.8292216548443653,0.06,0.39999999999999997
42.53875946998596,0.2186742549906746,0.8280596528315063,0.10271237142841648,0.29999999999999916,0.10271237142841648,0.29999999999999916,0.8288804369827508,0.06,0.49999999999999994
42.54365587234497,0.2186742549906746,0.8280596528315063,0.10271237142841648,0.29999999999999916,0.10271237142841648,0.29999999999999916,0.8288804369827508,0.06,0.49999999999999994
42.590277433395386,0.21191180210466354,0.7752631989601372,0.09655770542122516,0.23999999999999916,0.09655770542122516,0.23999999999999916,0.8330458204634048,0.06,0.49999999999999994
42.64360284805298,0.21191180210466354,0.7752631989601372,0.09036925278872482,0.17999999999999916,0.09036925278872482,0.17999999999999916,0.8321043653703785,0.06,0.49999999999999994
42.6499137878418,0.19952414410231606,0.705812500413564,0.09036925278872482,0.17999999999999916,0.09036925278872482,0.17999999999999916,0.8321043653703785,0.06,0.49999999999999994
42.68858599662781,0.23162044450604488,0.6897668888635212,0.05786925278872482,0.11999999999999916,0.05786925278872482,0.11999999999999916,0.835172323098083,0.0615,0.49999999999999994
42.74356770515442,0.23162044450604488,0.6897668888635212,0.04997935534684574,0.059999999999999165,0.04997935534684574,0.059999999999999165,0.8380868183619656,0.063,0.49999999999999994
42.75400400161743,0.20967212294410384,0.5692966556888497,0.04997935534684574,0.059999999999999165,0.04997935534684574,0.059999999999999165,0.8380868183619656,0.063,0.49999999999999994
42.79826879501343,0.2017730911051442,0.49264016190427495,0.04706603027669898,-8.326672684688674e-16,0.04706603027669898,8.326672684688674e-16,0.8389554057978503,0.0645,0.49999999999999994
42.84356141090393,0.2017730911051442,0.49264016190427495,0.03112988774249793,-0.06000000000000083,0.03112988774249793,0.06000000000000083,0.8392909200455737,0.066,0.49999999999999994
42.85415196418762,0.17786548456096937,0.40496884555510027,0.03112988774249793,-0.06000000000000083,0.03112988774249793,0.06000000000000083,0.8392909200455737,0.066,0.49999999999999994
42.89837431907654,0.161120952508024,0.3268990459739912,0.029827870491083975,-0.12000000000000083,0.029827870491083975,0.12000000000000083,0.8361365346025144,0.0675,0.49999999999999994
42.94353675842285,0.161120952508024,0.3268990459739912,0.028936419418402106,-0.18000000000000083,0.028936419418402106,0.18000000000000083,0.8249681222830031,0.069,0.49999999999999994
42.9538688659668,0.1386496786983395,0.2502952475640871,0.028936419418402106,-0.18000000000000083,0.028936419418402106,0.18000000000000083,0.8249681222830031,0.069,0.49999999999999994
43.002058267593384,0.10749763941398792,0.13712969920498846,0.028173667923343814,-0.24000000000000082,0.028173667923343814,0.24000000000000082,0.8087522784267793,0.068,0.7
43.04353475570679,0.10749763941398792,0.13712969920498846,0.028143031040327185,-0.3000000000000008,0.028143031040327185,0.3000000000000008,0.7874260372537838,0.067,0.49999999999999994
43.05413794517517,0.08479239857451802,0.051772610865361925,0.028143031040327185,-0.3000000000000008,0.028143031040327185,0.3000000000000008,0.7874260372537838,0.067,0.49999999999999994
43.10211181640625,0.07024880053294145,-0.034156187454824745,0.028229348206828025,-0.3600000000000008,0.028229348206828025,0.3600000000000008,0.7621319098173762,0.0685,0.49999999999999994
43.143569469451904,0.07024880053294145,-0.034156187454824745,0.02851554944722526,-0.4200000000000008,0.02851554944722526,0.4200000000000008,0.7372089218152011,0.06994831336694818,0.49999999999999994
43.14992117881775,0.061646789514413686,-0.10317851697301328,0.02851554944722526,-0.4200000000000008,0.02851554944722526,0.4200000000000008,0.7372089218152011,0.06994831336694818,0.49999999999999994
43.18898153305054,0.06092313356485694,-0.19780315331506582,0.02888156817921067,-0.4800000000000008,0.02888156817921067,0.4800000000000008,0.7189344724691498,0.0696098976383176,0.49999999999999994
43.24355936050415,0.06092313356485694,-0.19780315331506582,0.029413171585975274,-0.5400000000000008,0.029413171585975274,0.5400000000000008,0.7059269202441651,0.06936901704155862,0.49999999999999994
43.250396966934204,0.052993400266500595,-0.22323704110909778,0.029413171585975274,-0.5400000000000008,0.029413171585975274,0.5400000000000008,0.7059269202441651,0.06936901704155862,0.49999999999999994
43.30186367034912,0.05070160368788857,-0.28245856158639693,0.030045662045565035,-0.6000000000000008,0.030045662045565035,0.6000000000000008,0.6970579293188052,0.06920477646886676,0.49999999999999994
43.34356951713562,0.05070160368788857,-0.28245856158639693,0.030856567608178218,-0.6600000000000008,0.030856567608178218,0.6600000000000008,0.6944508711596213,0.06915649761406706,0.49999999999999994
43.35303831100464,0.04929161168212886,-0.3355240993397406,0.030856567608178218,-0.6600000000000008,0.030856567608178218,0.6600000000000008,0.6944508711596213,0.06915649761406706,0.49999999999999994
43.39046359062195,0.05509300702355098,-0.45977582491390145,0.03400168586554494,-0.7200000000000009,0.03400168586554494,0.7200000000000009,0.7049652552477893,0.06935120843051462,0.49999999999999994
43.44357776641846,0.05509300702355098,-0.45977582491390145,0.035172243971100914,-0.7800000000000009,0.035172243971100914,0.7800000000000009,0.7250941794514033,0.0697239662861371,0.49999999999999994
43.45397329330444,0.04919494336017016,-0.4519103489113067,0.035172243971100914,-0.7800000000000009,0.035172243971100914,0.7800000000000009,0.7250941794514033,0.0697239662861371,0.49999999999999994
43.49812030792236,0.052203435268389185,-0.5449813040328817,0.03645376047649637,-0.840000000000001,0.03645376047649637,0.840000000000001,0.7497271065547724,0.07018013160286615,0.49999999999999994
43.53914451599121,0.0558783870012205,-0.6402486903083602,0.04895376047649637,-0.900000000000001,0.04895376047649637,0.900000000000001,0.7791120225648117,0.07072429671416318,0.49999999999999994
43.54353642463684,0.0558783870012205,-0.6402486903083602,0.04895376047649637,-0.900000000000001,0.04895376047649637,0.900000000000001,0.7791120225648117,0.07072429671416318,0.49999999999999994
43.59822487831116,0.05170742710615417,-0.6380514197071313,0.05504496924916088,-0.9600000000000011,0.05504496924916088,0.9600000000000011,0.806989087914021,0.07124053866507446,0.49999999999999994
43.64356279373169,0.05170742710615417,-0.6380514197071313,0.06754496924916088,-1.0200000000000011,0.06754496924916088,1.0200000000000011,0.8278493389031365,0.07162683960931734,0.49999999999999994
43.6499445438385,0.051354597090289944,-0.6806133233062246,0.06754496924916088,-1.0200000000000011,0.06754496924916088,1.0200000000000011,0.8278493389031365,0.07162683960931734,0.49999999999999994
43.69756078720093,0.0564416603308041,-0.7602289183384601,0.07458051560616973,-1.0800000000000012,0.07458051560616973,1.0800000000000012,0.8421567423779004,0.07189179152551668,0.49999999999999994
43.7435839176178,0.0564416603308041,-0.7602289183384601,0.07819600999219552,-1.1400000000000012,0.07819600999219552,1.1400000000000012,0.8553920019317123,0.07213688892466134,0.49999999999999994
43.75008988380432,0.05990136832859122,-0.7952390200711075,0.07819600999219552,-1.1400000000000012,0.07819600999219552,1.1400000000000012,0.8553920019317123,0.07213688892466134,0.49999999999999994
43.80611610412598,0.06351305150029733,-0.821666959126347,0.09069600999219551,-1.0800000000000012,0.09069600999219551,1.0800000000000012,0.8656180300048052,0.0723262598149038,0.49999999999999994
43.84354901313782,0.06351305150029733,-0.821666959126347,0.10319600999219551,-1.0200000000000011,0.10319600999219551,1.0200000000000011,0.871340441936651,0.07243223040623428,0.49999999999999994
43.88927865028381,0.07871927722314329,-0.9581382026119084,0.11569600999219551,-1.0125,0.11569600999219551,1.0125,0.8758039232434907,0.07251488746747205,0.49999999999999994
43.943597078323364,0.07871927722314329,-0.9581382026119084,0.12819600999219552,-1.0725,0.12819600999219552,1.0725,0.8753783193234057,0.0725070059133964,0.49999999999999994
43.954033851623535,0.0775044552506006,-0.8943376085087751,0.12819600999219552,-1.0725,0.12819600999219552,1.0725,0.8753783193234057,0.0725070059133964,0.49999999999999994
44.04357576370239,0.0775044552506006,-0.8943376085087751,0.15319600999219554,-1.1925000000000001,0.15319600999219554,1.1925000000000001,0.8691257444756173,0.0705070059133964,0.49999999999999994
44.0499062538147,0.09479390136437443,-0.9270608481674526,0.15319600999219554,-1.1925000000000001,0.15319600999219554,1.1925000000000001,0.8691257444756173,0.0705070059133964,0.49999999999999994
44.09813833236694,0.10418897477082395,-0.9494068080840727,0.16569600999219555,-1.1325,0.16569600999219555,1.1325,0.8701432994605256,0.0695070059133964,0.49999999999999994
44.14355683326721,0.10418897477082395,-0.9494068080840727,0.17819600999219556,-1.0725,0.17819600999219556,1.0725,0.8639360363259023,0.0710070059133964,0.49999999999999994
44.15015149116516,0.10627296003820655,-0.9417487648187545,0.17819600999219556,-1.0725,0.17819600999219556,1.0725,0.8639360363259023,0.0710070059133964,0.49999999999999994
44.202143907547,0.10961568804724572,-0.9315173586573596,0.19069600999219558,-1.0125,0.19069600999219558,1.0125,0.8588248275604079,0.07220045976963718,0.49999999999999994
44.243568897247314,0.10961568804724572,-0.9315173586573596,0.2031960099921956,-0.9524999999999999,0.2031960099921956,0.9524999999999999,0.8560787677233608,0.07214960680969187,0.49999999999999994
44.25409722328186,0.11225769191649296,-0.9242685852708568,0.2031960099921956,-0.9524999999999999,0.2031960099921956,0.9524999999999999,0.8560787677233608,0.07214960680969187,0.49999999999999994
44.30594849586487,0.1228085957926949,-0.8983020052719713,0.2156960099921956,-0.8924999999999998,0.2156960099921956,0.8924999999999998,0.8594489403997176,0.07221201741480959,0.44999999999999996
44.34356760978699,0.1228085957926949,-0.8983020052719713,0.2281960099921956,-0.8324999999999998,0.2281960099921956,0.8324999999999998,0.8718689037533569,0.07244201673617329,0.44999999999999996
44.354222536087036,0.1363318599062763,-0.895416814859513,0.2281960099921956,-0.8324999999999998,0.2281960099921956,0.8324999999999998,0.8718689037533569,0.07244201673617329,0.44999999999999996
44.40275740623474,0.15512235218973142,-0.8661762605567176,0.24069600999219562,-0.7724999999999997,0.24069600999219562,0.7724999999999997,0.8933822592351139,0.07284041220805768,0.44999999999999996
44.44350624084473,0.15512235218973142,-0.8661762605567176,0.2531960099921956,-0.7124999999999997,0.2531960099921956,0.7124999999999997,0.9142589267191448,0.07184041220805767,0.44999999999999996
44.45414757728577,0.16711094048841402,-0.8236853638116564,0.2531960099921956,-0.7124999999999997,0.2531960099921956,0.7124999999999997,0.9142589267191448,0.07184041220805767,0.44999999999999996
44.4899377822876,0.21583772995705947,-0.8790136772433497,0.2516129217177142,-0.6524999999999996,0.2516129217177142,0.6524999999999996,0.9206427273566888,0.07084041220805767,0.44999999999999996
44.543583393096924,0.21583772995705947,-0.8790136772433497,0.2641129217177142,-0.5924999999999996,0.2641129217177142,0.5924999999999996,0.9381013273382173,0.07234041220805768,0.39999999999999997
44.556241273880005,0.2020513906297726,-0.748348730105076,0.2641129217177142,-0.5924999999999996,0.2641129217177142,0.5924999999999996,0.9381013273382173,0.07234041220805768,0.39999999999999997
44.598036766052246,0.2353822031563425,-0.7513605487107631,0.25553318307972844,-0.5324999999999995,0.25553318307972844,0.5324999999999995,0.9450481554139099,0.07379718806322055,0.39999999999999997
44.64355754852295,0.2353822031563425,-0.7513605487107631,0.2449813281147334,-0.47249999999999953,0.2449813281147334,0.47249999999999953,0.9513726705323163,0.07279718806322055,0.39999999999999997
44.65402960777283,0.2316946276230251,-0.6847058030155746,0.2449813281147334,-0.47249999999999953,0.2449813281147334,0.47249999999999953,0.9513726705323163,0.07279718806322055,0.39999999999999997
44.74358868598938,0.2316946276230251,-0.6847058030155746,0.19268528836255241,-0.35249999999999954,0.19268528836255241,0.35249999999999954,0.941795486632243,0.07079718806322055,0.39999999999999997
44.750181913375854,0.261820269145311,-0.6242763156159541,0.19268528836255241,-0.35249999999999954,0.19268528836255241,0.35249999999999954,0.941795486632243,0.07079718806322055,0.39999999999999997
44.79802680015564,0.2745554299913171,-0.559171370773347,0.18490624825246815,-0.29249999999999954,0.18490624825246815,0.29249999999999954,0.9546004795731495,0.07229718806322055,0.39999999999999997
44.84368586540222,0.2745554299913171,-0.559171370773347,0.17647831464893401,-0.23249999999999954,0.17647831464893401,0.23249999999999954,0.9645883740670567,0.07379718806322055,0.39999999999999997
44.850258350372314,0.26893365735876085,-0.49472948597830313,0.17647831464893401,-0.23249999999999954,0.17647831464893401,0.23249999999999954,0.9645883740670567,0.07379718806322055,0.39999999999999997
44.90189576148987,0.25262395110258873,-0.4280306232297463,0.16802654528702665,-0.17249999999999954,0.16802654528702665,0.17249999999999954,0.9723789317723042,0.07529718806322055,0.39999999999999997
44.94451093673706,0.25262395110258873,-0.4280306232297463,0.13552654528702665,-0.11249999999999954,0.13552654528702665,0.11249999999999954,0.951331376221398,0.07679718806322056,0.39999999999999997
44.95433187484741,0.2356595172089438,-0.37349822946233846,0.13552654528702665,-0.11249999999999954,0.13552654528702665,0.11249999999999954,0.951331376221398,0.07679718806322056,0.39999999999999997
44.99223470687866,0.2397028487372986,-0.3373985976481581,0.13552654528702665,-0.11249999999999954,0.13552654528702665,0.11249999999999954,0.951331376221398,0.07679718806322056,0.39999999999999997
45.03885817527771,0.2233864942954748,-0.2840130016145024,0.11552654528702665,0.007500000000000451,0.11552654528702665,0.007500000000000451,0.9659641406555192,0.07479718806322055,0.49999999999999994
45.04351615905762,0.2233864942954748,-0.2840130016145024,0.11552654528702665,0.007500000000000451,0.11552654528702665,0.007500000000000451,0.9659641406555192,0.07479718806322055,0.49999999999999994
45.098069190979004,0.18251827210266178,-0.20827126542872285,0.12802654528702664,0.06750000000000045,0.12802654528702664,0.06750000000000045,0.973452029711305,0.07432318573539454,0.49999999999999994
45.14358949661255,0.18251827210266178,-0.20827126542872285,0.13425178626998263,0.12750000000000045,0.13425178626998263,0.12750000000000045,0.9792925831748178,0.074431344132867,0.49999999999999994
45.149892807006836,0.15529707011540322,-0.15497413225758294,0.13425178626998263,0.12750000000000045,0.13425178626998263,0.12750000000000045,0.9792925831748178,0.074431344132867,0.49999999999999994
45.202064990997314,0.1413159801502473,-0.09334476819824997,0.10175178626998263,0.18750000000000044,0.10175178626998263,0.18750000000000044,0.9724202132961568,0.0743040780240029,0.49999999999999994
45.24355864524841,0.1413159801502473,-0.09334476819824997,0.08519508839047367,0.24750000000000044,0.08519508839047367,0.24750000000000044,0.9779871853912772,0.07440717009983847,0.49999999999999994
45.25392508506775,0.13519877658756,-0.04047605397307137,0.08519508839047367,0.24750000000000044,0.08519508839047367,0.24750000000000044,0.9779871853912772,0.07440717009983847,0.49999999999999994
45.30197763442993,0.13069490646751591,0.023879384342056505,0.08388176520336134,0.30750000000000044,0.08388176520336134,0.30750000000000044,0.9828300046051962,0.07449685193713326,0.49999999999999994
45.34355640411377,0.13069490646751591,0.023879384342056505,0.08330879031721862,0.36750000000000044,0.08330879031721862,0.36750000000000044,0.986607403592053,0.07349685193713326,0.5499999999999999
45.35408163070679,0.1221222511409783,0.07628240935778896,0.08330879031721862,0.36750000000000044,0.08330879031721862,0.36750000000000044,0.986607403592053,0.07349685193713326,0.5499999999999999
45.39772009849548,0.1069085070221539,0.18192882956981876,0.08316480313775901,0.42750000000000044,0.08316480313775901,0.42750000000000044,0.9895537748018014,0.07249685193713326,0.5499999999999999
45.44354772567749,0.1069085070221539,0.18192882956981876,0.08478381928523633,0.48750000000000043,0.08478381928523633,0.48750000000000043,0.9918519443454051,0.07149685193713326,0.5499999999999999
45.449951171875,0.08880710653066957,0.2443890615698931,0.08478381928523633,0.48750000000000043,0.08478381928523633,0.48750000000000043,0.9918519443454051,0.07149685193713326,0.5499999999999999
45.49202919006348,0.08246684683228316,0.34402129963662587,0.08992093168655278,0.5249999999999999,0.08992093168655278,0.5249999999999999,0.993644516589416,0.07049685193713326,0.6
45.53760886192322,0.07610657644258459,0.409522022973108,0.09274048117502222,0.5249999999999999,0.09274048117502222,0.5249999999999999,0.9950427229397445,0.07199685193713326,0.49999999999999994
45.54364252090454,0.07610657644258459,0.409522022973108,0.09274048117502222,0.5249999999999999,0.09274048117502222,0.5249999999999999,0.9950427229397445,0.07199685193713326,0.49999999999999994
45.60276651382446,0.0686781310406311,0.4084552288159865,0.09594545582209442,0.5249999999999999,0.09594545582209442,0.5249999999999999,0.9961333238930007,0.07349685193713326,0.49999999999999994
45.64358448982239,0.0686781310406311,0.4084552288159865,0.10304770452543115,0.5249999999999999,0.10304770452543115,0.5249999999999999,0.9969839926365406,0.0747589628266026,0.49999999999999994
45.64991760253906,0.07350281871233243,0.4695917073058412,0.10304770452543115,0.5249999999999999,0.10304770452543115,0.5249999999999999,0.9969839926365406,0.0747589628266026,0.49999999999999994
45.701870918273926,0.07803566634745965,0.4829488075335512,0.10689898643913266,0.5249999999999999,0.10689898643913266,0.5249999999999999,0.9976475142565017,0.0747712502640093,0.49999999999999994
45.74359583854675,0.07803566634745965,0.4829488075335512,0.11058180730407201,0.5249999999999999,0.11058180730407201,0.5249999999999999,0.9981650611200713,0.0747808344651865,0.49999999999999994
45.7546021938324,0.08185777158068683,0.4874199082113866,0.11058180730407201,0.5249999999999999,0.11058180730407201,0.5249999999999999,0.9981650611200713,0.0747808344651865,0.49999999999999994
45.80600023269653,0.0890235118303715,0.48612052399798655,0.11718505177489162,0.5249999999999999,0.11718505177489162,0.5249999999999999,0.9985687476736557,0.07478831014210474,0.49999999999999994
45.84356355667114,0.0890235118303715,0.48612052399798655,0.12123239506423188,0.5249999999999999,0.12123239506423188,0.5249999999999999,0.9988836231854514,0.07479414117010096,0.49999999999999994
45.85022735595703,0.1014437324254922,0.5092013972965983,0.12123239506423188,0.5249999999999999,0.12123239506423188,0.5249999999999999,0.9988836231854514,0.07479414117010096,0.49999999999999994
45.88893985748291,0.11963828467683789,0.5476592316016579,0.12536288148290414,0.5249999999999999,0.12536288148290414,0.5249999999999999,0.9991292260846522,0.07479868937193801,0.49999999999999994
45.94357395172119,0.11963828467683789,0.5476592316016579,0.11965720034757367,0.5249999999999999,0.11965720034757367,0.5249999999999999,0.9993207963460287,0.07379868937193801,0.5499999999999999
45.959760904312134,0.10815977527121484,0.4730002478111112,0.11965720034757367,0.5249999999999999,0.11965720034757367,0.5249999999999999,0.9993207963460287,0.07379868937193801,0.5499999999999999
46.00208568572998,0.12341203783454868,0.5026263007162088,0.12370303496922719,0.5249999999999999,0.12370303496922719,0.5249999999999999,0.9994702211499024,0.07279868937193801,0.7
46.039902687072754,0.1412164718981385,0.5439959415420819,0.1362030349692272,0.5249999999999999,0.1362030349692272,0.5249999999999999,0.9995867724969238,0.07429868937193801,0.49999999999999994
46.043582916259766,0.1412164718981385,0.5439959415420819,0.1362030349692272,0.5249999999999999,0.1362030349692272,0.5249999999999999,0.9995867724969238,0.07429868937193801,0.49999999999999994
46.09815835952759,0.13118118845740132,0.494939340316772,0.1487030349692272,0.4649999999999999,0.1487030349692272,0.4649999999999999,0.9996776825476006,0.07480884597310372,0.49999999999999994
46.143606424331665,0.13118118845740132,0.494939340316772,0.16120303496922722,0.4049999999999999,0.16120303496922722,0.4049999999999999,0.9997485923871284,0.07481015911828016,0.49999999999999994
46.15397381782532,0.12594799508895008,0.4701327296576826,0.16120303496922722,0.4049999999999999,0.16120303496922722,0.4049999999999999,0.9997485923871284,0.07481015911828016,0.49999999999999994
46.20201277732849,0.13365310392392202,0.46687088192890225,0.17370303496922723,0.3449999999999999,0.17370303496922723,0.3449999999999999,0.9998039020619601,0.07481118337151778,0.49999999999999994
46.24358868598938,0.13365310392392202,0.46687088192890225,0.18620303496922724,0.2849999999999999,0.18620303496922724,0.2849999999999999,0.9998470436083289,0.07481198228904314,0.49999999999999994
46.249982833862305,0.14263484133603996,0.45537452426839387,0.18620303496922724,0.2849999999999999,0.18620303496922724,0.2849999999999999,0.9998470436083289,0.07481198228904314,0.49999999999999994
46.30679249763489,0.15350882102374855,0.37700387081643766,0.18549826145433532,0.22499999999999992,0.18549826145433532,0.22499999999999992,0.9998806940144965,0.0748126054447129,0.49999999999999994
46.343602657318115,0.15350882102374855,0.37700387081643766,0.1916149179689404,0.16499999999999992,0.1916149179689404,0.16499999999999992,0.9999069413313073,0.07481309150613533,0.49999999999999994
46.35001468658447,0.1852261226085819,0.33241340788442675,0.1916149179689404,0.16499999999999992,0.1916149179689404,0.16499999999999992,0.9999069413313073,0.07481309150613533,0.49999999999999994
46.38817095756531,0.2189436901969337,0.27760550484336505,0.2041149179689404,0.10499999999999993,0.2041149179689404,0.10499999999999993,0.9999274142384197,0.07481347063404481,0.49999999999999994
46.4435977935791,0.2189436901969337,0.27760550484336505,0.21661491796894042,0.04499999999999993,0.21661491796894042,0.04499999999999993,0.9999433831059673,0.07481376635381422,0.49999999999999994
46.449960231781006,0.2042857141026387,0.20892350253910263,0.21661491796894042,0.04499999999999993,0.21661491796894042,0.04499999999999993,0.9999433831059673,0.07481376635381422,0.49999999999999994
46.49806809425354,0.21360863565481567,0.14882948899375706,0.21522613788008957,-0.015000000000000069,0.21522613788008957,0.015000000000000069,0.9930734153891461,0.07468654472942864,0.44999999999999996
46.543569564819336,0.21360863565481567,0.14882948899375706,0.18272613788008957,-0.07500000000000007,0.18272613788008957,0.07500000000000007,0.9945972640035339,0.07368654472942864,0.6
46.554479122161865,0.20922200765984383,0.09959130136100647,0.18272613788008957,-0.07500000000000007,0.18272613788008957,0.07500000000000007,0.9945972640035339,0.07368654472942864,0.6
46.60316586494446,0.21770133718780849,0.0433230828100241,0.1635864999885934,-0.13500000000000006,0.1635864999885934,0.13500000000000006,0.9943898793685464,0.07268654472942863,0.6
46.64355754852295,0.21770133718780849,0.0433230828100241,0.13495924199318188,-0.19500000000000006,0.13495924199318188,0.19500000000000006,0.968436368055929,0.07168654472942863,0.6
46.64985656738281,0.2275817332696688,-0.0028890464005144126,0.13495924199318188,-0.19500000000000006,0.13495924199318188,0.19500000000000006,0.968436368055929,0.07168654472942863,0.6
46.70272350311279,0.20978390553991172,-0.05266352890020339,0.13040245573092796,-0.25500000000000006,0.13040245573092796,0.25500000000000006,0.9512001081651751,0.07068654472942863,0.6
46.737608671188354,0.22247016121643076,-0.12392585550300562,0.12749507222213124,-0.31500000000000006,0.12749507222213124,0.31500000000000006,0.9396746985661928,0.06968654472942863,0.6
46.74352955818176,0.22247016121643076,-0.12392585550300562,0.12749507222213124,-0.31500000000000006,0.12749507222213124,0.31500000000000006,0.9396746985661928,0.06968654472942863,0.6
46.7891411781311,0.1923483534213582,-0.16432927233896116,0.11697210643082794,-0.37500000000000006,0.11697210643082794,0.37500000000000006,0.9292019228652216,0.06868654472942863,0.6
46.84354615211487,0.1923483534213582,-0.16432927233896116,0.11466385182192977,-0.43500000000000005,0.11466385182192977,0.43500000000000005,0.9225566058603369,0.06768654472942863,0.5499999999999999
46.850180864334106,0.15978677111165618,-0.19014549314346227,0.11466385182192977,-0.43500000000000005,0.11466385182192977,0.43500000000000005,0.9225566058603369,0.06768654472942863,0.5499999999999999
46.90602970123291,0.13101335486740576,-0.2574337761753664,0.11366924722338144,-0.49500000000000005,0.11366924722338144,0.49500000000000005,0.9170692161277603,0.06668654472942863,0.49999999999999994
46.943578243255615,0.13101335486740576,-0.2574337761753664,0.11531126038319979,-0.555,0.11531126038319979,0.555,0.9117053234508703,0.06658986410602658,0.49999999999999994
46.949655532836914,0.11570756007303853,-0.35626478768120085,0.11531126038319979,-0.555,0.11531126038319979,0.555,0.9117053234508703,0.06658986410602658,0.49999999999999994
46.99018979072571,0.11017264693448928,-0.4645191757172816,0.11531126038319979,-0.555,0.11531126038319979,0.555,0.9117053234508703,0.06658986410602658,0.49999999999999994
47.04356527328491,0.11017264693448928,-0.4645191757172816,0.13129020090314344,-0.675,0.13129020090314344,0.675,0.9313980269398673,0.06708986410602658,0.49999999999999994
47.05393838882446,0.0941796293256863,-0.4594150723493026,0.13129020090314344,-0.675,0.13129020090314344,0.675,0.9313980269398673,0.06708986410602658,0.49999999999999994
47.0895574092865,0.11167562111723271,-0.6091177741852769,0.13454667906016832,-0.7350000000000001,0.13454667906016832,0.7350000000000001,0.9464904610130965,0.06858986410602658,0.49999999999999994
47.14361786842346,0.11167562111723271,-0.6091177741852769,0.14704667906016833,-0.7950000000000002,0.14704667906016833,0.7950000000000002,0.9358727413404516,0.07008986410602658,0.49999999999999994
47.1498920917511,0.10502234502202648,-0.5873423816030366,0.14704667906016833,-0.7950000000000002,0.14704667906016833,0.7950000000000002,0.9358727413404516,0.07008986410602658,0.49999999999999994
47.19822549819946,0.11311997476631735,-0.6430825936380415,0.15248239790974305,-0.8550000000000002,0.15248239790974305,0.8550000000000002,0.9374909199957886,0.07158986410602658,0.49999999999999994
47.24039363861084,0.12772372637280532,-0.7309924467555711,0.16498239790974306,-0.9150000000000003,0.16498239790974306,0.9150000000000003,0.9512429175967151,0.07308986410602658,0.49999999999999994
47.24343681335449,0.12772372637280532,-0.7309924467555711,0.16498239790974306,-0.9150000000000003,0.16498239790974306,0.9150000000000003,0.9512429175967151,0.07308986410602658,0.49999999999999994
47.30186080932617,0.12323213094866609,-0.7072049314887493,0.1746887375416084,-0.9750000000000003,0.1746887375416084,0.9750000000000003,0.9619694757254378,0.07411054584676736,0.49999999999999994
47.34357714653015,0.12323213094866609,-0.7072049314887493,0.1803780065864348,-1.0125,0.1803780065864348,1.0125,0.9703361910658415,0.07426548501973781,0.49999999999999994
47.35413956642151,0.1299575955154592,-0.7437818214363072,0.1803780065864348,-1.0125,0.1803780065864348,1.0125,0.9703361910658415,0.07426548501973781,0.49999999999999994
47.44358468055725,0.1299575955154592,-0.7437818214363072,0.20537800658643482,-0.8924999999999998,0.20537800658643482,0.8924999999999998,0.981952538644458,0.07448060256748996,0.49999999999999994
47.451396465301514,0.1367826817602047,-0.799618435302387,0.20537800658643482,-0.8924999999999998,0.20537800658643482,0.8924999999999998,0.981952538644458,0.07448060256748996,0.49999999999999994
47.506747007369995,0.13863888337026314,-0.7895979459855624,0.21787800658643483,-0.8324999999999998,0.21787800658643483,0.8324999999999998,0.9859229801426772,0.07455412926190143,0.44999999999999996
47.543588638305664,0.13863888337026314,-0.7895979459855624,0.23037800658643484,-0.7724999999999997,0.23037800658643484,0.7724999999999997,0.9890199245112882,0.07461148008354238,0.49999999999999994
47.5499324798584,0.15548402526788252,-0.8564207272129745,0.23037800658643484,-0.7724999999999997,0.23037800658643484,0.7724999999999997,0.9890199245112882,0.07461148008354238,0.49999999999999994
47.5919828414917,0.18055327206472455,-0.8778325115732921,0.24287800658643485,-0.7124999999999997,0.24287800658643485,0.7124999999999997,0.9914355411188047,0.07465621372442231,0.49999999999999994
47.64358472824097,0.18055327206472455,-0.8778325115732921,0.22889012210160284,-0.6524999999999996,0.22889012210160284,0.6524999999999996,0.9933197220726677,0.07469110596430867,0.49999999999999994
47.65455961227417,0.17407403497037657,-0.778583243178298,0.22889012210160284,-0.6524999999999996,0.22889012210160284,0.6524999999999996,0.9933197220726677,0.07469110596430867,0.49999999999999994
47.70603537559509,0.1913007263272614,-0.7363629629393157,0.2345288151445951,-0.5924999999999996,0.2345288151445951,0.5924999999999996,0.9940092875589772,0.07369110596430867,0.5499999999999999
47.74358344078064,0.1913007263272614,-0.7363629629393157,0.2361846603618664,-0.5324999999999995,0.2361846603618664,0.5324999999999995,0.9846471486382986,0.07269110596430867,0.5499999999999999
47.75019812583923,0.22248298264600827,-0.7303552249698366,0.2361846603618664,-0.5324999999999995,0.2361846603618664,0.5324999999999995,0.9846471486382986,0.07269110596430867,0.5499999999999999
47.798651933670044,0.2342264400188802,-0.6984854395772627,0.2486846603618664,-0.47249999999999953,0.2486846603618664,0.47249999999999953,0.988024775937873,0.07169110596430867,0.5499999999999999
47.843567848205566,0.2342264400188802,-0.6984854395772627,0.24361440378863095,-0.41249999999999953,0.24361440378863095,0.41249999999999953,0.9824046230438961,0.07069110596430866,0.39999999999999997
47.8502836227417,0.23572089488503623,-0.6626348882393189,0.24361440378863095,-0.41249999999999953,0.24361440378863095,0.41249999999999953,0.9824046230438961,0.07069110596430866,0.39999999999999997
47.89849925041199,0.2581091572818144,-0.5892859826037808,0.2376690130818235,-0.35249999999999954,0.2376690130818235,0.35249999999999954,0.9681209037865941,0.06969110596430866,0.39999999999999997
47.943599700927734,0.2581091572818144,-0.5892859826037808,0.24715091792194552,-0.29249999999999954,0.24715091792194552,0.29249999999999954,0.9252505081511724,0.06869110596430866,0.39999999999999997
47.950398683547974,0.26826482901980986,-0.5092344974592159,0.24715091792194552,-0.29249999999999954,0.24715091792194552,0.29249999999999954,0.9252505081511724,0.06869110596430866,0.39999999999999997
48.006832122802734,0.26224235989364214,-0.4210168345774517,0.2434091731159218,-0.23249999999999954,0.2434091731159218,0.23249999999999954,0.894281151127519,0.06769110596430866,0.7
48.04358124732971,0.26224235989364214,-0.4210168345774517,0.24413787810252363,-0.17249999999999954,0.24413787810252363,0.17249999999999954,0.8708041969363804,0.06919110596430866,0.39999999999999997
48.0503945350647,0.28116607613139816,-0.3757670277548156,0.24413787810252363,-0.17249999999999954,0.24413787810252363,0.17249999999999954,0.8708041969363804,0.06919110596430866,0.39999999999999997
48.09807014465332,0.2799498529535757,-0.3135709181705582,0.24143039304933647,-0.11249999999999954,0.24143039304933647,0.11249999999999954,0.815659597520006,0.06855082774333342,0.39999999999999997
48.143576860427856,0.2799498529535757,-0.3135709181705582,0.23942690524988278,-0.05249999999999955,0.23942690524988278,0.05249999999999955,0.7340691730438914,0.06755082774333342,0.39999999999999997
48.14999461174011,0.27035421530815457,-0.25798158054976816,0.23942690524988278,-0.05249999999999955,0.23942690524988278,0.05249999999999955,0.7340691730438914,0.06755082774333342,0.39999999999999997
48.202067375183105,0.2604794856179119,-0.199003922858863,0.2404956301197737,0.007500000000000451,0.2404956301197737,0.007500000000000451,0.666834912981551,0.06655082774333342,0.39999999999999997
48.24356245994568,0.2604794856179119,-0.199003922858863,0.2404615496363233,0.061911841588195404,0.2404615496363233,0.061911841588195404,0.6748706067441371,0.06555082774333341,0.39999999999999997
48.249979734420776,0.2610422177519032,-0.15439795685329852,0.2404615496363233,0.061911841588195404,0.2404615496363233,0.061911841588195404,0.6748706067441371,0.06555082774333341,0.39999999999999997
48.30187225341797,0.25220191673308556,-0.09945436493153753,0.2392125514692083,0.051115585130946495,0.2392125514692083,0.051115585130946495,0.66101781839733,0.06705082774333342,0.39999999999999997
48.343567848205566,0.25220191673308556,-0.09945436493153753,0.24022544707365687,0.027611795528155514,0.24022544707365687,0.027611795528155514,0.6195799361413971,0.06855082774333342,0.39999999999999997
48.35070824623108,0.25155209111844223,-0.054246968057643064,0.24022544707365687,0.027611795528155514,0.24022544707365687,0.027611795528155514,0.6195799361413971,0.06855082774333342,0.39999999999999997
48.406124114990234,0.23997589705933614,-0.019201362535610233,0.23832108654624864,-0.0310775199651947,0.23832108654624864,0.0310775199651947,0.5829126106093399,0.06886371783817916,0.39999999999999997
48.44357633590698,0.23997589705933614,-0.019201362535610233,0.24086781234543922,-0.0910775199651947,0.24086781234543922,0.0910775199651947,0.6175154654826112,0.06966470984913452,0.39999999999999997
48.450310707092285,0.2518083188526207,0.009745545502001615,0.24086781234543922,-0.0910775199651947,0.24086781234543922,0.0910775199651947,0.6175154654826112,0.06966470984913452,0.39999999999999997
48.49875044822693,0.2502830770974469,-0.0003775590341133098,0.24350921433563688,-0.1510775199651947,0.24350921433563688,0.1510775199651947,0.6678358881616401,0.07116470984913452,0.39999999999999997
48.54356265068054,0.2502830770974469,-0.0003775590341133098,0.23784113513205832,-0.2110775199651947,0.23784113513205832,0.2110775199651947,0.7070830785607988,0.07016470984913452,0.44999999999999996
48.54998731613159,0.2449168483427132,-0.01709104457270148,0.23784113513205832,-0.2110775199651947,0.23784113513205832,0.2110775199651947,0.7070830785607988,0.07016470984913452,0.44999999999999996
48.60199046134949,0.24150619760919012,-0.06373746089176828,0.23922185730629753,-0.25899766945999836,0.23922185730629753,0.25899766945999836,0.7456027117387852,0.06916470984913452,0.44999999999999996
48.643579721450806,0.24150619760919012,-0.06373746089176828,0.23675450904984408,-0.2738009344710127,0.23675450904984408,0.2738009344710127,0.7746248650428291,0.06816470984913452,0.44999999999999996
48.64976096153259,0.24741024253187313,-0.11440301706051181,0.23675450904984408,-0.2738009344710127,0.23675450904984408,0.2738009344710127,0.7746248650428291,0.06816470984913452,0.44999999999999996
48.69803762435913,0.24916106028340154,-0.1778146174317951,0.2363937116440078,-0.2648851604080099,0.2363937116440078,0.2648851604080099,0.795791041899588,0.06716470984913452,0.44999999999999996
48.74358677864075,0.24916106028340154,-0.1778146174317951,0.23495243600898627,-0.2293142965043068,0.23495243600898627,0.2293142965043068,0.8064314673037489,0.06616470984913451,0.44999999999999996
48.74977731704712,0.24437308803467367,-0.22406056474451658,0.23495243600898627,-0.2293142965043068,0.23495243600898627,0.2293142965043068,0.8064314673037489,0.06616470984913451,0.44999999999999996
48.80180740356445,0.23937072396509995,-0.2533539097987868,0.23493342495769068,-0.17290375811957115,0.23493342495769068,0.17290375811957115,0.808016186601586,0.06562977950557024,0.44999999999999996
48.8389151096344,0.2678521908198564,-0.31580091477263256,0.2327960305215078,-0.11854722545637653,0.2327960305215078,0.11854722545637653,0.8040598170471897,0.06712977950557024,0.39999999999999997
48.84357166290283,0.2678521908198564,-0.31580091477263256,0.2327960305215078,-0.11854722545637653,0.2327960305215078,0.11854722545637653,0.8040598170471897,0.06712977950557024,0.39999999999999997
48.901978731155396,0.2389697446136192,-0.2711250289675855,0.23051242530717797,-0.05854722545637653,0.23051242530717797,0.05854722545637653,0.8024810282362183,0.06836779205883636,0.39999999999999997
48.943583965301514,0.2389697446136192,-0.2711250289675855,0.2326314943067006,-0.010782657094679071,0.2326314943067006,0.010782657094679071,0.8025863273501801,0.06836925454653028,0.39999999999999997
48.94973039627075,0.24203478163033842,-0.24832118764170263,0.2326314943067006,-0.010782657094679071,0.2326314943067006,0.010782657094679071,0.8025863273501801,0.06836925454653028,0.39999999999999997
49.005698919296265,0.2295849605609171,-0.1909042208373533,0.2314990713364362,0.021032770268701984,0.2314990713364362,0.021032770268701984,0.803415859819445,0.06736925454653028,0.7
49.04355049133301,0.2295849605609171,-0.1909042208373533,0.2314470909362967,0.022493159794862327,0.2314470909362967,0.022493159794862327,0.8040972022095636,0.06636925454653028,0.44999999999999996
49.05406880378723,0.23314949841599897,-0.14269412263825296,0.2314470909362967,0.022493159794862327,0.2314470909362967,0.022493159794862327,0.8040972022095636,0.06636925454653028,0.44999999999999996
49.1020028591156,0.23548823180468703,-0.08610806034277399,0.22930127293556055,0.010856690615613451,0.22930127293556055,0.010856690615613451,0.8040995828102047,0.06559351465565004,0.44999999999999996
49.1435604095459,0.23548823180468703,-0.08610806034277399,0.23048486183362807,-0.022767491242177362,0.23048486183362807,0.022767491242177362,0.80332027100598,0.06558629880561093,0.44999999999999996
49.15004301071167,0.23764634712894273,-0.03939911922752565,0.23048486183362807,-0.022767491242177362,0.23048486183362807,0.022767491242177362,0.80332027100598,0.06558629880561093,0.44999999999999996
49.201866149902344,0.23234464740952712,-0.01519597400462755,0.23200761585034738,-0.06602690172367998,0.23200761585034738,0.06602690172367998,0.80170739014765,0.06557136472358935,0.44999999999999996
49.243590116500854,0.23234464740952712,-0.01519597400462755,0.22556097839548037,-0.10515420943830689,0.22556097839548037,0.10515420943830689,0.7988628570329455,0.06707136472358935,0.39999999999999997
49.24985980987549,0.23519606481241043,-2.984061755591412e-05,0.22556097839548037,-0.10515420943830689,0.22556097839548037,0.10515420943830689,0.7988628570329455,0.06707136472358935,0.39999999999999997
49.29821419715881,0.2365463324572264,-0.01676010643827303,0.22687271456414002,-0.1437114685093447,0.22687271456414002,0.1437114685093447,0.7957783753321606,0.06827469965739112,0.39999999999999997
49.343483448028564,0.2365463324572264,-0.01676010643827303,0.22259381862822356,-0.1590810542741391,0.22259381862822356,0.1590810542741391,0.792640520781767,0.06823111834419121,0.39999999999999997
49.35405874252319,0.22721027546210285,-0.03427271322200018,0.22259381862822356,-0.1590810542741391,0.22259381862822356,0.1590810542741391,0.792640520781767,0.06823111834419121,0.39999999999999997
49.38907313346863,0.2629067724600163,-0.09551037381229764,0.222840894528843,-0.1665002870114891,0.222840894528843,0.1665002870114891,0.7900299241380513,0.06819486005747294,0.39999999999999997
49.44358277320862,0.2629067724600163,-0.09551037381229764,0.22251188624170673,-0.15662077610548608,0.22251188624170673,0.15662077610548608,0.788210804225463,0.06719486005747294,0.39999999999999997
49.454609632492065,0.23236656984250662,-0.10795946299955413,0.22251188624170673,-0.15662077610548608,0.22251188624170673,0.15662077610548608,0.788210804225463,0.06719486005747294,0.39999999999999997
49.50191617012024,0.2346331844315762,-0.14085166989263445,0.21846468818504863,-0.13686174524445938,0.21846468818504863,0.13686174524445938,0.7869447593620156,0.06869486005747294,0.39999999999999997
49.54358696937561,0.2346331844315762,-0.14085166989263445,0.2175279480017045,-0.10829679204997389,0.2175279480017045,0.10829679204997389,0.7865754928895338,0.06769486005747294,0.44999999999999996
49.549591302871704,0.23493990299561313,-0.163618615661333,0.2175279480017045,-0.10829679204997389,0.2175279480017045,0.10829679204997389,0.7865754928895338,0.06769486005747294,0.44999999999999996
49.59819579124451,0.23178392981597556,-0.16597062654922015,0.216457369103235,-0.07565056135598247,0.216457369103235,0.07565056135598247,0.7869940471139878,0.06669486005747294,0.44999999999999996
49.643568992614746,0.23178392981597556,-0.16597062654922015,0.21465529815543097,-0.050160963074471265,0.21465529815543097,0.050160963074471265,0.7877825123302051,0.06569486005747294,0.39999999999999997
49.654061794281006,0.21933456927080086,-0.1566302079720583,0.21465529815543097,-0.050160963074471265,0.21465529815543097,0.050160963074471265,0.7877825123302051,0.06569486005747294,0.39999999999999997
49.69824147224426,0.22763291221392407,-0.14088268434948886,0.21393908938759718,-0.028222590380486023,0.21393908938759718,0.028222590380486023,0.788870212985625,0.06469486005747294,0.39999999999999997
49.743632316589355,0.22763291221392407,-0.14088268434948886,0.2122897042412376,-0.02729310411471375,0.2122897042412376,0.02729310411471375,0.7917047482763242,0.06619486005747294,0.39999999999999997
49.75152254104614,0.21902453128335378,-0.11705229566768015,0.2122897042412376,-0.02729310411471375,0.2122897042412376,0.02729310411471375,0.7917047482763242,0.06619486005747294,0.39999999999999997
49.798091888427734,0.2226776456280627,-0.08749231311657894,0.21537410441127336,-0.08729310411471375,0.21537410441127336,0.08729310411471375,0.7897593254176398,0.06769486005747294,0.39999999999999997
49.843591928482056,0.2226776456280627,-0.08749231311657894,0.20950004193531072,-0.14729310411471375,0.20950004193531072,0.14729310411471375,0.7870860033232914,0.06919486005747294,0.39999999999999997
49.84973073005676,0.2175183200516915,-0.06193303628593432,0.20950004193531072,-0.14729310411471375,0.20950004193531072,0.14729310411471375,0.7870860033232914,0.06919486005747294,0.39999999999999997
49.89836502075195,0.2189778950275723,-0.06296586265542034,0.2105411235202863,-0.18385383731551452,0.2105411235202863,0.18385383731551452,0.7843136982436157,0.07069486005747294,0.39999999999999997
49.94359517097473,0.2189778950275723,-0.06296586265542034,0.21125603003215634,-0.2066342006729801,0.21125603003215634,0.2066342006729801,0.7816794619836345,0.07219486005747294,0.39999999999999997
49.95005702972412,0.21594644101636074,-0.06738412694639234,0.21125603003215634,-0.2066342006729801,0.21125603003215634,0.2066342006729801,0.7816794619836345,0.07219486005747294,0.39999999999999997
49.99767184257507,0.21896982276697163,-0.10360143638613248,0.20483794580502393,-0.2666342006729801,0.20483794580502393,0.2666342006729801,0.7767753308691475,0.07119486005747294,0.7
50.04358506202698,0.21896982276697163,-0.10360143638613248,0.20470965058757454,-0.309775002758679,0.20470965058757454,0.309775002758679,0.7730347834433643,0.07019486005747294,0.6
50.04986214637756,0.21397957728144634,-0.13246488594363182,0.20470965058757454,-0.309775002758679,0.20470965058757454,0.309775002758679,0.7730347834433643,0.07019486005747294,0.6
50.09812259674072,0.2149034083901607,-0.18174121278850972,0.21720965058757455,-0.24977500275867898,0.21720965058757455,0.24977500275867898,0.8089319285526853,0.06919486005747294,0.6
50.143584966659546,0.2149034083901607,-0.18174121278850972,0.22970965058757456,-0.18977500275867898,0.22970965058757456,0.18977500275867898,0.8286817017379556,0.06819486005747294,0.6
50.15114784240723,0.20776816938331227,-0.21437436246107366,0.22970965058757456,-0.18977500275867898,0.22970965058757456,0.18977500275867898,0.8286817017379556,0.06819486005747294,0.6
50.20205760002136,0.2078554796212932,-0.2372148955514626,0.20040884882443155,-0.2354301157008416,0.20040884882443155,0.2354301157008416,0.814841633671719,0.06719486005747294,0.6
50.24354028701782,0.2078554796212932,-0.2372148955514626,0.19934139587768404,-0.1994215208178508,0.19934139587768404,0.1994215208178508,0.8098391180368321,0.06619486005747294,0.39999999999999997
50.254150390625,0.20808619257595612,-0.24642827982799098,0.19934139587768404,-0.1994215208178508,0.19934139587768404,0.1994215208178508,0.8098391180368321,0.06619486005747294,0.39999999999999997
50.30201864242554,0.21095164444267583,-0.24963365812802651,0.1983128258228589,-0.16472456998191454,0.1983128258228589,0.16472456998191454,0.7972473196637584,0.06553006777466443,0.39999999999999997
50.34358263015747,0.21095164444267583,-0.24963365812802651,0.1980544530318834,-0.13425338392173614,0.1980544530318834,0.13425338392173614,0.7763070449408731,0.06533617634204512,0.39999999999999997
50.34986710548401,0.21161256727381947,-0.2487418862537984,0.1980544530318834,-0.13425338392173614,0.1980544530318834,0.13425338392173614,0.7763070449408731,0.06533617634204512,0.39999999999999997
50.39803719520569,0.2086361280775073,-0.22681371583704713,0.19814473288494935,-0.13728889465035654,0.19814473288494935,0.13728889465035654,0.7890352900606846,0.06433617634204512,0.35
50.44359588623047,0.2086361280775073,-0.22681371583704713,0.19864811393887902,-0.15421424995273592,0.19864811393887902,0.15421424995273592,0.7802727089363032,0.06333617634204512,0.35
50.454108238220215,0.19749746504686513,-0.19459512630395986,0.19864811393887902,-0.15421424995273592,0.19864811393887902,0.15421424995273592,0.7802727089363032,0.06333617634204512,0.35
50.5021493434906,0.20062897939731014,-0.17121052559110367,0.21114811393887903,-0.09421424995273592,0.21114811393887903,0.09421424995273592,0.7747756883307413,0.06483617634204512,0.35
50.543572664260864,0.20062897939731014,-0.17121052559110367,0.22364811393887904,-0.09353653546283558,0.22364811393887904,0.09353653546283558,0.7782338358625039,0.06633617634204513,0.5499999999999999
50.550156593322754,0.20313434456282242,-0.15241138482281397,0.22364811393887904,-0.09353653546283558,0.22364811393887904,0.09353653546283558,0.7782338358625039,0.06633617634204513,0.5499999999999999
50.60220766067505,0.2019205217347634,-0.12868983929231825,0.23614811393887905,-0.12511330247942742,0.23614811393887905,0.12511330247942742,0.765466367417263,0.06783617634204513,0.5499999999999999
50.64365530014038,0.2019205217347634,-0.12868983929231825,0.20364811393887905,-0.18511330247942742,0.20364811393887905,0.18511330247942742,0.7794586017018064,0.06804803613474732,0.5499999999999999
50.650816202163696,0.20780469599718776,-0.11064516523415663,0.20364811393887905,-0.18511330247942742,0.20364811393887905,0.18511330247942742,0.7794586017018064,0.06804803613474732,0.5499999999999999
50.6995267868042,0.2183227866543387,-0.10794286201709953,0.20006104023983098,-0.24511330247942742,0.20006104023983098,0.24511330247942742,0.7804725444437501,0.06806211867282987,0.5499999999999999
50.7436318397522,0.2183227866543387,-0.10794286201709953,0.2016730414229361,-0.3051133024794274,0.2016730414229361,0.3051133024794274,0.773633882914773,0.06706211867282987,0.6
50.75497508049011,0.217788071276516,-0.10510361417646777,0.2016730414229361,-0.3051133024794274,0.2016730414229361,0.3051133024794274,0.773633882914773,0.06706211867282987,0.6
50.79166078567505,0.24449782219289123,-0.17069557818209807,0.2141730414229361,-0.3483410304394985,0.2141730414229361,0.3483410304394985,0.8035202355838176,0.06606211867282986,0.6
50.84358096122742,0.24449782219289123,-0.17069557818209807,0.22667304142293612,-0.3579253980260013,0.22667304142293612,0.3579253980260013,0.8185815906656724,0.06506211867282986,0.7
50.85024046897888,0.2205492052065198,-0.1861674262053732,0.22667304142293612,-0.3579253980260013,0.22667304142293612,0.3579253980260013,0.8185815906656724,0.06506211867282986,0.7
50.889565229415894,0.23684457481770793,-0.270002544963567,0.23917304142293613,-0.3491582451568648,0.23917304142293613,0.3491582451568648,0.8227024105988112,0.06406211867282986,0.7
50.94359827041626,0.23684457481770793,-0.270002544963567,0.2516730414229361,-0.33805514011290083,0.2516730414229361,0.33805514011290083,0.8206596838517951,0.06306211867282986,0.7
50.949987173080444,0.21508251136793866,-0.28462113583027027,0.2516730414229361,-0.33805514011290083,0.2516730414229361,0.33805514011290083,0.8206596838517951,0.06306211867282986,0.7
51.00225615501404,0.21588524640660053,-0.3146066900169574,0.21917304142293612,-0.39805514011290083,0.21917304142293612,0.39805514011290083,0.8004806663493351,0.06206211867282986,0.7
51.03965997695923,0.2511243578903103,-0.38318498403810397,0.20273743851653384,-0.45428886582637584,0.20273743851653384,0.45428886582637584,0.7940195974401397,0.06356211867282986,0.5499999999999999
51.043506383895874,0.2511243578903103,-0.38318498403810397,0.20273743851653384,-0.45428886582637584,0.20273743851653384,0.45428886582637584,0.7940195974401397,0.06356211867282986,0.5499999999999999
51.098143577575684,0.23137683282223503,-0.3669931962254361,0.20208178237849853,-0.4317177333434744,0.20208178237849853,0.4317177333434744,0.7852557268312885,0.06506211867282986,0.5499999999999999
51.14146709442139,0.23995769417312468,-0.4028780646140344,0.20208178237849853,-0.4317177333434744,0.20208178237849853,0.4317177333434744,0.7818354190546863,0.06656211867282986,0.5499999999999999
51.14350986480713,0.23995769417312468,-0.4028780646140344,0.20722889757646082,-0.39677752765101115,0.20722889757646082,0.39677752765101115,0.7818354190546863,0.06656211867282986,0.5499999999999999
51.198214530944824,0.21959968804185515,-0.39199578153217196,0.20629336770415216,-0.36552932953615436,0.20629336770415216,0.36552932953615436,0.7758744810085698,0.06799825668067458,0.5499999999999999
51.243571758270264,0.21959968804185515,-0.39199578153217196,0.20652319093751045,-0.37320579411515764,0.20652319093751045,0.37320579411515764,0.7710732659985826,0.0679315731388692,0.5499999999999999
51.25043869018555,0.2086944219138199,-0.40235436402406055,0.20652319093751045,-0.37320579411515764,0.20652319093751045,0.37320579411515764,0.7710732659985826,0.0679315731388692,0.5499999999999999
51.302536725997925,0.20137963827127198,-0.39239494999808444,0.21366607036034768,-0.31776611431804724,0.21366607036034768,0.31776611431804724,0.7708066569801755,0.06792787023583577,0.5499999999999999
51.343586683273315,0.20137963827127198,-0.39239494999808444,0.21227907394507625,-0.2733468386927985,0.21227907394507625,0.2733468386927985,0.7696892588870184,0.06791235081787525,0.5499999999999999
51.35017991065979,0.20354481376025352,-0.3903132291967494,0.21227907394507625,-0.2733468386927985,0.21227907394507625,0.2733468386927985,0.7696892588870184,0.06791235081787525,0.5499999999999999
51.40204620361328,0.20208730554236704,-0.3603042192767707,0.21663843495103566,-0.23227110819509778,0.21663843495103566,0.23227110819509778,0.7700734916388242,0.06791768738387256,0.5499999999999999
51.44356060028076,0.20208730554236704,-0.3603042192767707,0.21583987613482694,-0.2073628853389783,0.21583987613482694,0.2073628853389783,0.7709002420039305,0.06691768738387256,0.7
51.454057931900024,0.20314882745214544,-0.33234795445804394,0.21583987613482694,-0.2073628853389783,0.21583987613482694,0.2073628853389783,0.7709002420039305,0.06691768738387256,0.7
51.49808883666992,0.21820654112372326,-0.30482755803328276,0.21927489018966442,-0.18908906728325314,0.21927489018966442,0.18908906728325314,0.7722424096851626,0.06591768738387256,0.7
51.54348373413086,0.21820654112372326,-0.30482755803328276,0.22071693639358503,-0.23324381133026162,0.22071693639358503,0.23324381133026162,0.7723375499819358,0.06491768738387256,0.7
51.55459475517273,0.2108823399953525,-0.2576948548333109,0.22071693639358503,-0.23324381133026162,0.22071693639358503,0.23324381133026162,0.7723375499819358,0.06491768738387256,0.7
51.60107946395874,0.22120895401892685,-0.22756749015252153,0.22277928286674245,-0.2494441390744616,0.22277928286674245,0.2494441390744616,0.7749426688891428,0.06391768738387256,0.7
51.64361119270325,0.22120895401892685,-0.22756749015252153,0.22361702158669913,-0.27491874375249536,0.22361702158669913,0.27491874375249536,0.7811779714086399,0.06291768738387256,0.7
51.64998769760132,0.22442377107662614,-0.20106754357180007,0.22361702158669913,-0.27491874375249536,0.22361702158669913,0.27491874375249536,0.7811779714086399,0.06291768738387256,0.7
51.69804406166077,0.22819392744986436,-0.20619784378996958,0.224557011467892,-0.303502680550808,0.224557011467892,0.303502680550808,0.7907578569455691,0.06191768738387256,0.7
51.7435941696167,0.22819392744986436,-0.20619784378996958,0.2297862078304941,-0.363502680550808,0.2297862078304941,0.363502680550808,0.8089185940645987,0.06091768738387256,0.7
51.749717473983765,0.22519374326453262,-0.21125305875675854,0.2297862078304941,-0.363502680550808,0.2297862078304941,0.363502680550808,0.8089185940645987,0.06091768738387256,0.7
51.79846262931824,0.22795754737728968,-0.23977285403853987,0.23016262748107164,-0.423502680550808,0.23016262748107164,0.423502680550808,0.8329839690174416,0.06,0.7
51.843584299087524,0.22795754737728968,-0.23977285403853987,0.23182834703146016,-0.44495349137673645,0.23182834703146016,0.44495349137673645,0.8578086436056775,0.06,0.7
51.85373902320862,0.22021168485830583,-0.25305687056115966,0.23182834703146016,-0.44495349137673645,0.23182834703146016,0.44495349137673645,0.8578086436056775,0.06,0.7
51.898619651794434,0.2327745962392392,-0.3194211091269107,0.23936734704867876,-0.5049534913767364,0.23936734704867876,0.5049534913767364,0.8870718897845014,0.06,0.65
51.94363307952881,0.2327745962392392,-0.3194211091269107,0.23814724609232676,-0.5649534913767364,0.23814724609232676,0.5649534913767364,0.9119160740319111,0.06,0.65
51.950533628463745,0.22862851948498475,-0.3583868718637996,0.23814724609232676,-0.5649534913767364,0.23814724609232676,0.5649534913767364,0.9119160740319111,0.06,0.65
51.989279985427856,0.2536132715323813,-0.46163824705237244,0.23814724609232676,-0.5649534913767364,0.23814724609232676,0.5649534913767364,0.9119160740319111,0.06,0.65
52.04359817504883,0.2536132715323813,-0.46163824705237244,0.2413818803132898,-0.47266984376953786,0.2413818803132898,0.47266984376953786,0.9464097394410147,0.06,0.49999999999999994
52.05402731895447,0.22771703919754577,-0.44822806640723634,0.2413818803132898,-0.47266984376953786,0.2413818803132898,0.47266984376953786,0.9464097394410147,0.06,0.49999999999999994
52.10188841819763,0.23417210330728722,-0.4983342131275244,0.23879523994949295,-0.41266984376953786,0.23879523994949295,0.41266984376953786,0.9509912722647144,0.06,0.49999999999999994
52.13820719718933,0.2671331574551671,-0.6004223668296059,0.20629523994949295,-0.35266984376953786,0.20629523994949295,0.35266984376953786,0.9218048241928299,0.06,0.49999999999999994
52.14353156089783,0.2671331574551671,-0.6004223668296059,0.20629523994949295,-0.35266984376953786,0.20629523994949295,0.35266984376953786,0.9218048241928299,0.06,0.49999999999999994
52.19847249984741,0.24373908014691908,-0.525484983602984,0.17379523994949295,-0.29266984376953786,0.17379523994949295,0.29266984376953786,0.8891393946967601,0.06,0.49999999999999994
52.24360132217407,0.24373908014691908,-0.525484983602984,0.16242236768220034,-0.23266984376953787,0.16242236768220034,0.23266984376953787,0.8620391196266219,0.06,0.49999999999999994
52.24992299079895,0.23976154165085814,-0.48378398145132157,0.16242236768220034,-0.23266984376953787,0.16242236768220034,0.23266984376953787,0.8620391196266219,0.06,0.49999999999999994
52.298089027404785,0.22490689243592948,-0.4203767555494561,0.1739630205718424,-0.17266984376953787,0.1739630205718424,0.17266984376953787,0.8468875678216405,0.06,0.49999999999999994
52.34358358383179,0.22490689243592948,-0.4203767555494561,0.1725613711928078,-0.11266984376953787,0.1725613711928078,0.11266984376953787,0.8301238876067151,0.06,0.49999999999999994
52.35121297836304,0.20327879685279493,-0.35678407700761017,0.1725613711928078,-0.11266984376953787,0.1725613711928078,0.11266984376953787,0.8301238876067151,0.06,0.49999999999999994
52.39796471595764,0.19374675231218097,-0.292528610142885,0.17131767090811736,-0.05266984376953787,0.17131767090811736,0.05266984376953787,0.8178690592269688,0.0615,0.49999999999999994
52.443583726882935,0.19374675231218097,-0.292528610142885,0.17234688718265226,-0.004342585779526953,0.17234688718265226,0.004342585779526953,0.8088478775646678,0.063,0.49999999999999994
52.44981813430786,0.18174734820674873,-0.2310943449778961,0.17234688718265226,-0.004342585779526953,0.17234688718265226,0.004342585779526953,0.8088478775646678,0.063,0.49999999999999994
52.49924445152283,0.1768647299253076,-0.16323206221422001,0.17410424558768722,-0.06434258577952695,0.17410424558768722,0.06434258577952695,0.8006514993207499,0.0645,0.49999999999999994
52.54357171058655,0.1768647299253076,-0.16323206221422001,0.17335494576613864,-0.08979432244992847,0.17335494576613864,0.08979432244992847,0.8004322905215225,0.066,0.5499999999999999
52.55407238006592,0.16932342543935036,-0.10634538092951698,0.17335494576613864,-0.08979432244992847,0.17335494576613864,0.08979432244992847,0.8004322905215225,0.066,0.5499999999999999
52.598026514053345,0.17997476544708774,-0.07774180006601045,0.17416209451485817,-0.12059311470131928,0.17416209451485817,0.12059311470131928,0.8053431083796048,0.0675,0.5499999999999999
52.6435980796814,0.17997476544708774,-0.07774180006601045,0.1745455564585282,-0.14549198640653804,0.1745455564585282,0.14549198640653804,0.8139058208654053,0.06852646973424174,0.5499999999999999
52.650120973587036,0.17673247630096867,-0.059958414645957595,0.1745455564585282,-0.14549198640653804,0.1745455564585282,0.14549198640653804,0.8139058208654053,0.06852646973424174,0.5499999999999999
52.688979387283325,0.1950458021699399,-0.08188713140465763,0.17514473447670206,-0.16839037608630736,0.17514473447670206,0.16839037608630736,0.8243629709014917,0.06867170792918739,0.5499999999999999
52.7436089515686,0.1950458021699399,-0.08188713140465763,0.17516844651153066,-0.16929656322458086,0.17516844651153066,0.16929656322458086,0.8326690688074542,0.06878707040010353,0.5499999999999999
52.750099658966064,0.17841829297242265,-0.08788630579021499,0.17516844651153066,-0.16929656322458086,0.17516844651153066,0.16929656322458086,0.8326690688074542,0.06878707040010353,0.5499999999999999
52.79864740371704,0.1811076423332941,-0.11992127191835567,0.17291290020432312,-0.1613057042007766,0.17291290020432312,0.1613057042007766,0.8425637921128277,0.06778707040010352,0.39999999999999997
52.843570947647095,0.1811076423332941,-0.11992127191835567,0.17223357442288256,-0.13503710398593216,0.17223357442288256,0.13503710398593216,0.8459473572555698,0.06678707040010352,0.39999999999999997
52.84998869895935,0.1795988563704745,-0.14476993113804582,0.17223357442288256,-0.13503710398593216,0.17223357442288256,0.13503710398593216,0.8459473572555698,0.06678707040010352,0.39999999999999997
52.89805746078491,0.18124099461092855,-0.1640063928776167,0.1713316579767271,-0.10016122675805605,0.1713316579767271,0.10016122675805605,0.842832018324309,0.06578707040010352,0.39999999999999997
52.94356989860535,0.18124099461092855,-0.1640063928776167,0.1658290819737439,-0.06409379988675323,0.1658290819737439,0.06409379988675323,0.8312637173747515,0.06478707040010352,0.39999999999999997
52.95007395744324,0.17723266546174835,-0.1719134919792857,0.1658290819737439,-0.06409379988675323,0.1658290819737439,0.06409379988675323,0.8312637173747515,0.06478707040010352,0.39999999999999997
53.00744700431824,0.16732633537486002,-0.15570716350498956,0.16485744575348585,-0.025486565748766066,0.16485744575348585,0.025486565748766066,0.8286106362668645,0.06378707040010352,0.7
53.043532371520996,0.16732633537486002,-0.15570716350498956,0.16422805844820706,-0.00047833473415748173,0.16422805844820706,0.00047833473415748173,0.8306675911201231,0.06278707040010352,0.7
53.05000376701355,0.18035798089076494,-0.1501610630885307,0.16422805844820706,-0.00047833473415748173,0.16422805844820706,0.00047833473415748173,0.8306675911201231,0.06278707040010352,0.7
53.09818077087402,0.17773505424375677,-0.11701609889561754,0.15976814332715145,0.017412172333899245,0.15976814332715145,0.017412172333899245,0.8256928535836124,0.06178707040010352,0.7
53.14359521865845,0.17773505424375677,-0.11701609889561754,0.15979941755129445,0.016138327898366445,0.15979941755129445,0.016138327898366445,0.8216023739732712,0.06078707040010352,0.7
53.14996099472046,0.1723119600964236,-0.08428161134601789,0.15979941755129445,0.016138327898366445,0.15979941755129445,0.016138327898366445,0.8216023739732712,0.06078707040010352,0.7
53.20200490951538,0.16679893636842447,-0.04975942177565394,0.15893812131210408,0.005865075112280405,0.15893812131210408,0.005865075112280405,0.8140745387108175,0.06,0.7
53.24356770515442,0.16679893636842447,-0.04975942177565394,0.1594763628165683,-0.016211875092047356,0.1594763628165683,0.016211875092047356,0.8045601304223895,0.06,0.7
53.25434637069702,0.1629423942794752,-0.023922452247127947,0.1594763628165683,-0.016211875092047356,0.1594763628165683,0.016211875092047356,0.8045601304223895,0.06,0.7
53.29855513572693,0.1699198678072534,-0.010659198801428182,0.16009671876077436,-0.04165689777350856,0.16009671876077436,0.04165689777350856,0.7965752912251575,0.06,0.7
53.34357810020447,0.1699198678072534,-0.010659198801428182,0.16039944249794813,-0.07450316250729372,0.16039944249794813,0.07450316250729372,0.7897737336232126,0.06,0.7
53.34971880912781,0.16578062950263525,-0.004078641284491476,0.16039944249794813,-0.07450316250729372,0.16039944249794813,0.07450316250729372,0.7897737336232126,0.06,0.7
53.39802050590515,0.1664519774622605,-0.016148508099448906,0.161540823759885,-0.12146435595330807,0.161540823759885,0.12146435595330807,0.7837152070608173,0.06,0.7
53.443570137023926,0.1664519774622605,-0.016148508099448906,0.129040823759885,-0.15391719462400988,0.129040823759885,0.15391719462400988,0.7906316937491424,0.06,0.7
53.45005416870117,0.16310381297478133,-0.028404774844133486,0.129040823759885,-0.15391719462400988,0.129040823759885,0.15391719462400988,0.7906316937491424,0.06,0.7
53.498199224472046,0.16539035853916895,-0.061767432243502646,0.09654082375988499,-0.18124334331592118,0.09654082375988499,0.18124334331592118,0.7855159262725884,0.06,0.7
53.54356241226196,0.16539035853916895,-0.061767432243502646,0.08113053484100052,-0.18693821947372236,0.08113053484100052,0.18693821947372236,0.7824652822069134,0.06,0.7
53.55404257774353,0.1590999120949564,-0.08600676580005824,0.08113053484100052,-0.18693821947372236,0.08113053484100052,0.18693821947372236,0.7824652822069134,0.06,0.7
53.60208535194397,0.14653238809596203,-0.12316203078914417,0.07859942300826574,-0.12693821947372236,0.07859942300826574,0.12693821947372236,0.7784354243668462,0.06,0.7
53.6436128616333,0.14653238809596203,-0.12316203078914417,0.07774263800843774,-0.06693821947372236,0.07774263800843774,0.06693821947372236,0.7683826582354047,0.06,0.7
53.65027117729187,0.1295541296409522,-0.16019097520378023,0.07774263800843774,-0.06693821947372236,0.07774263800843774,0.06693821947372236,0.7683826582354047,0.06,0.7
53.697991609573364,0.11045207495158317,-0.17036102605569398,0.07498977179138955,-0.006938219473722362,0.07498977179138955,0.006938219473722362,0.7609990030872456,0.06,0.7
53.743568658828735,0.11045207495158317,-0.17036102605569398,0.07421486671091225,0.053061780526277635,0.07421486671091225,0.053061780526277635,0.7557511894247964,0.06,0.7
53.75008749961853,0.09382427573516,-0.16600375807897552,0.07421486671091225,0.053061780526277635,0.07421486671091225,0.053061780526277635,0.7557511894247964,0.06,0.7
53.80317807197571,0.08323481100502145,-0.12633807634648986,0.07350067208139036,0.11306178052627763,0.07350067208139036,0.11306178052627763,0.7604772405753457,0.06,0.7
53.843573331832886,0.08323481100502145,-0.12633807634648986,0.08600067208139035,0.17306178052627763,0.08600067208139035,0.17306178052627763,0.7738738790309744,0.06,0.7
53.84590148925781,0.0809659905319017,-0.08800395597275881,0.08600067208139035,0.17306178052627763,0.08600067208139035,0.17306178052627763,0.7738738790309744,0.06,0.7
53.89810276031494,0.07742630253627965,-0.02589955678716123,0.09850067208139035,0.23306178052627763,0.09850067208139035,0.23306178052627763,0.7751614263183992,0.06,0.7
53.944124698638916,0.07742630253627965,-0.02589955678716123,0.11100067208139035,0.2930617805262776,0.11100067208139035,0.2930617805262776,0.7654682052161045,0.06,0.7
53.953953981399536,0.0725566597456573,0.03279770893413746,0.11100067208139035,0.2930617805262776,0.11100067208139035,0.2930617805262776,0.7654682052161045,0.06,0.7
53.98925280570984,0.0950967183171352,0.14106077633290148,0.12,0.3236232535109313,0.12,0.3236232535109313,0.7510652000685616,0.06,0.7
54.043506383895874,0.0950967183171352,0.14106077633290148,0.12,0.3062522197247683,0.12,0.3062522197247683,0.7398308560534781,0.06,0.7
54.050055742263794,0.09311424449425473,0.16994294858667808,0.12,0.3062522197247683,0.12,0.3062522197247683,0.7398308560534781,0.06,0.7
54.09797644615173,0.0977081139147819,0.2500072933910945,0.12,0.2864448254860204,0.12,0.2864448254860204,0.731068067721713,0.06,0.7
54.14360690116882,0.0977081139147819,0.2500072933910945,0.12,0.2560232518452761,0.12,0.2560232518452761,0.7242330928229361,0.06,0.7
54.15017509460449,0.09736417816205303,0.3065379480931125,0.12,0.2560232518452761,0.12,0.2560232518452761,0.7242330928229361,0.06,0.7
54.198570728302,0.10940044323686676,0.31536511239894893,0.12,0.2208083773913295,0.12,0.2208083773913295,0.7189018124018902,0.06,0.7
54.24355721473694,0.10940044323686676,0.31536511239894893,0.12,0.19583658347125973,0.12,0.19583658347125973,0.7147434136734744,0.06,0.7
54.249977111816406,0.11594469629211669,0.30631465046535256,0.12,0.19583658347125973,0.12,0.19583658347125973,0.7147434136734744,0.06,0.7
54.29830455780029,0.12324906006108013,0.2770633124861895,0.12,0.17270037471335706,0.12,0.17270037471335706,0.7114998626653101,0.06,0.7
54.34357047080994,0.12324906006108013,0.2770633124861895,0.12,0.15672492945597613,0.12,0.15672492945597613,0.7089698928789419,0.06,0.7
54.34969186782837,0.12562826773908914,0.2420255205208211,0.12,0.15672492945597613,0.12,0.15672492945597613,0.7089698928789419,0.06,0.7
54.39798283576965,0.1284273344691353,0.20760467358320267,0.12,0.14357598961659082,0.12,0.14357598961659082,0.7069965164455747,0.06,0.7
54.44357681274414,0.1284273344691353,0.20760467358320267,0.12,0.13405569969504763,0.12,0.13405569969504763,0.7054572828275483,0.06,0.7
54.44999074935913,0.12779361439119746,0.1739997616127834,0.12,0.13405569969504763,0.12,0.13405569969504763,0.7054572828275483,0.06,0.7
54.50215482711792,0.12658075469947594,0.14516413590367483,0.12,0.12653391591035118,0.12,0.12653391591035118,0.7042566806054877,0.06,0.7
54.54355478286743,0.12658075469947594,0.14516413590367483,0.12,0.1207457799341369,0.12,0.1207457799341369,0.7033202108722805,0.06,0.7
54.545838832855225,0.13430102527245433,0.12957616095607283,0.12,0.1207457799341369,0.12,0.1207457799341369,0.7033202108722805,0.06,0.7
54.597928047180176,0.12997221864037423,0.11318175506773129,0.12,0.11559475080967352,0.12,0.11559475080967352,0.7025897644803788,0.06,0.7
54.643590211868286,0.12997221864037423,0.11318175506773129,0.11622140678875097,0.11048238040175527,0.11622140678875097,0.11048238040175527,0.7020200162946955,0.06,0.7
54.65106725692749,0.12612600135319657,0.10179552114624679,0.11622140678875097,0.11048238040175527,0.11622140678875097,0.11048238040175527,0.7020200162946955,0.06,0.7
54.69792914390564,0.12838892178077282,0.09892666885102117,0.11211853914416225,0.105340240036672,0.11211853914416225,0.105340240036672,0.7015756127098625,0.06,0.7
54.74356436729431,0.12838892178077282,0.09892666885102117,0.10808583834182446,0.09990226816234372,0.10808583834182446,0.09990226816234372,0.7012289779136928,0.06,0.7
54.754170656204224,0.12184617904089098,0.09222425104525873,0.10808583834182446,0.09990226816234372,0.10808583834182446,0.09990226816234372,0.7012289779136928,0.06,0.7
54.803696632385254,0.12052535093066061,0.09158610694625914,0.1040810574356721,0.09418430566896084,0.1040810574356721,0.09418430566896084,0.7009586027726804,0.06,0.7
54.84359574317932,0.12052535093066061,0.09158610694625914,0.10028454349625593,0.08827419235507064,0.10028454349625593,0.08827419235507064,0.7007477101626908,0.06,0.7
54.85014033317566,0.12129796171938516,0.09402895198769926,0.10028454349625593,0.08827419235507064,0.10028454349625593,0.08827419235507064,0.7007477101626908,0.06,0.7
54.897993326187134,0.11787332204605569,0.09326994574850307,0.09658318879542174,0.08202933146041134,0.09658318879542174,0.08202933146041134,0.7005832139268988,0.06,0.7
54.94358563423157,0.11787332204605569,0.09326994574850307,0.09311764039632614,0.07588792342904359,0.09311764039632614,0.07588792342904359,0.7004549068629812,0.06,0.7
54.9497709274292,0.11157548854968694,0.0910517235018656,0.09311764039632614,0.07588792342904359,0.09311764039632614,0.07588792342904359,0.7004549068629812,0.06,0.7
55.00174808502197,0.10527116381721899,0.08726822134197916,0.08975859122907243,0.0693928842273603,0.08975859122907243,0.0693928842273603,0.7003548273531254,0.06,0.7
55.04360055923462,0.10527116381721899,0.08726822134197916,0.08659945723763664,0.06329670790304756,0.08659945723763664,0.06329670790304756,0.7002767653354378,0.06,0.7
55.04893636703491,0.10338856205655075,0.0872328978028359,0.08659945723763664,0.06329670790304756,0.08659945723763664,0.06329670790304756,0.7002767653354378,0.06,0.7
55.098108768463135,0.09915903538587839,0.08335449745666859,0.08353703265750347,0.05715611665280296,0.08353703265750347,0.05715611665280296,0.7002158769616416,0.06,0.7
55.14359712600708,0.09915903538587839,0.08335449745666859,0.08061993200668101,0.051525145330570996,0.08061993200668101,0.051525145330570996,0.7001683840300804,0.06,0.65
55.14996361732483,0.0941361908142742,0.07842052935738546,0.08061993200668101,0.051525145330570996,0.08061993200668101,0.051525145330570996,0.7001683840300804,0.06,0.65
55.20206928253174,0.08930035384711854,0.07120485547294306,0.07776233674719306,0.04605327462609261,0.07776233674719306,0.04605327462609261,0.7001313395434627,0.06,0.65
55.243605852127075,0.08930035384711854,0.07120485547294306,0.07504272853436159,0.0415017550846633,0.07504272853436159,0.0415017550846633,0.7001024448439009,0.06,0.65
55.25000286102295,0.0880584427146339,0.06628264076432343,0.07504272853436159,0.0415017550846633,0.07504272853436159,0.0415017550846633,0.7001024448439009,0.06,0.65
55.298346281051636,0.08583192152847358,0.0605562463428779,0.07237153056569269,0.037357151237070195,0.07237153056569269,0.037357151237070195,0.7000799069782427,0.06,0.65
55.3436381816864,0.08583192152847358,0.0605562463428779,0.06980478983193418,0.03370882415906161,0.06980478983193418,0.03370882415906161,0.7000623274430294,0.06,0.65
55.3498010635376,0.08182183874746,0.05421413385635686,0.06980478983193418,0.03370882415906161,0.06980478983193418,0.03370882415906161,0.7000623274430294,0.06,0.65
55.402161598205566,0.0776639142423805,0.047978371348289306,0.06731763547020966,0.030399252953151736,0.06731763547020966,0.030399252953151736,0.6981007767155969,0.06,0.65
55.44362783432007,0.0776639142423805,0.047978371348289306,0.06493747588051396,0.027517779125532903,0.06493747588051396,0.027517779125532903,0.6945021681631807,0.06,0.65
55.45002293586731,0.07649210374874302,0.04410718054204665,0.06493747588051396,0.027517779125532903,0.06493747588051396,0.027517779125532903,0.6945021681631807,0.06,0.65
55.49826216697693,0.074414903719317,0.040377921751947196,0.06262573403595652,0.02482815238341347,0.06262573403595652,0.02482815238341347,0.6898202499602393,0.06,0.65
55.54357051849365,0.074414903719317,0.040377921751947196,0.06041354360589958,0.022354936121522062,0.06041354360589958,0.022354936121522062,0.6845106386499584,0.0615,0.6
55.55039429664612,0.07029478477255754,0.03630804719172091,0.06041354360589958,0.022354936121522062,0.06041354360589958,0.022354936121522062,0.6845106386499584,0.0615,0.6
55.598188638687134,0.06872295412888936,0.03369923658158778,0.05829095457097297,0.020035449648625293,0.05829095457097297,0.020035449648625293,0.6789158500682486,0.06221720300957522,0.6
55.643568992614746,0.06872295412888936,0.03369923658158778,0.056246770303335386,0.01788461170406625,0.056246770303335386,0.01788461170406625,0.6732901176392152,0.0621911579520334,0.6
55.65042042732239,0.06519269969428501,0.030535879150649887,0.056246770303335386,0.01788461170406625,0.056246770303335386,0.01788461170406625,0.6732901176392152,0.0621911579520334,0.6
55.69889307022095,0.06349384647511973,0.027558612776123287,0.05425609765630942,0.01585767839500014,0.05425609765630942,0.01585767839500014,0.6678129579165768,0.0636911579520334,0.6
55.743560552597046,0.06349384647511973,0.027558612776123287,0.05235504689546119,0.01418946818298541,0.05235504689546119,0.01418946818298541,0.6626381081258519,0.06428368618635048,0.6
55.75064444541931,0.06023551781687208,0.023807125293319027,0.05235504689546119,0.01418946818298541,0.05235504689546119,0.01418946818298541,0.6626381081258519,0.06428368618635048,0.6
55.798272371292114,0.059097937606025386,0.02106960552849136,0.05053241846436253,0.012845125459435058,0.05053241846436253,0.012845125459435058,0.6578695965804608,0.06423953330167093,0.6
55.84357738494873,0.059097937606025386,0.02106960552849136,0.04876829571613844,0.011675558969857747,0.04876829571613844,0.011675558969857747,0.6543100897174389,0.06420657490479109,0.6
55.85559391975403,0.05471665762968799,0.018256340646927473,0.04876829571613844,0.011675558969857747,0.04876829571613844,0.011675558969857747,0.6543100897174389,0.06420657490479109,0.6
55.90175938606262,0.05503888606128286,0.01756623029543155,0.04703280048627825,0.010512009851779113,0.04703280048627825,0.010512009851779113,0.6520136255057553,0.06418531134727551,0.6
55.943671464920044,0.05503888606128286,0.01756623029543155,0.04536328293721167,0.009315845061989859,0.04536328293721167,0.009315845061989859,0.6491801983298681,0.06415907591046174,0.6
55.950077056884766,0.053812096166509005,0.016898468145520262,0.04536328293721167,0.009315845061989859,0.04536328293721167,0.009315845061989859,0.6491801983298681,0.06415907591046174,0.6
55.99034905433655,0.055785820052678285,0.016727000576855663,0.043744804307210464,0.008088467263944566,0.043744804307210464,0.008088467263944566,0.6471255038739634,0.06414005096179595,0.6
56.04360008239746,0.055785820052678285,0.016727000576855663,0.04218857102402886,0.0070130070910233485,0.04218857102402886,0.0070130070910233485,0.6459638846235373,0.06412929522799571,0.6
56.04975485801697,0.04985896326131341,0.014173353459121085,0.04218857102402886,0.0070130070910233485,0.04218857102402886,0.0070130070910233485,0.6459638846235373,0.06412929522799571,0.6
56.0978467464447,0.048452823042497734,0.012593036398073512,0.040688359420004434,0.006101747845194171,0.040688359420004434,0.006101747845194171,0.6455425117272521,0.06412539362710418,0.6
56.14359760284424,0.048452823042497734,0.012593036398073512,0.039255375341396496,0.005348372548125413,0.039255375341396496,0.005348372548125413,0.6441063605689417,0.06411209593119391,0.6
56.153661012649536,0.044934589260184864,0.010617691256798425,0.039255375341396496,0.005348372548125413,0.039255375341396496,0.005348372548125413,0.6441063605689417,0.06411209593119391,0.6
56.197918176651,0.045233466971308124,0.00962803722938952,0.03786222962554035,0.004722310221700887,0.03786222962554035,0.004722310221700887,0.6434082020703619,0.0641056315006515,0.6
56.24361062049866,0.045233466971308124,0.00962803722938952,0.036545027410528085,0.00416274534311971,0.036545027410528085,0.00416274534311971,0.643322153614325,0.06410483475568819,0.6
56.25395369529724,0.04152080593358188,0.008501385428538948,0.036545027410528085,0.00416274534311971,0.036545027410528085,0.00416274534311971,0.643322153614325,0.06410483475568819,0.6
56.298742055892944,0.04150727263665673,0.007995584599345887,0.0352838489824674,0.0035671128796865847,0.0352838489824674,0.0035671128796865847,0.6428348753582123,0.06410032291998345,0.6
56.343660831451416,0.04150727263665673,0.007995584599345887,0.035,0.0030403107690016645,0.035,0.0030403107690016645,0.6423576698577174,0.06409590435053442,0.6
56.35458278656006,0.03827667561748358,0.006967905642645351,0.035,0.0030403107690016645,0.035,0.0030403107690016645,0.6423576698577174,0.06409590435053442,0.6
56.40197396278381,0.03778073797604062,0.0067217256390186275,0.035,0.0025667120712280053,0.035,0.0025667120712280053,0.6424334100277834,0.0640966056484054,0.6
56.443591356277466,0.03778073797604062,0.0067217256390186275,0.035,0.0020598682767060342,0.035,0.0020598682767060342,0.642312735944889,0.06409548829578601,0.5499999999999999
56.44769763946533,0.037576983533293085,0.006714978214707454,0.035,0.0020598682767060342,0.035,0.0020598682767060342,0.642312735944889,0.06409548829578601,0.5499999999999999
56.502010107040405,0.03542271200307291,0.006185338223621327,0.035,0.0015284107309604612,0.035,0.0015284107309604612,0.6409918454956902,0.0640832578286638,0.5499999999999999
56.543574810028076,0.03542271200307291,0.006185338223621327,0.035,0.0010337500162378888,0.035,0.0010337500162378888,0.6387557307942844,0.06406255306291003,0.5499999999999999
56.55411386489868,0.034578697412294586,0.005371431019163665,0.035,0.0010337500162378888,0.035,0.0010337500162378888,0.6387557307942844,0.06406255306291003,0.5499999999999999
56.59820294380188,0.036221636806111,0.005087974151673804,0.035,0.0006810802490794466,0.035,0.0006810802490794466,0.6358237746898916,0.06403540532120269,0.5499999999999999
56.64359498023987,0.036221636806111,0.005087974151673804,0.035,0.0003236016186949797,0.035,0.0003236016186949797,0.6323712104759619,0.06400343713403668,0.5499999999999999
56.650043964385986,0.03528587041886472,0.004729648743123415,0.035,0.0003236016186949797,0.035,0.0003236016186949797,0.6323712104759619,0.06400343713403668,0.5499999999999999
56.70242476463318,0.03454382585725448,0.0038741621243885724,0.035,-5.644787161016573e-05,0.035,5.644787161016573e-05,0.628540190357086,0.06396796472552857,0.5499999999999999
56.743595123291016,0.03454382585725448,0.0038741621243885724,0.035,-0.0002759131289482575,0.035,0.0002759131289482575,0.6244507321624242,0.0639300993718743,0.5499999999999999
56.75382614135742,0.034373975466455216,0.0027790475834617557,0.035,-0.0002759131289482575,0.035,0.0002759131289482575,0.6244507321624242,0.0639300993718743,0.5499999999999999
56.798104763031006,0.036544490860115186,0.0018820813919735921,0.035,-0.00035003623739338074,0.035,0.00035003623739338074,0.620190027620927,0.06389064840389747,0.5499999999999999
56.843536615371704,0.036544490860115186,0.0018820813919735921,0.035,-0.0003730128554215728,0.035,0.0003730128554215728,0.6158114005683236,0.06385010556081781,0.5499999999999999
56.84908676147461,0.03637733782505161,0.001486340795740685,0.035,-0.0003730128554215728,0.035,0.0003730128554215728,0.6158114005683236,0.06385010556081781,0.5499999999999999
56.89864540100098,0.036725931463246035,0.001405750794378583,0.035,-0.0004491484528617473,0.035,0.0004491484528617473,0.611365544518617,0.06380894022702423,0.5499999999999999
56.94360899925232,0.036725931463246035,0.001405750794378583,0.035,-0.0005705369422739804,0.035,0.0005705369422739804,0.6069143181762273,0.06530894022702423,0.5499999999999999
56.949745416641235,0.036597310313991376,0.0015040941697787246,0.035,-0.0005705369422739804,0.035,0.0005705369422739804,0.6069143181762273,0.06530894022702423,0.5499999999999999
56.991727352142334,0.03895818845681184,0.0018559207065661294,0.035,-0.0005705369422739804,0.035,0.0005705369422739804,0.6069143181762273,0.06530894022702423,0.5499999999999999
57.04355311393738,0.03895818845681184,0.0018559207065661294,0.035,-0.00094330751852163,0.035,0.00094330751852163,0.5975772109911446,0.06552190570821034,0.5499999999999999
57.048954010009766,0.036217319434226916,0.002026364357774377,0.035,-0.00094330751852163,0.035,0.00094330751852163,0.5975772109911446,0.06552190570821034,0.5499999999999999
57.0980281829834,0.03609534476268708,0.0018294091583329782,0.035,-0.0012045823064077866,0.035,0.0012045823064077866,0.5936205564480306,0.06546695217288931,0.5499999999999999
57.14356970787048,0.03609534476268708,0.0018294091583329782,0.035,-0.0013564284963508923,0.035,0.0013564284963508923,0.5898437368827631,0.06541449634559393,0.5499999999999999
57.15001058578491,0.035146052498976246,0.0011891159529164358,0.035,-0.0013564284963508923,0.035,0.0013564284963508923,0.5898437368827631,0.06541449634559393,0.5499999999999999
57.19834041595459,0.03521785408628356,0.0005648605718292762,0.035,-0.0013794270928557228,0.035,0.0013794270928557228,0.5862846384239332,0.06536506442255463,0.5499999999999999
57.24121022224426,0.03684037610260623,0.00044534754964038666,0.035,-0.0013502519812958805,0.035,0.0013502519812958805,0.5829740243797354,0.06531908367194077,0.5499999999999999
57.24353790283203,0.03684037610260623,0.00044534754964038666,0.035,-0.0013502519812958805,0.035,0.0013502519812958805,0.5829740243797354,0.06531908367194077,0.5499999999999999
57.29815316200256,0.034553609852977035,-3.427830818633875e-05,0.035,-0.0013911067221030748,0.035,0.0013911067221030748,0.5799290594321672,0.06527679249211343,0.5499999999999999
57.34362006187439,0.034553609852977035,-3.427830818633875e-05,0.035,-0.0013193096425290652,0.035,0.0013193096425290652,0.5776529244966864,0.06524517950689843,0.5499999999999999
57.352198123931885,0.03387167469133362,-0.0007045097652987506,0.035,-0.0013193096425290652,0.035,0.0013193096425290652,0.5776529244966864,0.06524517950689843,0.5499999999999999
57.398857831954956,0.035593857112818615,-0.0007093622467673671,0.035,-0.0011505444509218867,0.035,0.0011505444509218867,0.5763737709162152,0.06522741348494743,0.5499999999999999
57.4436137676239,0.035593857112818615,-0.0007093622467673671,0.035,-0.001111285082842617,0.035,0.001111285082842617,0.5759636053993513,0.06522171674165765,0.5499999999999999
57.451342821121216,0.03537238880694501,-0.00046108546039878867,0.035,-0.001111285082842617,0.035,0.001111285082842617,0.5759636053993513,0.06522171674165765,0.5499999999999999
57.49810314178467,0.036726482778239186,-0.00029970554925921265,0.035,-0.001133498380449538,0.035,0.001133498380449538,0.5763163438550631,0.06522661588687588,0.5499999999999999
57.54358172416687,0.036726482778239186,-0.00029970554925921265,0.035,-0.001156617826814088,0.035,0.001156617826814088,0.5773377975397156,0.06524080274360716,0.5499999999999999
57.550312995910645,0.03617307865914973,-0.00038741087507633196,0.035,-0.001156617826814088,0.035,0.001156617826814088,0.5773377975397156,0.06524080274360716,0.5499999999999999
57.601972579956055,0.035684854465059555,-0.00018693245613110712,0.035,-0.0011279080342307959,0.035,0.0011279080342307959,0.5789504423515365,0.06526320058821579,0.5499999999999999
57.6435821056366,0.035684854465059555,-0.00018693245613110712,0.035,-0.0011689778541189358,0.035,0.0011689778541189358,0.5803940747121381,0.06528325103766859,0.5499999999999999
57.64682865142822,0.03700450892291625,0.0003268495373013861,0.035,-0.0011689778541189358,0.035,0.0011689778541189358,0.5803940747121381,0.06528325103766859,0.5499999999999999
57.702117919921875,0.03522005655268448,0.0007277647339837157,0.035,-0.0012990388296991728,0.035,0.0012990388296991728,0.5804321710331355,0.06528378015323799,0.49999999999999994
57.74358296394348,0.03522005655268448,0.0007277647339837157,0.035,-0.0014763641371193345,0.035,0.0014763641371193345,0.5812368865484094,0.0652949567576168,0.49999999999999994
57.749956369400024,0.03564528943296333,0.001103652978537029,0.035,-0.0014763641371193345,0.035,0.0014763641371193345,0.5812368865484094,0.0652949567576168,0.49999999999999994
57.798067808151245,0.03562639032653587,0.0014140719861111322,0.035,-0.0016665937330584415,0.035,0.0016665937330584415,0.5824526031020565,0.06531184170975078,0.49999999999999994
57.843547105789185,0.03562639032653587,0.0014140719861111322,0.0,0.0,0.0,0.0,0.5824526031020565,0.06531184170975078,0.49999999999999994
57.89371061325073,0.0293743406720929,0.0010067621652654242,0.0,0.0,0.0,0.0,0.5824526031020565,0.06531184170975078,0.49999999999999994
57.943604469299316,0.0293743406720929,0.0010067621652654242,0.0,0.0,0.0,0.0,0.5824526031020565,0.06531184170975078,0.49999999999999994
57.97422385215759,0.033897594272230096,0.0007792908475409408,0.0,0.0,0.0,0.0,0.5824526031020565,0.06531184170975078,0.49999999999999994
57.989163637161255,0.028674535738173815,0.0002821775826170093,0.0,0.0,0.0,0.0,0.5824526031020565,0.06531184170975078,0.49999999999999994
58.04182505607605,0.018065596045824042,0.001106343947349902,0.0,0.0,0.0,0.0,0.5824526031020565,0.06531184170975078,0.49999999999999994
58.043485164642334,0.018065596045824042,0.001106343947349902,0.0,0.0,0.0,0.0,0.5824526031020565,0.06531184170975078,0.49999999999999994
58.121989488601685,0.011115443054483998,0.002119857670617742,0.0,0.0,0.0,0.0,0.5824526031020565,0.06531184170975078,0.49999999999999994
58.139018058776855,0.004233062505586546,0.008857846185471665,0.0,0.0,0.0,0.0,0.5824526031020565,0.06531184170975078,0.49999999999999994
58.143450021743774,0.004233062505586546,0.008857846185471665,0.0,0.0,0.0,0.0,0.5824526031020565,0.06531184170975078,0.49999999999999994
58.20215153694153,0.0025178837737513814,0.006341617157756265,0.0,0.0,0.0,0.0,0.5824526031020565,0.06531184170975078,0.49999999999999994
58.24357032775879,0.0025178837737513814,0.006341617157756265,0.0,0.0,0.0,0.0,0.5824526031020565,0.06531184170975078,0.49999999999999994
58.28585386276245,0.0016366244529383979,0.004122051152541573,0.0,0.0,0.0,0.0,0.5824526031020565,0.06531184170975078,0.49999999999999994
58.28867864608765,0.0010638058944099586,0.0026793332491520227,0.0,0.0,0.0,0.0,0.5824526031020565,0.06531184170975078,0.49999999999999994
58.33955407142639,0.0006914738313664731,0.0017415666119488147,0.0,0.0,0.0,0.0,0.5824526031020565,0.06531184170975078,0.49999999999999994
58.343589067459106,0.0006914738313664731,0.0017415666119488147,0.0,0.0,0.0,0.0,0.5824526031020565,0.06531184170975078,0.49999999999999994
58.3900580406189,0.00044945799038820754,0.0011320182977667295,0.0,0.0,0.0,0.0,0.5824526031020565,0.06531184170975078,0.49999999999999994
58.440855264663696,0.0002921476937523349,0.0007358118935483742,0.0,0.0,0.0,0.0,0.5824526031020565,0.06531184170975078,0.49999999999999994
58.44354581832886,0.0002921476937523349,0.0007358118935483742,0.0,0.0,0.0,0.0,0.5824526031020565,0.06531184170975078,0.49999999999999994
58.514018058776855,0.0001898960009390177,0.0004782777308064433,0.0,0.0,0.0,0.0,0.5824526031020565,0.06531184170975078,0.49999999999999994
58.543572425842285,0.0001898960009390177,0.0004782777308064433,0.0,0.0,0.0,0.0,0.5824526031020565,0.06531184170975078,0.49999999999999994
58.5745325088501,0.00012343240061036151,0.00031088052502418817,0.0,0.0,0.0,0.0,0.5824526031020565,0.06531184170975078,0.49999999999999994
58.588733434677124,8.023106039673499e-05,0.0002020723412657223,0.0,0.0,0.0,0.0,0.5824526031020565,0.06531184170975078,0.49999999999999994
58.6435444355011,8.023106039673499e-05,0.0002020723412657223,0.0,0.0,0.0,0.0,0.5824526031020565,0.06531184170975078,0.49999999999999994
58.657896280288696,5.215018925787774e-05,0.0001313470218227195,0.0,0.0,0.0,0.0,0.5824526031020565,0.06531184170975078,0.49999999999999994
58.7256076335907,3.389762301762053e-05,8.537556418476767e-05,0.0,0.0,0.0,0.0,0.5824526031020565,0.06531184170975078,0.49999999999999994
58.74229955673218,2.2033454961453345e-05,5.549411672009899e-05,0.0,0.0,0.0,0.0,0.5824526031020565,0.06531184170975078,0.49999999999999994
58.74368190765381,2.2033454961453345e-05,5.549411672009899e-05,0.0,0.0,0.0,0.0,0.5824526031020565,0.06531184170975078,0.49999999999999994
58.80235171318054,1.4321745724944675e-05,3.607117586806434e-05,0.0,0.0,0.0,0.0,0.5824526031020565,0.06531184170975078,0.49999999999999994
58.84355282783508,1.4321745724944675e-05,3.607117586806434e-05,0.0,0.0,0.0,0.0,0.5824526031020565,0.06531184170975078,0.49999999999999994
58.885956048965454,9.309134721214038e-06,2.344626431424182e-05,0.0,0.0,0.0,0.0,0.5824526031020565,0.06531184170975078,0.49999999999999994
58.892032861709595,6.0509375687891246e-06,1.5240071804257184e-05,0.0,0.0,0.0,0.0,0.5824526031020565,0.06531184170975078,0.49999999999999994
58.943608045578,6.0509375687891246e-06,1.5240071804257184e-05,0.0,0.0,0.0,0.0,0.5824526031020565,0.06531184170975078,0.49999999999999994
58.97066688537598,3.933109419712931e-06,9.906046672767171e-06,0.0,0.0,0.0,0.0,0.5824526031020565,0.06531184170975078,0.49999999999999994
59.03412103652954,2.556521122813405e-06,6.438930337298661e-06,0.0,0.0,0.0,0.0,0.5824526031020565,0.06531184170975078,0.49999999999999994
59.043633460998535,2.556521122813405e-06,6.438930337298661e-06,0.0,0.0,0.0,0.0,0.5824526031020565,0.06531184170975078,0.49999999999999994
59.04743695259094,1.6617387298287134e-06,4.1853047192441296e-06,0.0,0.0,0.0,0.0,0.5824526031020565,0.06531184170975078,0.49999999999999994
59.114463329315186,1.0801301743886638e-06,2.720448067508684e-06,0.0,0.0,0.0,0.0,0.5824526031020565,0.06531184170975078,0.49999999999999994
59.14358878135681,1.0801301743886638e-06,2.720448067508684e-06,0.0,0.0,0.0,0.0,0.5824526031020565,0.06531184170975078,0.49999999999999994
59.18608546257019,7.020846133526316e-07,1.7682912438806447e-06,0.0,0.0,0.0,0.0,0.5824526031020565,0.06531184170975078,0.49999999999999994
59.19181513786316,4.563549986792105e-07,1.1493893085224191e-06,0.0,0.0,0.0,0.0,0.5824526031020565,0.06531184170975078,0.49999999999999994
